Workbook
Name imp: #REF!
Name imp: #REF!
Name imp: #REF!
Name imp: #REF!
Name imp: #REF!
Name imp: #REF!
Name imp: #REF!
Name imp: #REF!
Name imp: #REF!
Name imp: #REF!
Name imp: #REF!
Name imp: #REF!
Name imp: #REF!
Name imp: #REF!
Name imp: #REF!
Name imp: #REF!
Name imp: #REF!
Name imp: #REF!
Name imp: #REF!
Name imp: #REF!
Name imp: #REF!
Name imp: #REF!
Name imp: #REF!
Name imp: #REF!
Name imp: #REF!
Name impa: #REF!
Name impa: #REF!
Name impa: #REF!
Name impa: #REF!
Name impa: #REF!
Name impa: #REF!
Name impa: #REF!
Name impa: #REF!
Name impa: #REF!
Name impa: #REF!
Name impa: #REF!
Name impa: #REF!
Name impa: #REF!
Name impa: #REF!
Name impa: #REF!
Name impa: #REF!
Name impa: #REF!
Name impa: #REF!
Name impa: #REF!
Name impa: #REF!
Name impa: #REF!
Name impa: #REF!
Name impa: #REF!
Name impa: #REF!
Name impactors: #REF!
Name impactors: #REF!
Name impactors: #REF!
Name impactors: #REF!
Name impactors: #REF!
Name impactors: #REF!
Name impactors: #REF!
Name impactors: #REF!
Name impactors: #REF!
Name impactors: #REF!
Name impactors: #REF!

Sheet DBP
B1: SAME Combined Results | N1: Smoke Generation | V1: Primary Diagnostics | AI1: Secondary Diagnostics Volume
A2: Flight 1=same 2=sameR, g=ground | B2: Carousel | C2: Sample Type | D2: Sample ID | E2: Test ID Number | F2: Position in Carousel | G2: SAME # | H2: Description | I2: GMT | J2: Date (EST) | K2: TEAM Test ID Number | L2: Fan problem | M2: Flat profiles | N2: Inlet Velocity (cm/sec) | O2: Rt/R0 | P2: Duration (sec) | Q2: Primary Aging Duration (sec) | R2: Primary Mixing Duration (sec) | S2: PreAge Thermal Precipitator | T2: PreAge Thermal Precipitator Duration | U2: Net Aging Duration | V2: Primary Aging Therm Precip | W2: Primary Aging Therm Precip Duration | X2: Use STS Detector | Y2: Use Comm Diag A | Z2: Use Comm Diag B | AA2: Diluting A | AB2: Diluting B | AC2: Impactor Inlet on CDA | AD2: Cyclone Inlet on CDA (MPASS) | AE2: Impactor Inlet on CDB | AF2: Use P-Trak | AG2: Aerosol Concentration To P-Trak | AH2: Aerosol Conteration to DustTrak | AI2: Secondary Diagnostics Volume % | AJ2: Secondary Aging Duration (sec) | AK2: Secondary Mixing Duration (sec) | AL2: STSDetector | AM2: Comm Diag A | AN2: Comm Diag B | AO2: Diluting A | AP2: Diluting B | AQ2: Ues PTrak | AR2: Aerosol Concentration To P-Trak | AS2: Aerosol Conteration to DustTrak | AT2: secondary agign thermal precip duration | AU2: Mass Loss | AV2: ISS Obscuration (volts) | AW2: ISS Detector Scatter (volts) | AX2: STS Detector (volts) | AY2: STS Detector offset (volts) | AZ2: Ion A (volts) | BA2: Ion A offset V0 (volts) | BB2: Ion A (volts) Mpass_3rd | BC2: Ion A offset V0 Mpass (volts) | BD2: Ion B (volts) | BE2: Ion B offset V0 (volts) | BF2: Ptrak (PT/cc) | BG2: DustTrak A (mg/m3) Mpass_2nd | BH2: DustTrak A (mg/m3) Mpass_2nd offset | BI2: DustTrak A (mg/m3) | BJ2: DustTrak B (mg/m3) | BK2: Ion B Delta (volts) | BL2: M0 best Diameter | BM2: M1 (mm/cm^3) | BN2: Mpass_3rd offset and dilution corrected | BO2: DustTrak A (mg/m3) Mpass_2nd offset, dilution and Gain corrected | BP2: DustTrak A calibratred and corrected for dilution (mg/m3) | BQ2: DustTrak B calibratred and corrected for dilution (mg/m3) | BR2: M1/M0 (micro-m)--CMD | BS2: Diameter of Average mass (micro-m) | BT2: MPASS 3/2 | BU2: Hatch Choate Sigma g | BV2: Hatch Choate Dg | BW2: CPC 100 nm cal, dilution corrected | BX2: CPC 600 nm cal, dilution corrected | BY2: CPC 1200 nm cal, dilution corrected | BZ2: Ion B Mment (mm/cm^3) | CA2: Ion B X | CB2: Dust Trak Cal Factor (Teom/Dusttrak) | CC2: Dust Trak Dilution factor | CD2: Particle density g/cc
A3: 1 | B3: ='SAME1 Flight Tests 8-27-09'!A21 -> 2 | C3: ='SAME1 Flight Tests 8-27-09'!B21 -> DBP | E3: ='SAME1 Flight Tests 8-27-09'!C21 -> 18 D | F3: ='SAME1 Flight Tests 8-27-09'!D21 -> 6 | G3: ='SAME1 Flight Tests 8-27-09'!E21 -> 18 | H3: ='SAME1 Flight Tests 8-27-09'!F21 -> Repeat | I3: ='SAME1 Flight Tests 8-27-09'!G21 -> 264 | J3: ='SAME1 Flight Tests 8-27-09'!H21 -> 39346 | K3: ='SAME1 Flight Tests 8-27-09'!I21 -> 0 | L3: ='SAME1 Flight Tests 8-27-09'!J21 -> n | ... R3: ='SAME1 Flight Tests 8-27-09'!P21 -> 40 | U3: ='SAME1 Flight Tests 8-27-09'!Q21 -> 49.666667 | AA3: ='SAME1 Flight Tests 8-27-09'!R21 -> y | AB3: ='SAME1 Flight Tests 8-27-09'!S21 -> y | AC3: ='SAME1 Flight Tests 8-27-09'!T21 -> 1 | AE3: ='SAME1 Flight Tests 8-27-09'!U21 -> 10 | AG3: ='SAME1 Flight Tests 8-27-09'!V21 -> 0.13253466 | AH3: ='SAME1 Flight Tests 8-27-09'!W21 -> 0.37471482 | AU3: ='SAME1 Flight Tests 8-27-09'!X21 -> n/a | AV3: ='SAME1 Flight Tests 8-27-09'!Y21 -> 3.2196505 | AW3: ='SAME1 Flight Tests 8-27-09'!Z21 -> 6.241195 | AX3: ='SAME1 Flight Tests 8-27-09'!AA21 -> -0.000701904 | BA3: ='SAME1 Flight Tests 8-27-09'!AC21 -> 4.8455355 | BD3: ='SAME1 Flight Tests 8-27-09'!AB21 -> 5.058533 | BE3: ='SAME1 Flight Tests 8-27-09'!AD21 -> 4.677444 | BF3: ='SAME1 Flight Tests 8-27-09'!AE21 -> 6168 | BI3: ='SAME1 Flight Tests 8-27-09'!AF21 -> 1.7445 | BJ3: ='SAME1 Flight Tests 8-27-09'!AG21 -> 36.6584 | BK3: ='SAME1 Flight Tests 8-27-09'!AH21 -> 0.381089 | BL3: ='SAME1 Flight Tests 8-27-09'!AK21 -> 0 | BM3: ='SAME1 Flight Tests 8-27-09'!AL21 -> 0 | BQ3: ='SAME1 Flight Tests 8-27-09'!AM21 -> 0 | BR3: ='SAME1 Flight Tests 8-27-09'!AP21 -> 0 | BS3: ='SAME1 Flight Tests 8-27-09'!AQ21 -> 0 | BU3: ='SAME1 Flight Tests 8-27-09'!AS21 -> 0 | BV3: ='SAME1 Flight Tests 8-27-09'!AT21 -> 0 | BW3: ='SAME1 Flight Tests 8-27-09'!BB21 -> 64872.066 | BX3: ='SAME1 Flight Tests 8-27-09'!BC21 -> 63801.674 | BY3: ='SAME1 Flight Tests 8-27-09'!BD21 -> 60736.259 | CA3: ='SAME1 Flight Tests 8-27-09'!BG21 -> 0 | CB3: ='SAME1 Flight Tests 8-27-09'!BF21 -> 0 | CD3: ='SAME1 Flight Tests 8-27-09'!BE21 -> 0
A4: 1 | B4: ='SAME1 Flight Tests 8-27-09'!A22 -> 2 | C4: ='SAME1 Flight Tests 8-27-09'!B22 -> DBP | E4: ='SAME1 Flight Tests 8-27-09'!C22 -> 19 D | F4: ='SAME1 Flight Tests 8-27-09'!D22 -> 6 | G4: ='SAME1 Flight Tests 8-27-09'!E22 -> 19 | H4: ='SAME1 Flight Tests 8-27-09'!F22 -> Repeat | I4: ='SAME1 Flight Tests 8-27-09'!G22 -> 264 | J4: ='SAME1 Flight Tests 8-27-09'!H22 -> 39346 | K4: ='SAME1 Flight Tests 8-27-09'!I22 -> 0 | L4: ='SAME1 Flight Tests 8-27-09'!J22 -> n | ... R4: ='SAME1 Flight Tests 8-27-09'!P22 -> 20 | U4: ='SAME1 Flight Tests 8-27-09'!Q22 -> 94 | AA4: ='SAME1 Flight Tests 8-27-09'!R22 -> y | AB4: ='SAME1 Flight Tests 8-27-09'!S22 -> y | AC4: ='SAME1 Flight Tests 8-27-09'!T22 -> 1 | AE4: ='SAME1 Flight Tests 8-27-09'!U22 -> 10 | AG4: ='SAME1 Flight Tests 8-27-09'!V22 -> 0.13253466 | AH4: ='SAME1 Flight Tests 8-27-09'!W22 -> 0.37581528 | AU4: ='SAME1 Flight Tests 8-27-09'!X22 -> n/a | AV4: ='SAME1 Flight Tests 8-27-09'!Y22 -> 3.1876515 | AW4: ='SAME1 Flight Tests 8-27-09'!Z22 -> 6.2453005 | AX4: ='SAME1 Flight Tests 8-27-09'!AA22 -> -0.00073242175 | BA4: ='SAME1 Flight Tests 8-27-09'!AC22 -> 4.859603 | BD4: ='SAME1 Flight Tests 8-27-09'!AB22 -> 5.003586 | BE4: ='SAME1 Flight Tests 8-27-09'!AD22 -> 4.670167 | BF4: ='SAME1 Flight Tests 8-27-09'!AE22 -> 2106.5 | BI4: ='SAME1 Flight Tests 8-27-09'!AF22 -> 0.40955 | BJ4: ='SAME1 Flight Tests 8-27-09'!AG22 -> 40.71575 | BK4: ='SAME1 Flight Tests 8-27-09'!AH22 -> 0.333419 | BL4: ='SAME1 Flight Tests 8-27-09'!AK22 -> 0 | BM4: ='SAME1 Flight Tests 8-27-09'!AL22 -> 0 | BQ4: ='SAME1 Flight Tests 8-27-09'!AM22 -> 0 | BR4: ='SAME1 Flight Tests 8-27-09'!AP22 -> 0 | BS4: ='SAME1 Flight Tests 8-27-09'!AQ22 -> 0 | BU4: ='SAME1 Flight Tests 8-27-09'!AS22 -> 0 | BV4: ='SAME1 Flight Tests 8-27-09'!AT22 -> 0 | BW4: ='SAME1 Flight Tests 8-27-09'!BB22 -> 22026.05 | BX4: ='SAME1 Flight Tests 8-27-09'!BC22 -> 21660.489 | BY4: ='SAME1 Flight Tests 8-27-09'!BD22 -> 20678.139 | CA4: ='SAME1 Flight Tests 8-27-09'!BG22 -> 0 | CB4: ='SAME1 Flight Tests 8-27-09'!BF22 -> 0 | CD4: ='SAME1 Flight Tests 8-27-09'!BE22 -> 0
A5: 1 | B5: ='SAME1 Flight Tests 8-27-09'!A25 -> 2 | C5: ='SAME1 Flight Tests 8-27-09'!B25 -> DBP | E5: ='SAME1 Flight Tests 8-27-09'!C25 -> 22 D | F5: ='SAME1 Flight Tests 8-27-09'!D25 -> 6 | G5: ='SAME1 Flight Tests 8-27-09'!E25 -> 22 | H5: ='SAME1 Flight Tests 8-27-09'!F25 -> Repeat | I5: ='SAME1 Flight Tests 8-27-09'!G25 -> 264 | J5: ='SAME1 Flight Tests 8-27-09'!H25 -> 39346 | K5: ='SAME1 Flight Tests 8-27-09'!I25 -> 0 | L5: ='SAME1 Flight Tests 8-27-09'!J25 -> n | ... R5: ='SAME1 Flight Tests 8-27-09'!P25 -> 40 | U5: ='SAME1 Flight Tests 8-27-09'!Q25 -> 41 | AA5: ='SAME1 Flight Tests 8-27-09'!R25 -> y | AB5: ='SAME1 Flight Tests 8-27-09'!S25 -> y | AC5: ='SAME1 Flight Tests 8-27-09'!T25 -> 1 | AE5: ='SAME1 Flight Tests 8-27-09'!U25 -> 10 | AG5: ='SAME1 Flight Tests 8-27-09'!V25 -> 0.13253466 | AH5: ='SAME1 Flight Tests 8-27-09'!W25 -> 0.377121 | AU5: ='SAME1 Flight Tests 8-27-09'!X25 -> 14.56 | AV5: ='SAME1 Flight Tests 8-27-09'!Y25 -> 3.2622525 | AW5: ='SAME1 Flight Tests 8-27-09'!Z25 -> 6.2579045 | AX5: ='SAME1 Flight Tests 8-27-09'!AA25 -> -0.00068664535 | BA5: ='SAME1 Flight Tests 8-27-09'!AC25 -> 4.8670553 | BD5: ='SAME1 Flight Tests 8-27-09'!AB25 -> 4.9152215 | BE5: ='SAME1 Flight Tests 8-27-09'!AD25 -> 4.6375326 | BF5: ='SAME1 Flight Tests 8-27-09'!AE25 -> 1106 | BI5: ='SAME1 Flight Tests 8-27-09'!AF25 -> 0.05455 | BJ5: ='SAME1 Flight Tests 8-27-09'!AG25 -> 29.29695 | BK5: ='SAME1 Flight Tests 8-27-09'!AH25 -> 0.27768887 | BL5: ='SAME1 Flight Tests 8-27-09'!AK25 -> 0 | BM5: ='SAME1 Flight Tests 8-27-09'!AL25 -> 0 | BQ5: ='SAME1 Flight Tests 8-27-09'!AM25 -> 0 | BR5: ='SAME1 Flight Tests 8-27-09'!AP25 -> 0 | BS5: ='SAME1 Flight Tests 8-27-09'!AQ25 -> 0 | BU5: ='SAME1 Flight Tests 8-27-09'!AS25 -> 0 | BV5: ='SAME1 Flight Tests 8-27-09'!AT25 -> 0 | BW5: ='SAME1 Flight Tests 8-27-09'!BB25 -> 11547.893 | BX5: ='SAME1 Flight Tests 8-27-09'!BC25 -> 11355.958 | BY5: ='SAME1 Flight Tests 8-27-09'!BD25 -> 10848.533 | CA5: ='SAME1 Flight Tests 8-27-09'!BG25 -> 0 | CB5: ='SAME1 Flight Tests 8-27-09'!BF25 -> 0 | CD5: ='SAME1 Flight Tests 8-27-09'!BE25 -> 0
A6: 1 | B6: ='SAME1 Flight Tests 8-27-09'!A44 -> 5 | C6: ='SAME1 Flight Tests 8-27-09'!B44 -> DBP | E6: ='SAME1 Flight Tests 8-27-09'!C44 -> 36 D | F6: ='SAME1 Flight Tests 8-27-09'!D44 -> 6 | G6: ='SAME1 Flight Tests 8-27-09'!E44 -> 36 | H6: ='SAME1 Flight Tests 8-27-09'!F44 -> baseline | I6: ='SAME1 Flight Tests 8-27-09'!G44 -> 276 | J6: ='SAME1 Flight Tests 8-27-09'!H44 -> 39358 | K6: ='SAME1 Flight Tests 8-27-09'!I44 -> 0 | L6: ='SAME1 Flight Tests 8-27-09'!J44 -> n | ... R6: ='SAME1 Flight Tests 8-27-09'!P44 -> 8 | U6: ='SAME1 Flight Tests 8-27-09'!Q44 -> 50 | AA6: ='SAME1 Flight Tests 8-27-09'!R44 -> y | AB6: ='SAME1 Flight Tests 8-27-09'!S44 -> y | AC6: ='SAME1 Flight Tests 8-27-09'!T44 -> 1 | AE6: ='SAME1 Flight Tests 8-27-09'!U44 -> 10 | AG6: ='SAME1 Flight Tests 8-27-09'!V44 -> 0.13253466 | AH6: ='SAME1 Flight Tests 8-27-09'!W44 -> 0.3703441 | AU6: ='SAME1 Flight Tests 8-27-09'!X44 -> n/a | AV6: ='SAME1 Flight Tests 8-27-09'!Y44 -> 3.0152895 | AW6: ='SAME1 Flight Tests 8-27-09'!Z44 -> 6.2431795 | AX6: ='SAME1 Flight Tests 8-27-09'!AA44 -> -0.0006713866 | BA6: ='SAME1 Flight Tests 8-27-09'!AC44 -> 4.8207255 | BD6: ='SAME1 Flight Tests 8-27-09'!AB44 -> 5.415131 | BE6: ='SAME1 Flight Tests 8-27-09'!AD44 -> 4.6674955 | BF6: ='SAME1 Flight Tests 8-27-09'!AE44 -> 10465 | BI6: ='SAME1 Flight Tests 8-27-09'!AF44 -> 1.82625 | BJ6: ='SAME1 Flight Tests 8-27-09'!AG44 -> 84.9141 | BK6: ='SAME1 Flight Tests 8-27-09'!AH44 -> 0.7476355 | BL6: ='SAME1 Flight Tests 8-27-09'!AK44 -> 0 | BM6: ='SAME1 Flight Tests 8-27-09'!AL44 -> 0 | BQ6: ='SAME1 Flight Tests 8-27-09'!AM44 -> 0 | BR6: ='SAME1 Flight Tests 8-27-09'!AP44 -> 0 | BS6: ='SAME1 Flight Tests 8-27-09'!AQ44 -> 0 | BU6: ='SAME1 Flight Tests 8-27-09'!AS44 -> 0 | BV6: ='SAME1 Flight Tests 8-27-09'!AT44 -> 0 | BW6: ='SAME1 Flight Tests 8-27-09'!BB44 -> 110744.44 | BX6: ='SAME1 Flight Tests 8-27-09'!BC44 -> 108928.35 | BY6: ='SAME1 Flight Tests 8-27-09'!BD44 -> 103388.09 | CA6: ='SAME1 Flight Tests 8-27-09'!BG44 -> 0 | CB6: ='SAME1 Flight Tests 8-27-09'!BF44 -> 0 | CD6: ='SAME1 Flight Tests 8-27-09'!BE44 -> 0
A7: 1 | B7: ='SAME1 Flight Tests 8-27-09'!A45 -> 5 | C7: ='SAME1 Flight Tests 8-27-09'!B45 -> DBP | E7: ='SAME1 Flight Tests 8-27-09'!C45 -> 36 D a | F7: ='SAME1 Flight Tests 8-27-09'!D45 -> 6 | G7: ='SAME1 Flight Tests 8-27-09'!E45 -> 36a | H7: ='SAME1 Flight Tests 8-27-09'!F45 -> Aging | I7: ='SAME1 Flight Tests 8-27-09'!G45 -> 0 | J7: ='SAME1 Flight Tests 8-27-09'!H45 -> 0 | K7: ='SAME1 Flight Tests 8-27-09'!I45 -> 0 | L7: ='SAME1 Flight Tests 8-27-09'!J45 -> n | ... R7: ='SAME1 Flight Tests 8-27-09'!P45 -> 8 | U7: ='SAME1 Flight Tests 8-27-09'!Q45 -> 869 | AA7: ='SAME1 Flight Tests 8-27-09'!R45 -> y | AB7: ='SAME1 Flight Tests 8-27-09'!S45 -> y | AC7: ='SAME1 Flight Tests 8-27-09'!T45 -> 1 | AE7: ='SAME1 Flight Tests 8-27-09'!U45 -> 10 | AG7: ='SAME1 Flight Tests 8-27-09'!V45 -> 0.13253466 | AH7: ='SAME1 Flight Tests 8-27-09'!W45 -> 0.37495252 | AU7: ='SAME1 Flight Tests 8-27-09'!X45 -> n/a | AV7: ='SAME1 Flight Tests 8-27-09'!Y45 -> 3.0097505 | AW7: ='SAME1 Flight Tests 8-27-09'!Z45 -> 6.245758 | AX7: ='SAME1 Flight Tests 8-27-09'!AA45 -> -0.000671386 | BA7: ='SAME1 Flight Tests 8-27-09'!AC45 -> 4.8875265 | BD7: ='SAME1 Flight Tests 8-27-09'!AB45 -> 5.3468635 | BE7: ='SAME1 Flight Tests 8-27-09'!AD45 -> 4.7010045 | BF7: ='SAME1 Flight Tests 8-27-09'!AE45 -> 9022 | BI7: ='SAME1 Flight Tests 8-27-09'!AF45 -> 1.54625 | BJ7: ='SAME1 Flight Tests 8-27-09'!AG45 -> 77.79665 | BK7: ='SAME1 Flight Tests 8-27-09'!AH45 -> 0.645859 | BL7: ='SAME1 Flight Tests 8-27-09'!AK45 -> 0 | BM7: ='SAME1 Flight Tests 8-27-09'!AL45 -> 0 | BQ7: ='SAME1 Flight Tests 8-27-09'!AM45 -> 0 | BR7: ='SAME1 Flight Tests 8-27-09'!AP45 -> 0 | BS7: ='SAME1 Flight Tests 8-27-09'!AQ45 -> 0 | BU7: ='SAME1 Flight Tests 8-27-09'!AS45 -> 0 | BV7: ='SAME1 Flight Tests 8-27-09'!AT45 -> 0 | BW7: ='SAME1 Flight Tests 8-27-09'!BB45 -> 95277.629 | BX7: ='SAME1 Flight Tests 8-27-09'!BC45 -> 93711.955 | BY7: ='SAME1 Flight Tests 8-27-09'!BD45 -> 89033.859 | CA7: ='SAME1 Flight Tests 8-27-09'!BG45 -> 0 | CB7: ='SAME1 Flight Tests 8-27-09'!BF45 -> 0 | CD7: ='SAME1 Flight Tests 8-27-09'!BE45 -> 0
A8: 1 | B8: ='SAME1 Flight Tests 8-27-09'!A46 -> 5 | C8: ='SAME1 Flight Tests 8-27-09'!B46 -> DBP | E8: ='SAME1 Flight Tests 8-27-09'!C46 -> 37 D | F8: ='SAME1 Flight Tests 8-27-09'!D46 -> 6 | G8: ='SAME1 Flight Tests 8-27-09'!E46 -> 37 | H8: ='SAME1 Flight Tests 8-27-09'!F46 -> baseline repeat | I8: ='SAME1 Flight Tests 8-27-09'!G46 -> 276 | J8: ='SAME1 Flight Tests 8-27-09'!H46 -> 39358 | K8: ='SAME1 Flight Tests 8-27-09'!I46 -> 0 | L8: ='SAME1 Flight Tests 8-27-09'!J46 -> n | ... R8: ='SAME1 Flight Tests 8-27-09'!P46 -> 8 | U8: ='SAME1 Flight Tests 8-27-09'!Q46 -> 39 | AA8: ='SAME1 Flight Tests 8-27-09'!R46 -> y | AB8: ='SAME1 Flight Tests 8-27-09'!S46 -> y | AC8: ='SAME1 Flight Tests 8-27-09'!T46 -> 1 | AE8: ='SAME1 Flight Tests 8-27-09'!U46 -> 10 | AG8: ='SAME1 Flight Tests 8-27-09'!V46 -> 0.13253466 | AH8: ='SAME1 Flight Tests 8-27-09'!W46 -> 0 | AU8: ='SAME1 Flight Tests 8-27-09'!X46 -> n/a | AV8: ='SAME1 Flight Tests 8-27-09'!Y46 -> 2.90506 | AW8: ='SAME1 Flight Tests 8-27-09'!Z46 -> 6.246857 | AX8: ='SAME1 Flight Tests 8-27-09'!AA46 -> 5.133179 | BA8: ='SAME1 Flight Tests 8-27-09'!AC46 -> 4.928528 | BD8: ='SAME1 Flight Tests 8-27-09'!AB46 -> 5.3823695 | BE8: ='SAME1 Flight Tests 8-27-09'!AD46 -> 4.699021 | BF8: ='SAME1 Flight Tests 8-27-09'!AE46 -> 5336 | BI8: ='SAME1 Flight Tests 8-27-09'!AF46 -> 0.13735 | BJ8: ='SAME1 Flight Tests 8-27-09'!AG46 -> 95.78285 | BK8: ='SAME1 Flight Tests 8-27-09'!AH46 -> 0.6833485 | BL8: ='SAME1 Flight Tests 8-27-09'!AK46 -> 0 | BM8: ='SAME1 Flight Tests 8-27-09'!AL46 -> 0 | BQ8: ='SAME1 Flight Tests 8-27-09'!AM46 -> 0 | BR8: ='SAME1 Flight Tests 8-27-09'!AP46 -> 0 | BS8: ='SAME1 Flight Tests 8-27-09'!AQ46 -> 0 | BU8: ='SAME1 Flight Tests 8-27-09'!AS46 -> 0 | BV8: ='SAME1 Flight Tests 8-27-09'!AT46 -> 0 | BW8: ='SAME1 Flight Tests 8-27-09'!BB46 -> 56054.495 | BX8: ='SAME1 Flight Tests 8-27-09'!BC46 -> 55128.488 | BY8: ='SAME1 Flight Tests 8-27-09'!BD46 -> 52510.063 | CA8: ='SAME1 Flight Tests 8-27-09'!BG46 -> 0 | CB8: ='SAME1 Flight Tests 8-27-09'!BF46 -> 0 | CD8: ='SAME1 Flight Tests 8-27-09'!BE46 -> 0
A9: 1 | B9: ='SAME1 Flight Tests 8-27-09'!A47 -> 5 | C9: ='SAME1 Flight Tests 8-27-09'!B47 -> DBP | E9: ='SAME1 Flight Tests 8-27-09'!C47 -> 38 D | F9: ='SAME1 Flight Tests 8-27-09'!D47 -> 6 | G9: ='SAME1 Flight Tests 8-27-09'!E47 -> 38 | H9: ='SAME1 Flight Tests 8-27-09'!F47 -> low flow aging | I9: ='SAME1 Flight Tests 8-27-09'!G47 -> 276 | J9: ='SAME1 Flight Tests 8-27-09'!H47 -> 39358 | K9: ='SAME1 Flight Tests 8-27-09'!I47 -> 0 | L9: ='SAME1 Flight Tests 8-27-09'!J47 -> n | ... R9: ='SAME1 Flight Tests 8-27-09'!P47 -> 8 | U9: ='SAME1 Flight Tests 8-27-09'!Q47 -> 49 | AA9: ='SAME1 Flight Tests 8-27-09'!R47 -> y | AB9: ='SAME1 Flight Tests 8-27-09'!S47 -> y | AC9: ='SAME1 Flight Tests 8-27-09'!T47 -> 1 | AE9: ='SAME1 Flight Tests 8-27-09'!U47 -> 10 | AG9: ='SAME1 Flight Tests 8-27-09'!V47 -> 0.13253466 | AH9: ='SAME1 Flight Tests 8-27-09'!W47 -> 0.37128115 | AU9: ='SAME1 Flight Tests 8-27-09'!X47 -> n/a | AV9: ='SAME1 Flight Tests 8-27-09'!Y47 -> 3.1960584 | AW9: ='SAME1 Flight Tests 8-27-09'!Z47 -> 6.2530374 | AX9: ='SAME1 Flight Tests 8-27-09'!AA47 -> -0.00067459884 | BA9: ='SAME1 Flight Tests 8-27-09'!AC47 -> 4.845245 | BD9: ='SAME1 Flight Tests 8-27-09'!AB47 -> 4.9743642 | BE9: ='SAME1 Flight Tests 8-27-09'!AD47 -> 4.663254 | BF9: ='SAME1 Flight Tests 8-27-09'!AE47 -> 1221.1 | BI9: ='SAME1 Flight Tests 8-27-09'!AF47 -> 0.012947368 | BJ9: ='SAME1 Flight Tests 8-27-09'!AG47 -> 42.715737 | BK9: ='SAME1 Flight Tests 8-27-09'!AH47 -> 0.31111021 | BL9: ='SAME1 Flight Tests 8-27-09'!AK47 -> 0 | BM9: ='SAME1 Flight Tests 8-27-09'!AL47 -> 0 | BQ9: ='SAME1 Flight Tests 8-27-09'!AM47 -> 0 | BR9: ='SAME1 Flight Tests 8-27-09'!AP47 -> 0 | BS9: ='SAME1 Flight Tests 8-27-09'!AQ47 -> 0 | BU9: ='SAME1 Flight Tests 8-27-09'!AS47 -> 0 | BV9: ='SAME1 Flight Tests 8-27-09'!AT47 -> 0 | BW9: ='SAME1 Flight Tests 8-27-09'!BB47 -> 12751.788 | BX9: ='SAME1 Flight Tests 8-27-09'!BC47 -> 12539.879 | BY9: ='SAME1 Flight Tests 8-27-09'!BD47 -> 11978.586 | CA9: ='SAME1 Flight Tests 8-27-09'!BG47 -> 0 | CB9: ='SAME1 Flight Tests 8-27-09'!BF47 -> 0 | CD9: ='SAME1 Flight Tests 8-27-09'!BE47 -> 0
A10: 1 | B10: ='SAME1 Flight Tests 8-27-09'!A48 -> 5 | C10: ='SAME1 Flight Tests 8-27-09'!B48 -> DBP | E10: ='SAME1 Flight Tests 8-27-09'!C48 -> 38 D a | F10: ='SAME1 Flight Tests 8-27-09'!D48 -> 6 | G10: ='SAME1 Flight Tests 8-27-09'!E48 -> 38a | H10: ='SAME1 Flight Tests 8-27-09'!F48 -> Aging | I10: ='SAME1 Flight Tests 8-27-09'!G48 -> 276 | J10: ='SAME1 Flight Tests 8-27-09'!H48 -> 39358 | K10: ='SAME1 Flight Tests 8-27-09'!I48 -> 0 | L10: ='SAME1 Flight Tests 8-27-09'!J48 -> n | ... R10: ='SAME1 Flight Tests 8-27-09'!P48 -> 8 | U10: ='SAME1 Flight Tests 8-27-09'!Q48 -> 859 | AA10: ='SAME1 Flight Tests 8-27-09'!R48 -> y | AB10: ='SAME1 Flight Tests 8-27-09'!S48 -> y | AC10: ='SAME1 Flight Tests 8-27-09'!T48 -> 1 | AE10: ='SAME1 Flight Tests 8-27-09'!U48 -> 10 | AG10: ='SAME1 Flight Tests 8-27-09'!V48 -> 0.13253466 | AH10: ='SAME1 Flight Tests 8-27-09'!W48 -> 0.31509757 | AU10: ='SAME1 Flight Tests 8-27-09'!X48 -> n/a | AV10: ='SAME1 Flight Tests 8-27-09'!Y48 -> 3.2435455 | AW10: ='SAME1 Flight Tests 8-27-09'!Z48 -> 6.256577 | AX10: ='SAME1 Flight Tests 8-27-09'!AA48 -> -0.0005798338 | BA10: ='SAME1 Flight Tests 8-27-09'!AC48 -> 4.8681945 | BD10: ='SAME1 Flight Tests 8-27-09'!AB48 -> 4.9144435 | BE10: ='SAME1 Flight Tests 8-27-09'!AD48 -> 4.6818555 | BF10: ='SAME1 Flight Tests 8-27-09'!AE48 -> 973.2 | BI10: ='SAME1 Flight Tests 8-27-09'!AF48 -> 0.01215 | BJ10: ='SAME1 Flight Tests 8-27-09'!AG48 -> 29.3572 | BK10: ='SAME1 Flight Tests 8-27-09'!AH48 -> 0.232588 | BL10: ='SAME1 Flight Tests 8-27-09'!AK48 -> 0 | BM10: ='SAME1 Flight Tests 8-27-09'!AL48 -> 0 | BQ10: ='SAME1 Flight Tests 8-27-09'!AM48 -> 0 | BR10: ='SAME1 Flight Tests 8-27-09'!AP48 -> 0 | BS10: ='SAME1 Flight Tests 8-27-09'!AQ48 -> 0 | BU10: ='SAME1 Flight Tests 8-27-09'!AS48 -> 0 | BV10: ='SAME1 Flight Tests 8-27-09'!AT48 -> 0 | BW10: ='SAME1 Flight Tests 8-27-09'!BB48 -> 10159.36 | BX10: ='SAME1 Flight Tests 8-27-09'!BC48 -> 9990.4716 | BY10: ='SAME1 Flight Tests 8-27-09'!BD48 -> 9544.9492 | CA10: ='SAME1 Flight Tests 8-27-09'!BG48 -> 0 | CB10: ='SAME1 Flight Tests 8-27-09'!BF48 -> 0 | CD10: ='SAME1 Flight Tests 8-27-09'!BE48 -> 0
A11: 1 | B11: ='SAME1 Flight Tests 8-27-09'!A49 -> 5 | C11: ='SAME1 Flight Tests 8-27-09'!B49 -> DBP | E11: ='SAME1 Flight Tests 8-27-09'!C49 -> 39 D | F11: ='SAME1 Flight Tests 8-27-09'!D49 -> 6 | G11: ='SAME1 Flight Tests 8-27-09'!E49 -> 39 | H11: ='SAME1 Flight Tests 8-27-09'!F49 -> baseline repeat | I11: ='SAME1 Flight Tests 8-27-09'!G49 -> 276 | J11: ='SAME1 Flight Tests 8-27-09'!H49 -> 39358 | K11: ='SAME1 Flight Tests 8-27-09'!I49 -> 0 | L11: ='SAME1 Flight Tests 8-27-09'!J49 -> n | ... R11: ='SAME1 Flight Tests 8-27-09'!P49 -> 8 | U11: ='SAME1 Flight Tests 8-27-09'!Q49 -> 58 | AA11: ='SAME1 Flight Tests 8-27-09'!R49 -> y | AB11: ='SAME1 Flight Tests 8-27-09'!S49 -> y | AC11: ='SAME1 Flight Tests 8-27-09'!T49 -> 1 | AE11: ='SAME1 Flight Tests 8-27-09'!U49 -> 10 | AG11: ='SAME1 Flight Tests 8-27-09'!V49 -> 0.13253466 | AH11: ='SAME1 Flight Tests 8-27-09'!W49 -> 0.36986684 | AU11: ='SAME1 Flight Tests 8-27-09'!X49 -> n/a | AV11: ='SAME1 Flight Tests 8-27-09'!Y49 -> 3.028138 | AW11: ='SAME1 Flight Tests 8-27-09'!Z49 -> 6.235765 | AX11: ='SAME1 Flight Tests 8-27-09'!AA49 -> -0.0005645753 | BA11: ='SAME1 Flight Tests 8-27-09'!AC49 -> 4.8626705 | BD11: ='SAME1 Flight Tests 8-27-09'!AB49 -> 5.2797085 | BE11: ='SAME1 Flight Tests 8-27-09'!AD49 -> 4.6674345 | BF11: ='SAME1 Flight Tests 8-27-09'!AE49 -> 4181 | BI11: ='SAME1 Flight Tests 8-27-09'!AF49 -> 0.05735 | BJ11: ='SAME1 Flight Tests 8-27-09'!AG49 -> 73.8926 | BK11: ='SAME1 Flight Tests 8-27-09'!AH49 -> 0.612274 | BL11: ='SAME1 Flight Tests 8-27-09'!AK49 -> 0 | BM11: ='SAME1 Flight Tests 8-27-09'!AL49 -> 0 | BQ11: ='SAME1 Flight Tests 8-27-09'!AM49 -> 0 | BR11: ='SAME1 Flight Tests 8-27-09'!AP49 -> 0 | BS11: ='SAME1 Flight Tests 8-27-09'!AQ49 -> 0 | BU11: ='SAME1 Flight Tests 8-27-09'!AS49 -> 0 | BV11: ='SAME1 Flight Tests 8-27-09'!AT49 -> 0 | BW11: ='SAME1 Flight Tests 8-27-09'!BB49 -> 43848.387 | BX11: ='SAME1 Flight Tests 8-27-09'!BC49 -> 43122.819 | BY11: ='SAME1 Flight Tests 8-27-09'!BD49 -> 41107.599 | CA11: ='SAME1 Flight Tests 8-27-09'!BG49 -> 0 | CB11: ='SAME1 Flight Tests 8-27-09'!BF49 -> 0 | CD11: ='SAME1 Flight Tests 8-27-09'!BE49 -> 0
A12: 1 | B12: ='SAME1 Flight Tests 8-27-09'!A50 -> 5 | C12: ='SAME1 Flight Tests 8-27-09'!B50 -> DBP | E12: ='SAME1 Flight Tests 8-27-09'!C50 -> 39 D a | F12: ='SAME1 Flight Tests 8-27-09'!D50 -> 6 | G12: ='SAME1 Flight Tests 8-27-09'!E50 -> 39a | H12: ='SAME1 Flight Tests 8-27-09'!F50 -> Aging | I12: ='SAME1 Flight Tests 8-27-09'!G50 -> 276 | J12: ='SAME1 Flight Tests 8-27-09'!H50 -> 39358 | K12: ='SAME1 Flight Tests 8-27-09'!I50 -> 0 | L12: ='SAME1 Flight Tests 8-27-09'!J50 -> n | ... R12: ='SAME1 Flight Tests 8-27-09'!P50 -> 8 | U12: ='SAME1 Flight Tests 8-27-09'!Q50 -> 883 | AA12: ='SAME1 Flight Tests 8-27-09'!R50 -> y | AB12: ='SAME1 Flight Tests 8-27-09'!S50 -> y | AC12: ='SAME1 Flight Tests 8-27-09'!T50 -> 1 | AE12: ='SAME1 Flight Tests 8-27-09'!U50 -> 10 | AG12: ='SAME1 Flight Tests 8-27-09'!V50 -> 0.13253466 | AH12: ='SAME1 Flight Tests 8-27-09'!W50 -> 0.33978426 | AU12: ='SAME1 Flight Tests 8-27-09'!X50 -> n/a | AV12: ='SAME1 Flight Tests 8-27-09'!Y50 -> 3.02681 | AW12: ='SAME1 Flight Tests 8-27-09'!Z50 -> 6.2445835 | AX12: ='SAME1 Flight Tests 8-27-09'!AA50 -> -0.00054931635 | BA12: ='SAME1 Flight Tests 8-27-09'!AC50 -> 4.8774255 | BD12: ='SAME1 Flight Tests 8-27-09'!AB50 -> 5.206115 | BE12: ='SAME1 Flight Tests 8-27-09'!AD50 -> 4.6884005 | BF12: ='SAME1 Flight Tests 8-27-09'!AE50 -> 3788 | BI12: ='SAME1 Flight Tests 8-27-09'!AF50 -> 0.06115 | BJ12: ='SAME1 Flight Tests 8-27-09'!AG50 -> 64.9308 | BK12: ='SAME1 Flight Tests 8-27-09'!AH50 -> 0.5177145 | BL12: ='SAME1 Flight Tests 8-27-09'!AK50 -> 0 | BM12: ='SAME1 Flight Tests 8-27-09'!AL50 -> 0 | BQ12: ='SAME1 Flight Tests 8-27-09'!AM50 -> 0 | BR12: ='SAME1 Flight Tests 8-27-09'!AP50 -> 0 | BS12: ='SAME1 Flight Tests 8-27-09'!AQ50 -> 0 | BU12: ='SAME1 Flight Tests 8-27-09'!AS50 -> 0 | BV12: ='SAME1 Flight Tests 8-27-09'!AT50 -> 0 | BW12: ='SAME1 Flight Tests 8-27-09'!BB50 -> 39704.321 | BX12: ='SAME1 Flight Tests 8-27-09'!BC50 -> 39046.953 | BY12: ='SAME1 Flight Tests 8-27-09'!BD50 -> 37232.39 | CA12: ='SAME1 Flight Tests 8-27-09'!BG50 -> 0 | CB12: ='SAME1 Flight Tests 8-27-09'!BF50 -> 0 | CD12: ='SAME1 Flight Tests 8-27-09'!BE50 -> 0
A13: 1 | B13: ='SAME1 Flight Tests 8-27-09'!A51 -> 5 | C13: ='SAME1 Flight Tests 8-27-09'!B51 -> DBP | E13: ='SAME1 Flight Tests 8-27-09'!C51 -> 40 D | F13: ='SAME1 Flight Tests 8-27-09'!D51 -> 6 | G13: ='SAME1 Flight Tests 8-27-09'!E51 -> 40 | H13: ='SAME1 Flight Tests 8-27-09'!F51 -> low flow aging | I13: ='SAME1 Flight Tests 8-27-09'!G51 -> 276 | J13: ='SAME1 Flight Tests 8-27-09'!H51 -> 39358 | K13: ='SAME1 Flight Tests 8-27-09'!I51 -> 0 | L13: ='SAME1 Flight Tests 8-27-09'!J51 -> n | ... R13: ='SAME1 Flight Tests 8-27-09'!P51 -> 8 | U13: ='SAME1 Flight Tests 8-27-09'!Q51 -> 44 | AA13: ='SAME1 Flight Tests 8-27-09'!R51 -> y | AB13: ='SAME1 Flight Tests 8-27-09'!S51 -> y | AC13: ='SAME1 Flight Tests 8-27-09'!T51 -> 1 | AE13: ='SAME1 Flight Tests 8-27-09'!U51 -> 10 | AG13: ='SAME1 Flight Tests 8-27-09'!V51 -> 0.13253466 | AH13: ='SAME1 Flight Tests 8-27-09'!W51 -> 0.37159331 | AU13: ='SAME1 Flight Tests 8-27-09'!X51 -> 13.28 | AV13: ='SAME1 Flight Tests 8-27-09'!Y51 -> 3.272279 | AW13: ='SAME1 Flight Tests 8-27-09'!Z51 -> 6.254395 | AX13: ='SAME1 Flight Tests 8-27-09'!AA51 -> -0.00061035165 | BA13: ='SAME1 Flight Tests 8-27-09'!AC51 -> 4.8564145 | BD13: ='SAME1 Flight Tests 8-27-09'!AB51 -> 4.8485715 | BE13: ='SAME1 Flight Tests 8-27-09'!AD51 -> 4.67064 | BF13: ='SAME1 Flight Tests 8-27-09'!AE51 -> 580.65 | BI13: ='SAME1 Flight Tests 8-27-09'!AF51 -> 0.01575 | BJ13: ='SAME1 Flight Tests 8-27-09'!AG51 -> 25.5459 | BK13: ='SAME1 Flight Tests 8-27-09'!AH51 -> 0.1779315 | BL13: ='SAME1 Flight Tests 8-27-09'!AK51 -> 0 | BM13: ='SAME1 Flight Tests 8-27-09'!AL51 -> 0 | BQ13: ='SAME1 Flight Tests 8-27-09'!AM51 -> 0 | BR13: ='SAME1 Flight Tests 8-27-09'!AP51 -> 0 | BS13: ='SAME1 Flight Tests 8-27-09'!AQ51 -> 0 | BU13: ='SAME1 Flight Tests 8-27-09'!AS51 -> 0 | BV13: ='SAME1 Flight Tests 8-27-09'!AT51 -> 0 | BW13: ='SAME1 Flight Tests 8-27-09'!BB51 -> 6058.0406 | BX13: ='SAME1 Flight Tests 8-27-09'!BC51 -> 5957.2749 | BY13: ='SAME1 Flight Tests 8-27-09'!BD51 -> 5693.1782 | CA13: ='SAME1 Flight Tests 8-27-09'!BG51 -> 0 | CB13: ='SAME1 Flight Tests 8-27-09'!BF51 -> 0 | CD13: ='SAME1 Flight Tests 8-27-09'!BE51 -> 0
A14: 1 | B14: ='SAME1 Flight Tests 8-27-09'!A52 -> 5 | C14: ='SAME1 Flight Tests 8-27-09'!B52 -> DBP | E14: ='SAME1 Flight Tests 8-27-09'!C52 -> 40 D a | F14: ='SAME1 Flight Tests 8-27-09'!D52 -> 6 | G14: ='SAME1 Flight Tests 8-27-09'!E52 -> 40a | H14: ='SAME1 Flight Tests 8-27-09'!F52 -> Aging | I14: ='SAME1 Flight Tests 8-27-09'!G52 -> 276 | J14: ='SAME1 Flight Tests 8-27-09'!H52 -> 39358 | K14: ='SAME1 Flight Tests 8-27-09'!I52 -> 0 | L14: ='SAME1 Flight Tests 8-27-09'!J52 -> n | ... R14: ='SAME1 Flight Tests 8-27-09'!P52 -> 8 | U14: ='SAME1 Flight Tests 8-27-09'!Q52 -> 860 | AA14: ='SAME1 Flight Tests 8-27-09'!R52 -> y | AB14: ='SAME1 Flight Tests 8-27-09'!S52 -> y | AC14: ='SAME1 Flight Tests 8-27-09'!T52 -> 1 | AE14: ='SAME1 Flight Tests 8-27-09'!U52 -> 10 | AG14: ='SAME1 Flight Tests 8-27-09'!V52 -> 0.13253466 | AH14: ='SAME1 Flight Tests 8-27-09'!W52 -> 0.28657151 | AU14: ='SAME1 Flight Tests 8-27-09'!X52 -> 13.28 | AV14: ='SAME1 Flight Tests 8-27-09'!Y52 -> 3.320434 | AW14: ='SAME1 Flight Tests 8-27-09'!Z52 -> 6.20639 | AX14: ='SAME1 Flight Tests 8-27-09'!AA52 -> -0.0007934564 | BA14: ='SAME1 Flight Tests 8-27-09'!AC52 -> 4.8695365 | BD14: ='SAME1 Flight Tests 8-27-09'!AB52 -> 4.7945105 | BE14: ='SAME1 Flight Tests 8-27-09'!AD52 -> 4.677658 | BF14: ='SAME1 Flight Tests 8-27-09'!AE52 -> 473.25 | BI14: ='SAME1 Flight Tests 8-27-09'!AF52 -> 0.01725 | BJ14: ='SAME1 Flight Tests 8-27-09'!AG52 -> 17.5287 | BK14: ='SAME1 Flight Tests 8-27-09'!AH52 -> 0.1168525 | BL14: ='SAME1 Flight Tests 8-27-09'!AK52 -> 0 | BM14: ='SAME1 Flight Tests 8-27-09'!AL52 -> 0 | BQ14: ='SAME1 Flight Tests 8-27-09'!AM52 -> 0 | BR14: ='SAME1 Flight Tests 8-27-09'!AP52 -> 0 | BS14: ='SAME1 Flight Tests 8-27-09'!AQ52 -> 0 | BU14: ='SAME1 Flight Tests 8-27-09'!AS52 -> 0 | BV14: ='SAME1 Flight Tests 8-27-09'!AT52 -> 0 | BW14: ='SAME1 Flight Tests 8-27-09'!BB52 -> 4936.7473 | BX14: ='SAME1 Flight Tests 8-27-09'!BC52 -> 4854.6198 | BY14: ='SAME1 Flight Tests 8-27-09'!BD52 -> 4639.7553 | CA14: ='SAME1 Flight Tests 8-27-09'!BG52 -> 0 | CB14: ='SAME1 Flight Tests 8-27-09'!BF52 -> 0 | CD14: ='SAME1 Flight Tests 8-27-09'!BE52 -> 0
A15: 1 | B15: ='SAME1 Flight Tests 8-27-09'!A55 -> 5 | C15: ='SAME1 Flight Tests 8-27-09'!B55 -> DBP | E15: ='SAME1 Flight Tests 8-27-09'!C55 -> 42 D | F15: ='SAME1 Flight Tests 8-27-09'!D55 -> 5 | G15: ='SAME1 Flight Tests 8-27-09'!E55 -> 42 | H15: ='SAME1 Flight Tests 8-27-09'!F55 -> low flow aging | I15: ='SAME1 Flight Tests 8-27-09'!G55 -> 277 | J15: ='SAME1 Flight Tests 8-27-09'!H55 -> 39359 | K15: ='SAME1 Flight Tests 8-27-09'!I55 -> 0 | L15: ='SAME1 Flight Tests 8-27-09'!J55 -> n | ... R15: ='SAME1 Flight Tests 8-27-09'!P55 -> 8 | U15: ='SAME1 Flight Tests 8-27-09'!Q55 -> 65 | AA15: ='SAME1 Flight Tests 8-27-09'!R55 -> y | AB15: ='SAME1 Flight Tests 8-27-09'!S55 -> y | AC15: ='SAME1 Flight Tests 8-27-09'!T55 -> 1 | AE15: ='SAME1 Flight Tests 8-27-09'!U55 -> 10 | AG15: ='SAME1 Flight Tests 8-27-09'!V55 -> 0.13253466 | AH15: ='SAME1 Flight Tests 8-27-09'!W55 -> 0.37038216 | AU15: ='SAME1 Flight Tests 8-27-09'!X55 -> n/a | AV15: ='SAME1 Flight Tests 8-27-09'!Y55 -> 3.15973 | AW15: ='SAME1 Flight Tests 8-27-09'!Z55 -> 6.240723 | AX15: ='SAME1 Flight Tests 8-27-09'!AA55 -> -0.0008239742 | BA15: ='SAME1 Flight Tests 8-27-09'!AC55 -> 4.8665015 | BD15: ='SAME1 Flight Tests 8-27-09'!AB55 -> 5.2604235 | BE15: ='SAME1 Flight Tests 8-27-09'!AD55 -> 4.689452 | BF15: ='SAME1 Flight Tests 8-27-09'!AE55 -> 6631.5 | BI15: ='SAME1 Flight Tests 8-27-09'!AF55 -> 1.5378 | BJ15: ='SAME1 Flight Tests 8-27-09'!AG55 -> 56.6251 | BK15: ='SAME1 Flight Tests 8-27-09'!AH55 -> 0.5709715 | BL15: ='SAME1 Flight Tests 8-27-09'!AK55 -> 0 | BM15: ='SAME1 Flight Tests 8-27-09'!AL55 -> 0 | BQ15: ='SAME1 Flight Tests 8-27-09'!AM55 -> 0 | BR15: ='SAME1 Flight Tests 8-27-09'!AP55 -> 0 | BS15: ='SAME1 Flight Tests 8-27-09'!AQ55 -> 0 | BU15: ='SAME1 Flight Tests 8-27-09'!AS55 -> 0 | BV15: ='SAME1 Flight Tests 8-27-09'!AT55 -> 0 | BW15: ='SAME1 Flight Tests 8-27-09'!BB55 -> 69793.32 | BX15: ='SAME1 Flight Tests 8-27-09'!BC55 -> 68642.493 | BY15: ='SAME1 Flight Tests 8-27-09'!BD55 -> 65323.532 | CA15: ='SAME1 Flight Tests 8-27-09'!BG55 -> 0 | CB15: ='SAME1 Flight Tests 8-27-09'!BF55 -> 0 | CD15: ='SAME1 Flight Tests 8-27-09'!BE55 -> 0
A16: 1 | B16: ='SAME1 Flight Tests 8-27-09'!A56 -> 5 | C16: ='SAME1 Flight Tests 8-27-09'!B56 -> DBP | E16: ='SAME1 Flight Tests 8-27-09'!C56 -> 42 D a | F16: ='SAME1 Flight Tests 8-27-09'!D56 -> 5 | G16: ='SAME1 Flight Tests 8-27-09'!E56 -> 42a | H16: ='SAME1 Flight Tests 8-27-09'!F56 -> Aging | I16: ='SAME1 Flight Tests 8-27-09'!G56 -> 277 | J16: ='SAME1 Flight Tests 8-27-09'!H56 -> 39359 | K16: ='SAME1 Flight Tests 8-27-09'!I56 -> 0 | L16: ='SAME1 Flight Tests 8-27-09'!J56 -> n | ... R16: ='SAME1 Flight Tests 8-27-09'!P56 -> 8 | U16: ='SAME1 Flight Tests 8-27-09'!Q56 -> 871 | AA16: ='SAME1 Flight Tests 8-27-09'!R56 -> y | AB16: ='SAME1 Flight Tests 8-27-09'!S56 -> y | AC16: ='SAME1 Flight Tests 8-27-09'!T56 -> 1 | AE16: ='SAME1 Flight Tests 8-27-09'!U56 -> 10 | AG16: ='SAME1 Flight Tests 8-27-09'!V56 -> 0.13253466 | AH16: ='SAME1 Flight Tests 8-27-09'!W56 -> 0.37487608 | AU16: ='SAME1 Flight Tests 8-27-09'!X56 -> n/a | AV16: ='SAME1 Flight Tests 8-27-09'!Y56 -> 3.173995 | AW16: ='SAME1 Flight Tests 8-27-09'!Z56 -> 6.2468415 | AX16: ='SAME1 Flight Tests 8-27-09'!AA56 -> -0.0007476806 | BA16: ='SAME1 Flight Tests 8-27-09'!AC56 -> 4.8921345 | BD16: ='SAME1 Flight Tests 8-27-09'!AB56 -> 5.176146 | BE16: ='SAME1 Flight Tests 8-27-09'!AD56 -> 4.6991875 | BF16: ='SAME1 Flight Tests 8-27-09'!AE56 -> 5762 | BI16: ='SAME1 Flight Tests 8-27-09'!AF56 -> 1.2408 | BJ16: ='SAME1 Flight Tests 8-27-09'!AG56 -> 50.4482 | BK16: ='SAME1 Flight Tests 8-27-09'!AH56 -> 0.4769585 | BL16: ='SAME1 Flight Tests 8-27-09'!AK56 -> 0 | BM16: ='SAME1 Flight Tests 8-27-09'!AL56 -> 0 | BQ16: ='SAME1 Flight Tests 8-27-09'!AM56 -> 0 | BR16: ='SAME1 Flight Tests 8-27-09'!AP56 -> 0 | BS16: ='SAME1 Flight Tests 8-27-09'!AQ56 -> 0 | BU16: ='SAME1 Flight Tests 8-27-09'!AS56 -> 0 | BV16: ='SAME1 Flight Tests 8-27-09'!AT56 -> 0 | BW16: ='SAME1 Flight Tests 8-27-09'!BB56 -> 60566.651 | BX16: ='SAME1 Flight Tests 8-27-09'!BC56 -> 59566.716 | BY16: ='SAME1 Flight Tests 8-27-09'!BD56 -> 56720.728 | CA16: ='SAME1 Flight Tests 8-27-09'!BG56 -> 0 | CB16: ='SAME1 Flight Tests 8-27-09'!BF56 -> 0 | CD16: ='SAME1 Flight Tests 8-27-09'!BE56 -> 0
A17: 1 | B17: ='SAME1 Flight Tests 8-27-09'!A57 -> 5 | C17: ='SAME1 Flight Tests 8-27-09'!B57 -> DBP | E17: ='SAME1 Flight Tests 8-27-09'!C57 -> 43 D | F17: ='SAME1 Flight Tests 8-27-09'!D57 -> 5 | G17: ='SAME1 Flight Tests 8-27-09'!E57 -> 43 | H17: ='SAME1 Flight Tests 8-27-09'!F57 -> low tempng | I17: ='SAME1 Flight Tests 8-27-09'!G57 -> 277 | J17: ='SAME1 Flight Tests 8-27-09'!H57 -> 39359 | K17: ='SAME1 Flight Tests 8-27-09'!I57 -> 0 | L17: ='SAME1 Flight Tests 8-27-09'!J57 -> n | ... R17: ='SAME1 Flight Tests 8-27-09'!P57 -> 8 | U17: ='SAME1 Flight Tests 8-27-09'!Q57 -> 60 | AA17: ='SAME1 Flight Tests 8-27-09'!R57 -> y | AB17: ='SAME1 Flight Tests 8-27-09'!S57 -> y | AC17: ='SAME1 Flight Tests 8-27-09'!T57 -> 1 | AE17: ='SAME1 Flight Tests 8-27-09'!U57 -> 10 | AG17: ='SAME1 Flight Tests 8-27-09'!V57 -> 0.13253466 | AH17: ='SAME1 Flight Tests 8-27-09'!W57 -> 0.371665 | AU17: ='SAME1 Flight Tests 8-27-09'!X57 -> n/a | AV17: ='SAME1 Flight Tests 8-27-09'!Y57 -> 2.9458625 | AW17: ='SAME1 Flight Tests 8-27-09'!Z57 -> 6.25795 | AX17: ='SAME1 Flight Tests 8-27-09'!AA57 -> -0.0004882815 | BA17: ='SAME1 Flight Tests 8-27-09'!AC57 -> 4.838136 | BD17: ='SAME1 Flight Tests 8-27-09'!AB57 -> 5.4415285 | BE17: ='SAME1 Flight Tests 8-27-09'!AD57 -> 4.660476 | BF17: ='SAME1 Flight Tests 8-27-09'!AE57 -> 7059 | BI17: ='SAME1 Flight Tests 8-27-09'!AF57 -> 1.02735 | BJ17: ='SAME1 Flight Tests 8-27-09'!AG57 -> 91.5885 | BK17: ='SAME1 Flight Tests 8-27-09'!AH57 -> 0.7810525 | BL17: ='SAME1 Flight Tests 8-27-09'!AK57 -> 0 | BM17: ='SAME1 Flight Tests 8-27-09'!AL57 -> 0 | BQ17: ='SAME1 Flight Tests 8-27-09'!AM57 -> 0 | BR17: ='SAME1 Flight Tests 8-27-09'!AP57 -> 0 | BS17: ='SAME1 Flight Tests 8-27-09'!AQ57 -> 0 | BU17: ='SAME1 Flight Tests 8-27-09'!AS57 -> 0 | BV17: ='SAME1 Flight Tests 8-27-09'!AT57 -> 0 | BW17: ='SAME1 Flight Tests 8-27-09'!BB57 -> 74338.089 | BX17: ='SAME1 Flight Tests 8-27-09'!BC57 -> 73113.074 | BY17: ='SAME1 Flight Tests 8-27-09'!BD57 -> 69557.386 | CA17: ='SAME1 Flight Tests 8-27-09'!BG57 -> 0 | CB17: ='SAME1 Flight Tests 8-27-09'!BF57 -> 0 | CD17: ='SAME1 Flight Tests 8-27-09'!BE57 -> 0
A18: 1 | B18: ='SAME1 Flight Tests 8-27-09'!A58 -> 5 | C18: ='SAME1 Flight Tests 8-27-09'!B58 -> DBP | E18: ='SAME1 Flight Tests 8-27-09'!C58 -> 43 D a | F18: ='SAME1 Flight Tests 8-27-09'!D58 -> 5 | G18: ='SAME1 Flight Tests 8-27-09'!E58 -> 43a | H18: ='SAME1 Flight Tests 8-27-09'!F58 -> Aging | I18: ='SAME1 Flight Tests 8-27-09'!G58 -> 277 | J18: ='SAME1 Flight Tests 8-27-09'!H58 -> 39359 | K18: ='SAME1 Flight Tests 8-27-09'!I58 -> 0 | L18: ='SAME1 Flight Tests 8-27-09'!J58 -> n | ... R18: ='SAME1 Flight Tests 8-27-09'!P58 -> 8 | U18: ='SAME1 Flight Tests 8-27-09'!Q58 -> 879 | AA18: ='SAME1 Flight Tests 8-27-09'!R58 -> y | AB18: ='SAME1 Flight Tests 8-27-09'!S58 -> y | AC18: ='SAME1 Flight Tests 8-27-09'!T58 -> 1 | AE18: ='SAME1 Flight Tests 8-27-09'!U58 -> 10 | AG18: ='SAME1 Flight Tests 8-27-09'!V58 -> 0.13253466 | AH18: ='SAME1 Flight Tests 8-27-09'!W58 -> 0 | AU18: ='SAME1 Flight Tests 8-27-09'!X58 -> n/a | AV18: ='SAME1 Flight Tests 8-27-09'!Y58 -> 2.960677 | AW18: ='SAME1 Flight Tests 8-27-09'!Z58 -> 6.257324 | AX18: ='SAME1 Flight Tests 8-27-09'!AA58 -> -0.00077819745 | BA18: ='SAME1 Flight Tests 8-27-09'!AC58 -> 4.895783 | BD18: ='SAME1 Flight Tests 8-27-09'!AB58 -> 5.340621 | BE18: ='SAME1 Flight Tests 8-27-09'!AD58 -> 4.6857305 | BF18: ='SAME1 Flight Tests 8-27-09'!AE58 -> 6318 | BI18: ='SAME1 Flight Tests 8-27-09'!AF58 -> 0.84245 | BJ18: ='SAME1 Flight Tests 8-27-09'!AG58 -> 80.2976 | BK18: ='SAME1 Flight Tests 8-27-09'!AH58 -> 0.6548905 | BL18: ='SAME1 Flight Tests 8-27-09'!AK58 -> 0 | BM18: ='SAME1 Flight Tests 8-27-09'!AL58 -> 0 | BQ18: ='SAME1 Flight Tests 8-27-09'!AM58 -> 0 | BR18: ='SAME1 Flight Tests 8-27-09'!AP58 -> 0 | BS18: ='SAME1 Flight Tests 8-27-09'!AQ58 -> 0 | BU18: ='SAME1 Flight Tests 8-27-09'!AS58 -> 0 | BV18: ='SAME1 Flight Tests 8-27-09'!AT58 -> 0 | BW18: ='SAME1 Flight Tests 8-27-09'!BB58 -> 66463.995 | BX18: ='SAME1 Flight Tests 8-27-09'!BC58 -> 65367.573 | BY18: ='SAME1 Flight Tests 8-27-09'!BD58 -> 62220.458 | CA18: ='SAME1 Flight Tests 8-27-09'!BG58 -> 0 | CB18: ='SAME1 Flight Tests 8-27-09'!BF58 -> 0 | CD18: ='SAME1 Flight Tests 8-27-09'!BE58 -> 0
A19: 1 | B19: ='SAME1 Flight Tests 8-27-09'!A59 -> 5 | C19: ='SAME1 Flight Tests 8-27-09'!B59 -> DBP | E19: ='SAME1 Flight Tests 8-27-09'!C59 -> 44 D | F19: ='SAME1 Flight Tests 8-27-09'!D59 -> 5 | G19: ='SAME1 Flight Tests 8-27-09'!E59 -> 44 | H19: ='SAME1 Flight Tests 8-27-09'!F59 -> low temp aging | I19: ='SAME1 Flight Tests 8-27-09'!G59 -> 277 | J19: ='SAME1 Flight Tests 8-27-09'!H59 -> 39359 | K19: ='SAME1 Flight Tests 8-27-09'!I59 -> 0 | L19: ='SAME1 Flight Tests 8-27-09'!J59 -> n | ... R19: ='SAME1 Flight Tests 8-27-09'!P59 -> 8 | U19: ='SAME1 Flight Tests 8-27-09'!Q59 -> 62 | AA19: ='SAME1 Flight Tests 8-27-09'!R59 -> y | AB19: ='SAME1 Flight Tests 8-27-09'!S59 -> y | AC19: ='SAME1 Flight Tests 8-27-09'!T59 -> 1 | AE19: ='SAME1 Flight Tests 8-27-09'!U59 -> 10 | AG19: ='SAME1 Flight Tests 8-27-09'!V59 -> 0.13253466 | AH19: ='SAME1 Flight Tests 8-27-09'!W59 -> 0 | AU19: ='SAME1 Flight Tests 8-27-09'!X59 -> n/a | AV19: ='SAME1 Flight Tests 8-27-09'!Y59 -> 3.186265 | AW19: ='SAME1 Flight Tests 8-27-09'!Z59 -> 6.2593695 | AX19: ='SAME1 Flight Tests 8-27-09'!AA59 -> -0.0005645751 | BA19: ='SAME1 Flight Tests 8-27-09'!AC59 -> 4.8722225 | BD19: ='SAME1 Flight Tests 8-27-09'!AB59 -> 5.119582 | BE19: ='SAME1 Flight Tests 8-27-09'!AD59 -> 4.6912835 | BF19: ='SAME1 Flight Tests 8-27-09'!AE59 -> 2670 | BI19: ='SAME1 Flight Tests 8-27-09'!AF59 -> 0.00265 | BJ19: ='SAME1 Flight Tests 8-27-09'!AG59 -> 47.52135 | BK19: ='SAME1 Flight Tests 8-27-09'!AH59 -> 0.4282985 | BL19: ='SAME1 Flight Tests 8-27-09'!AK59 -> 0 | BM19: ='SAME1 Flight Tests 8-27-09'!AL59 -> 0 | BQ19: ='SAME1 Flight Tests 8-27-09'!AM59 -> 0 | BR19: ='SAME1 Flight Tests 8-27-09'!AP59 -> 0 | BS19: ='SAME1 Flight Tests 8-27-09'!AQ59 -> 0 | BU19: ='SAME1 Flight Tests 8-27-09'!AS59 -> 0 | BV19: ='SAME1 Flight Tests 8-27-09'!AT59 -> 0 | BW19: ='SAME1 Flight Tests 8-27-09'!BB59 -> 27940.84 | BX19: ='SAME1 Flight Tests 8-27-09'!BC59 -> 27477.49 | BY19: ='SAME1 Flight Tests 8-27-09'!BD59 -> 26221.004 | CA19: ='SAME1 Flight Tests 8-27-09'!BG59 -> 0 | CB19: ='SAME1 Flight Tests 8-27-09'!BF59 -> 0 | CD19: ='SAME1 Flight Tests 8-27-09'!BE59 -> 0
A20: 1 | B20: ='SAME1 Flight Tests 8-27-09'!A60 -> 5 | C20: ='SAME1 Flight Tests 8-27-09'!B60 -> DBP | E20: ='SAME1 Flight Tests 8-27-09'!C60 -> 44 D1 | F20: ='SAME1 Flight Tests 8-27-09'!D60 -> 5 | G20: ='SAME1 Flight Tests 8-27-09'!E60 -> 44a | H20: ='SAME1 Flight Tests 8-27-09'!F60 -> Aging | I20: ='SAME1 Flight Tests 8-27-09'!G60 -> 277 | J20: ='SAME1 Flight Tests 8-27-09'!H60 -> 39359 | K20: ='SAME1 Flight Tests 8-27-09'!I60 -> 0 | L20: ='SAME1 Flight Tests 8-27-09'!J60 -> n | ... R20: ='SAME1 Flight Tests 8-27-09'!P60 -> 8 | U20: ='SAME1 Flight Tests 8-27-09'!Q60 -> 1958 | AA20: ='SAME1 Flight Tests 8-27-09'!R60 -> y | AB20: ='SAME1 Flight Tests 8-27-09'!S60 -> y | AC20: ='SAME1 Flight Tests 8-27-09'!T60 -> 1 | AE20: ='SAME1 Flight Tests 8-27-09'!U60 -> 10 | AG20: ='SAME1 Flight Tests 8-27-09'!V60 -> 0.13253466 | AH20: ='SAME1 Flight Tests 8-27-09'!W60 -> 0.37602999 | AU20: ='SAME1 Flight Tests 8-27-09'!X60 -> n/a | AV20: ='SAME1 Flight Tests 8-27-09'!Y60 -> 3.212738 | AW20: ='SAME1 Flight Tests 8-27-09'!Z60 -> 6.2593225 | AX20: ='SAME1 Flight Tests 8-27-09'!AA60 -> -0.00067138675 | BA20: ='SAME1 Flight Tests 8-27-09'!AC60 -> 4.8959057 | BD20: ='SAME1 Flight Tests 8-27-09'!AB60 -> 5.060608 | BE20: ='SAME1 Flight Tests 8-27-09'!AD60 -> 4.7004781 | BF20: ='SAME1 Flight Tests 8-27-09'!AE60 -> 2452 | BI20: ='SAME1 Flight Tests 8-27-09'!AF60 -> 0.00635 | BJ20: ='SAME1 Flight Tests 8-27-09'!AG60 -> 42.2711 | BK20: ='SAME1 Flight Tests 8-27-09'!AH60 -> 0.3601299 | BL20: ='SAME1 Flight Tests 8-27-09'!AK60 -> 0 | BM20: ='SAME1 Flight Tests 8-27-09'!AL60 -> 0 | BQ20: ='SAME1 Flight Tests 8-27-09'!AM60 -> 0 | BR20: ='SAME1 Flight Tests 8-27-09'!AP60 -> 0 | BS20: ='SAME1 Flight Tests 8-27-09'!AQ60 -> 0 | BU20: ='SAME1 Flight Tests 8-27-09'!AS60 -> 0 | BV20: ='SAME1 Flight Tests 8-27-09'!AT60 -> 0 | BW20: ='SAME1 Flight Tests 8-27-09'!BB60 -> 25651.462 | BX20: ='SAME1 Flight Tests 8-27-09'!BC60 -> 25225.943 | BY20: ='SAME1 Flight Tests 8-27-09'!BD60 -> 24076.08 | CA20: ='SAME1 Flight Tests 8-27-09'!BG60 -> 0 | CB20: ='SAME1 Flight Tests 8-27-09'!BF60 -> 0 | CD20: ='SAME1 Flight Tests 8-27-09'!BE60 -> 0
A21: 1 | B21: ='SAME1 Flight Tests 8-27-09'!A61 -> 5 | C21: ='SAME1 Flight Tests 8-27-09'!B61 -> DBP | E21: ='SAME1 Flight Tests 8-27-09'!C61 -> 45 D | F21: ='SAME1 Flight Tests 8-27-09'!D61 -> 5 | G21: ='SAME1 Flight Tests 8-27-09'!E61 -> 45 | H21: ='SAME1 Flight Tests 8-27-09'!F61 -> high temp aging | I21: ='SAME1 Flight Tests 8-27-09'!G61 -> 278 | J21: ='SAME1 Flight Tests 8-27-09'!H61 -> 39360 | K21: ='SAME1 Flight Tests 8-27-09'!I61 -> 0 | L21: ='SAME1 Flight Tests 8-27-09'!J61 -> n | ... R21: ='SAME1 Flight Tests 8-27-09'!P61 -> 8 | U21: ='SAME1 Flight Tests 8-27-09'!Q61 -> 86 | AA21: ='SAME1 Flight Tests 8-27-09'!R61 -> y | AB21: ='SAME1 Flight Tests 8-27-09'!S61 -> y | AC21: ='SAME1 Flight Tests 8-27-09'!T61 -> 1 | AE21: ='SAME1 Flight Tests 8-27-09'!U61 -> 10 | AG21: ='SAME1 Flight Tests 8-27-09'!V61 -> 0.13253466 | AH21: ='SAME1 Flight Tests 8-27-09'!W61 -> 0.37232467 | AU21: ='SAME1 Flight Tests 8-27-09'!X61 -> 8.54 | AV21: ='SAME1 Flight Tests 8-27-09'!Y61 -> 2.992845 | AW21: ='SAME1 Flight Tests 8-27-09'!Z61 -> 6.246277 | AX21: ='SAME1 Flight Tests 8-27-09'!AA61 -> -0.000640869 | BA21: ='SAME1 Flight Tests 8-27-09'!AC61 -> 4.8697975 | BD21: ='SAME1 Flight Tests 8-27-09'!AB61 -> 5.405456 | BE21: ='SAME1 Flight Tests 8-27-09'!AD61 -> 4.7024245 | BF21: ='SAME1 Flight Tests 8-27-09'!AE61 -> 6791 | BI21: ='SAME1 Flight Tests 8-27-09'!AF61 -> 1.2176 | BJ21: ='SAME1 Flight Tests 8-27-09'!AG61 -> 77.6235 | BK21: ='SAME1 Flight Tests 8-27-09'!AH61 -> 0.7030315 | BL21: ='SAME1 Flight Tests 8-27-09'!AK61 -> 0 | BM21: ='SAME1 Flight Tests 8-27-09'!AL61 -> 0 | BQ21: ='SAME1 Flight Tests 8-27-09'!AM61 -> 0 | BR21: ='SAME1 Flight Tests 8-27-09'!AP61 -> 0 | BS21: ='SAME1 Flight Tests 8-27-09'!AQ61 -> 0 | BU21: ='SAME1 Flight Tests 8-27-09'!AS61 -> 0 | BV21: ='SAME1 Flight Tests 8-27-09'!AT61 -> 0 | BW21: ='SAME1 Flight Tests 8-27-09'!BB61 -> 71488.326 | BX21: ='SAME1 Flight Tests 8-27-09'!BC61 -> 70309.819 | BY21: ='SAME1 Flight Tests 8-27-09'!BD61 -> 66902.858 | CA21: ='SAME1 Flight Tests 8-27-09'!BG61 -> 0 | CB21: ='SAME1 Flight Tests 8-27-09'!BF61 -> 0 | CD21: ='SAME1 Flight Tests 8-27-09'!BE61 -> 0
A22: 1 | B22: ='SAME1 Flight Tests 8-27-09'!A62 -> 5 | C22: ='SAME1 Flight Tests 8-27-09'!B62 -> DBP | E22: ='SAME1 Flight Tests 8-27-09'!C62 -> 45 D a | F22: ='SAME1 Flight Tests 8-27-09'!D62 -> 5 | G22: ='SAME1 Flight Tests 8-27-09'!E62 -> 45a | H22: ='SAME1 Flight Tests 8-27-09'!F62 -> Aging | I22: ='SAME1 Flight Tests 8-27-09'!G62 -> 278 | J22: ='SAME1 Flight Tests 8-27-09'!H62 -> 39360 | K22: ='SAME1 Flight Tests 8-27-09'!I62 -> 0 | L22: ='SAME1 Flight Tests 8-27-09'!J62 -> n | ... R22: ='SAME1 Flight Tests 8-27-09'!P62 -> 8 | U22: ='SAME1 Flight Tests 8-27-09'!Q62 -> 554.16667 | AA22: ='SAME1 Flight Tests 8-27-09'!R62 -> y | AB22: ='SAME1 Flight Tests 8-27-09'!S62 -> y | AC22: ='SAME1 Flight Tests 8-27-09'!T62 -> 1 | AE22: ='SAME1 Flight Tests 8-27-09'!U62 -> 10 | AG22: ='SAME1 Flight Tests 8-27-09'!V62 -> 0.13253466 | AH22: ='SAME1 Flight Tests 8-27-09'!W62 -> 0.37661071 | AU22: ='SAME1 Flight Tests 8-27-09'!X62 -> 8.54 | AV22: ='SAME1 Flight Tests 8-27-09'!Y62 -> 3.2190433 | AW22: ='SAME1 Flight Tests 8-27-09'!Z62 -> 4.8937483 | AX22: ='SAME1 Flight Tests 8-27-09'!AA62 -> -0.00076293933 | BA22: ='SAME1 Flight Tests 8-27-09'!AC62 -> 4.90158 | BD22: ='SAME1 Flight Tests 8-27-09'!AB62 -> 5.0084433 | BE22: ='SAME1 Flight Tests 8-27-09'!AD62 -> 4.7215783 | BF22: ='SAME1 Flight Tests 8-27-09'!AE62 -> 3538 | BI22: ='SAME1 Flight Tests 8-27-09'!AF62 -> 0.73383333 | BJ22: ='SAME1 Flight Tests 8-27-09'!AG62 -> 44.691 | BK22: ='SAME1 Flight Tests 8-27-09'!AH62 -> 0.286865 | BL22: ='SAME1 Flight Tests 8-27-09'!AK62 -> 0 | BM22: ='SAME1 Flight Tests 8-27-09'!AL62 -> 0 | BQ22: ='SAME1 Flight Tests 8-27-09'!AM62 -> 0 | BR22: ='SAME1 Flight Tests 8-27-09'!AP62 -> 0 | BS22: ='SAME1 Flight Tests 8-27-09'!AQ62 -> 0 | BU22: ='SAME1 Flight Tests 8-27-09'!AS62 -> 0 | BV22: ='SAME1 Flight Tests 8-27-09'!AT62 -> 0 | BW22: ='SAME1 Flight Tests 8-27-09'!BB62 -> 37070.572 | BX22: ='SAME1 Flight Tests 8-27-09'!BC62 -> 36456.589 | BY22: ='SAME1 Flight Tests 8-27-09'!BD62 -> 34768.457 | CA22: ='SAME1 Flight Tests 8-27-09'!BG62 -> 0 | CB22: ='SAME1 Flight Tests 8-27-09'!BF62 -> 0 | CD22: ='SAME1 Flight Tests 8-27-09'!BE62 -> 0
I23: Print Boundary Print inside the blue border

Sheet Pyrell R&T plots
B1: SAME Combined Results | N1: Smoke Generation | V1: Primary Diagnostics | AI1: Secondary Diagnostics Volume
A2: Flight 1=same 2=sameR, g=ground | B2: Carousel | C2: Sample Type | D2: Sample ID | E2: Test ID Number | F2: Position in Carousel | G2: SAME # | H2: Description | I2: GMT | J2: Date (EST) | K2: TEAM Test ID Number | L2: Fan problem | M2: Flat profiles | N2: Inlet Velocity (cm/sec) | O2: Rt/R0 | P2: Duration (sec) | Q2: Primary Aging Duration (sec) | R2: Primary Mixing Duration (sec) | S2: PreAge Thermal Precipitator | T2: PreAge Thermal Precipitator Duration | U2: Net Aging Duration | V2: Primary Aging Therm Precip | W2: Primary Aging Therm Precip Duration | X2: Use STS Detector | Y2: Use Comm Diag A | Z2: Use Comm Diag B | AA2: Diluting A | AB2: Diluting B | AC2: Impactor Inlet on CDA | AD2: Cyclone Inlet on CDA (MPASS) | AE2: Impactor Inlet on CDB | AF2: Use P-Trak | AG2: Aerosol Concentration To P-Trak | AH2: Aerosol Conteration to DustTrak | AI2: Secondary Diagnostics Volume % | AJ2: Secondary Aging Duration (sec) | AK2: Secondary Mixing Duration (sec) | AL2: STSDetector | AM2: Comm Diag A | AN2: Comm Diag B | AO2: Diluting A | AP2: Diluting B | AQ2: Ues PTrak | AR2: Aerosol Concentration To P-Trak | AS2: Aerosol Conteration to DustTrak | AT2: secondary agign thermal precip duration | AU2: Mass Loss | AV2: ISS Obscuration (volts) | AW2: ISS Detector Scatter (volts) | AX2: STS Detector (volts) | AY2: STS Detector offset (volts) | AZ2: Ion A (volts) | BA2: Ion A offset V0 (volts) | BB2: Ion A (volts) Mpass_3rd | BC2: Ion A offset V0 Mpass (volts) | BD2: Ion B (volts) | BE2: Ion B offset V0 (volts) | BF2: Ptrak (PT/cc) | BG2: DustTrak A (mg/m3) Mpass_2nd | BH2: DustTrak A (mg/m3) Mpass_2nd offset | BI2: DustTrak A (mg/m3) | BJ2: DustTrak B (mg/m3) | BK2: Ion B Delta (volts) | BL2: M0 best Diameter | BM2: M1 (mm/cm^3) | BN2: Mpass_3rd offset and dilution corrected | BO2: DustTrak A (mg/m3) Mpass_2nd offset, dilution and Gain corrected | BP2: DustTrak A calibratred and corrected for dilution (mg/m3) | BQ2: DustTrak B calibratred and corrected for dilution (mg/m3) | BR2: M1/M0 (micro-m)--CMD | BS2: Diameter of Average mass (micro-m) | BT2: MPASS 3/2 | BU2: Hatch Choate Sigma g | BV2: Hatch Choate Dg | BW2: CPC 100 nm cal, dilution corrected | BX2: CPC 600 nm cal, dilution corrected | BY2: CPC 1200 nm cal, dilution corrected | BZ2: Ion B Mment (mm/cm^3) | CA2: Ion B X | CB2: Dust Trak Cal Factor (Teom/Dusttrak) | CC2: Dust Trak Dilution factor | CD2: Particle density g/cc | CE2: Sample Temperature ( C)
A3: 2 | B3: ='SAME R Results'!A85 -> 8(4) | C3: ='SAME R Results'!B85 -> Pyrell | D3: ='SAME R Results'!C85 -> P10 | E3: ='SAME R Results'!D85 -> 48 P | F3: ='SAME R Results'!E85 -> 0 | G3: ='SAME R Results'!F85 -> 95 | H3: ='SAME R Results'!G85 -> No flow run w/ aging | I3: ='SAME R Results'!H85 -> 250 | ... K3: ='SAME R Results'!J85 -> 0 | N3: ='SAME R Results'!K85 -> 0 | O3: ='SAME R Results'!L85 -> 1.22 | P3: ='SAME R Results'!M85 -> 60 | Q3: ='SAME R Results'!N85 -> 11 | R3: ='SAME R Results'!O85 -> 8 | S3: ='SAME R Results'!P85 -> n | T3: ='SAME R Results'!Q85 -> N | U3: ='SAME R Results'!R85 -> 38 | ... AB3: ='SAME R Results'!Y85 -> y | AD3: ='SAME R Results'!Z85 -> y | AE3: ='SAME R Results'!AA85 -> 10 | AF3: ='SAME R Results'!AB85 -> y | AG3: ='SAME R Results'!AC85 -> 0.038527069 | AH3: ='SAME R Results'!AD85 -> 0 | AI3: ='SAME R Results'!AE85 -> 58 | AJ3: ='SAME R Results'!AF85 -> 480 | AK3: ='SAME R Results'!AG85 -> 0 | ... AT3: ='SAME R Results'!AP85 -> 0 | AV3: ='SAME R Results'!AQ85 -> 0 | AW3: ='SAME R Results'!AR85 -> 4.819809 | AX3: ='SAME R Results'!AS85 -> 0 | AY3: ='SAME R Results'!AT85 -> 0 | BB3: ='SAME R Results'!AU85 -> 0.16464244 | BC3: ='SAME R Results'!AV85 -> 0.02626039 | BD3: ='SAME R Results'!AW85 -> 4.7402505 | BE3: ='SAME R Results'!AX85 -> 4.679245 | BF3: ='SAME R Results'!AY85 -> 1985 | BG3: ='SAME R Results'!AZ85 -> 0.2619782 | BH3: ='SAME R Results'!BA85 -> 0.07551575 | BJ3: ='SAME R Results'!BB85 -> 9.1852 | BK3: ='SAME R Results'!BC85 -> 0.0610055 | BL3: ='SAME R Results'!BD85 -> 71387.637 | BM3: ='SAME R Results'!BE85 -> 9.9926825 | BN3: ='SAME R Results'!BF85 -> 0.37536621 | BO3: ='SAME R Results'!BG85 -> 0.1264465 | BQ3: ='SAME R Results'!BH85 -> 11.899025 | BR3: ='SAME R Results'!BI85 -> 0.13997777 | BS3: ='SAME R Results'!BJ85 -> 0.68280483 | BT3: ='SAME R Results'!BL85 -> 2.9685773 | BU3: ='SAME R Results'!BM85 -> 3.5214005 | BV3: ='SAME R Results'!BN85 -> 0.063378262 | BW3: ='SAME R Results'!BO85 -> 71387.637 | BX3: ='SAME R Results'!BP85 -> 70202.626 | BY3: ='SAME R Results'!BQ85 -> 67024.478 | BZ3: ='SAME R Results'!BR85 -> 9.9926825 | CA3: ='SAME R Results'!BS85 -> 0.01354113 | CB3: ='SAME R Results'!BT85 -> 0.48 | CC3: ='SAME R Results'!BV85 -> 2.6988673 | CD3: ='SAME R Results'!BW85 -> 1 | CE3: ='SAME R Results'!BZ85 -> 236.14679
A4: 2 | B4: ='SAME R Results'!A91 -> 9(4) | C4: ='SAME R Results'!B91 -> Pyrell | D4: ='SAME R Results'!C91 -> P11 | E4: ='SAME R Results'!D91 -> 50 P | F4: ='SAME R Results'!E91 -> 0 | G4: ='SAME R Results'!F91 -> 97 | H4: ='SAME R Results'!G91 -> No flow run w/ aging | I4: ='SAME R Results'!H91 -> 251 | ... K4: ='SAME R Results'!J91 -> 0 | N4: ='SAME R Results'!K91 -> 0 | O4: ='SAME R Results'!L91 -> 1.23 | P4: ='SAME R Results'!M91 -> 60 | Q4: ='SAME R Results'!N91 -> 11 | R4: ='SAME R Results'!O91 -> 8 | S4: ='SAME R Results'!P91 -> n | T4: ='SAME R Results'!Q91 -> N | U4: ='SAME R Results'!R91 -> 48.142857 | ... AB4: ='SAME R Results'!Y91 -> y | AD4: ='SAME R Results'!Z91 -> y | AE4: ='SAME R Results'!AA91 -> 10 | AF4: ='SAME R Results'!AB91 -> y | AG4: ='SAME R Results'!AC91 -> 0.038527069 | AH4: ='SAME R Results'!AD91 -> 0 | AI4: ='SAME R Results'!AE91 -> 58 | AJ4: ='SAME R Results'!AF91 -> 480 | AK4: ='SAME R Results'!AG91 -> 0 | ... AT4: ='SAME R Results'!AP91 -> 0 | AV4: ='SAME R Results'!AQ91 -> 0 | AW4: ='SAME R Results'!AR91 -> 5.575013 | AX4: ='SAME R Results'!AS91 -> 0 | AY4: ='SAME R Results'!AT91 -> 0 | BB4: ='SAME R Results'!AU91 -> 0.1555023 | BC4: ='SAME R Results'!AV91 -> 0.02824403 | BD4: ='SAME R Results'!AW91 -> 4.758132 | BE4: ='SAME R Results'!AX91 -> 4.6959835 | BF4: ='SAME R Results'!AY91 -> 1175.5 | BG4: ='SAME R Results'!AZ91 -> 0.291397 | BH4: ='SAME R Results'!BA91 -> 0.088974025 | BJ4: ='SAME R Results'!BB91 -> 12.94395 | BK4: ='SAME R Results'!BC91 -> 0.0621485 | BL4: ='SAME R Results'!BD91 -> 42225.75 | BM4: ='SAME R Results'!BE91 -> 10.181224 | BN4: ='SAME R Results'!BF91 -> 0.34367639 | BO4: ='SAME R Results'!BG91 -> 0.13666695 | BQ4: ='SAME R Results'!BH91 -> 16.695256 | BR4: ='SAME R Results'!BI91 -> 0.2411141 | BS4: ='SAME R Results'!BJ91 -> 0.91062387 | BT4: ='SAME R Results'!BL91 -> 2.5147001 | BU4: ='SAME R Results'!BM91 -> 3.1669271 | BV4: ='SAME R Results'!BN91 -> 0.12406932 | BW4: ='SAME R Results'!BO91 -> 42225.75 | BX4: ='SAME R Results'!BP91 -> 41523.997 | BY4: ='SAME R Results'!BQ91 -> 39666.623 | BZ4: ='SAME R Results'!BR91 -> 10.181224 | CA4: ='SAME R Results'!BS91 -> 0.013794837 | CB4: ='SAME R Results'!BT91 -> 0.48 | CC4: ='SAME R Results'!BV91 -> 2.6871074 | CD4: ='SAME R Results'!BW91 -> 1 | CE4: ='SAME R Results'!BZ91 -> 242.39388
A5: 2 | B5: ='SAME R Results'!A112 -> 10 (4) | C5: ='SAME R Results'!B112 -> Pyrell | D5: ='SAME R Results'!C112 -> P12 | E5: ='SAME R Results'!D112 -> 60 P | F5: ='SAME R Results'!E112 -> 0 | G5: ='SAME R Results'!F112 -> 107 | H5: ='SAME R Results'!G112 -> Low flow run w/ aging | I5: ='SAME R Results'!H112 -> 252 | ... K5: ='SAME R Results'!J112 -> 0 | N5: ='SAME R Results'!K112 -> 1 | O5: ='SAME R Results'!L112 -> 1.23 | P5: ='SAME R Results'!M112 -> 60 | Q5: ='SAME R Results'!N112 -> 11 | R5: ='SAME R Results'!O112 -> 8 | S5: ='SAME R Results'!P112 -> n | T5: ='SAME R Results'!Q112 -> N | U5: ='SAME R Results'!R112 -> 32 | ... AB5: ='SAME R Results'!Y112 -> y | AD5: ='SAME R Results'!Z112 -> y | AE5: ='SAME R Results'!AA112 -> 10 | AF5: ='SAME R Results'!AB112 -> y | AG5: ='SAME R Results'!AC112 -> 0.038527069 | AH5: ='SAME R Results'!AD112 -> 0 | AI5: ='SAME R Results'!AE112 -> 58 | AJ5: ='SAME R Results'!AF112 -> 480 | AK5: ='SAME R Results'!AG112 -> 0 | ... AT5: ='SAME R Results'!AP112 -> 0 | AV5: ='SAME R Results'!AQ112 -> 0 | AW5: ='SAME R Results'!AR112 -> 6.2564995 | AX5: ='SAME R Results'!AS112 -> 0 | AY5: ='SAME R Results'!AT112 -> 0 | BB5: ='SAME R Results'!AU112 -> 1.0387568 | BC5: ='SAME R Results'!AV112 -> 0.04818725 | BD5: ='SAME R Results'!AW112 -> 4.990799 | BE5: ='SAME R Results'!AX112 -> 4.67427 | BF5: ='SAME R Results'!AY112 -> 5698 | BG5: ='SAME R Results'!AZ112 -> 1.27539 | BH5: ='SAME R Results'!BA112 -> 0.095474235 | BJ5: ='SAME R Results'!BB112 -> 68.19105 | BK5: ='SAME R Results'!BC112 -> 0.316529 | BL5: ='SAME R Results'!BD112 -> 206018.56 | BM5: ='SAME R Results'!BE112 -> 53.439569 | BN5: ='SAME R Results'!BF112 -> 2.5745938 | BO5: ='SAME R Results'!BG112 -> 0.76668107 | BQ5: ='SAME R Results'!BH112 -> 84.672704 | BR5: ='SAME R Results'!BI112 -> 0.25939202 | BS5: ='SAME R Results'!BJ112 -> 0.92245705 | BT5: ='SAME R Results'!BL112 -> 3.3581028 | BU5: ='SAME R Results'!BM112 -> 3.0844272 | BV5: ='SAME R Results'!BN112 -> 0.13755039 | BW5: ='SAME R Results'!BO112 -> 206018.56 | BX5: ='SAME R Results'!BP112 -> 202616.95 | BY5: ='SAME R Results'!BQ112 -> 192944.84 | BZ5: ='SAME R Results'!BR112 -> 53.439569 | CA5: ='SAME R Results'!BS112 -> 0.07025859 | CB5: ='SAME R Results'!BT112 -> 0.48 | CC5: ='SAME R Results'!BV112 -> 2.5868712 | CD5: ='SAME R Results'!BW112 -> 1 | CE5: ='SAME R Results'!BZ112 -> 245.4141
A6: 2 | B6: ='SAME R Results'!A121 -> 11(4) | C6: ='SAME R Results'!B121 -> Pyrell | D6: ='SAME R Results'!C121 -> P13 | E6: ='SAME R Results'!D121 -> 66 P | F6: ='SAME R Results'!E121 -> 0 | G6: ='SAME R Results'!F121 -> 113 | H6: ='SAME R Results'!G121 -> low flow run w STS | I6: ='SAME R Results'!H121 -> 253 | ... K6: ='SAME R Results'!J121 -> 0 | N6: ='SAME R Results'!K121 -> 2 | O6: ='SAME R Results'!L121 -> 1.23 | P6: ='SAME R Results'!M121 -> 60 | Q6: ='SAME R Results'!N121 -> 11 | R6: ='SAME R Results'!O121 -> 8 | S6: ='SAME R Results'!P121 -> n | T6: ='SAME R Results'!Q121 -> n | U6: ='SAME R Results'!R121 -> 31 | ... AB6: ='SAME R Results'!Y121 -> y | AD6: ='SAME R Results'!Z121 -> y | AE6: ='SAME R Results'!AA121 -> 10 | AF6: ='SAME R Results'!AB121 -> y | AG6: ='SAME R Results'!AC121 -> 0.038527069 | AH6: ='SAME R Results'!AD121 -> 0 | AI6: ='SAME R Results'!AE121 -> 0 | AJ6: ='SAME R Results'!AF121 -> 0 | AK6: ='SAME R Results'!AG121 -> 0 | ... AT6: ='SAME R Results'!AP121 -> 0 | AV6: ='SAME R Results'!AQ121 -> 0 | AW6: ='SAME R Results'!AR121 -> 6.283677 | AX6: ='SAME R Results'!AS121 -> 4.6147465 | AY6: ='SAME R Results'!AT121 -> 5.155837 | BB6: ='SAME R Results'!AU121 -> 0 | BC6: ='SAME R Results'!AV121 -> 0 | BD6: ='SAME R Results'!AW121 -> 6.718872 | BE6: ='SAME R Results'!AX121 -> 4.705779 | BF6: ='SAME R Results'!AY121 -> 31375 | BG6: ='SAME R Results'!AZ121 -> 0 | BH6: ='SAME R Results'!BA121 -> 0 | BJ6: ='SAME R Results'!BB121 -> 154.35555 | BK6: ='SAME R Results'!BC121 -> 2.013093 | BL6: ='SAME R Results'!BD121 -> 1176224.5 | BM6: ='SAME R Results'!BE121 -> 459.76995 | BN6: ='SAME R Results'!BF121 -> 0 | BO6: ='SAME R Results'!BG121 -> 0 | BQ6: ='SAME R Results'!BH121 -> 169.19488 | BR6: ='SAME R Results'!BI121 -> 0.39088624 | BS6: ='SAME R Results'!BJ121 -> 0.65007899 | BT6: ='SAME R Results'!BL121 -> 0 | BU6: ='SAME R Results'!BM121 -> 2.0405435 | BV6: ='SAME R Results'!BN121 -> 0.30310458 | BW6: ='SAME R Results'!BO121 -> 1176224.5 | BX6: ='SAME R Results'!BP121 -> 1157494.1 | BY6: ='SAME R Results'!BQ121 -> 1083326.1 | BZ6: ='SAME R Results'!BR121 -> 459.76995 | CA6: ='SAME R Results'!BS121 -> 0.44683765 | CB6: ='SAME R Results'!BT121 -> 0.48 | CC6: ='SAME R Results'!BV121 -> 2.2836194 | CD6: ='SAME R Results'!BW121 -> 1 | CE6: ='SAME R Results'!BZ121 -> 245.37088
A7: 2 | B7: ='SAME R Results'!A27 -> 3 | C7: ='SAME R Results'!B27 -> Pyrell | D7: ='SAME R Results'!C27 -> P03 | E7: ='SAME R Results'!D27 -> 16P | F7: ='SAME R Results'!E27 -> 3 | G7: ='SAME R Results'!F27 -> 63 | H7: ='SAME R Results'!G27 -> Baseline Aging | I7: ='SAME R Results'!H27 -> 235 | ... K7: ='SAME R Results'!J27 -> 0 | N7: ='SAME R Results'!K27 -> 8.1 | O7: ='SAME R Results'!L27 -> 1.22 | P7: ='SAME R Results'!M27 -> 60 | Q7: ='SAME R Results'!N27 -> 11 | R7: ='SAME R Results'!O27 -> 8 | S7: ='SAME R Results'!P27 -> n | T7: ='SAME R Results'!Q27 -> 0 | U7: ='SAME R Results'!R27 -> 55.6 | ... AB7: ='SAME R Results'!Y27 -> y | AD7: ='SAME R Results'!Z27 -> y | AE7: ='SAME R Results'!AA27 -> 10 | AF7: ='SAME R Results'!AB27 -> y | AG7: ='SAME R Results'!AC27 -> 0.038527069 | AH7: ='SAME R Results'!AD27 -> 0 | AI7: ='SAME R Results'!AE27 -> 0 | AJ7: ='SAME R Results'!AF27 -> 0 | AK7: ='SAME R Results'!AG27 -> 0 | ... AT7: ='SAME R Results'!AP27 -> 0 | AV7: ='SAME R Results'!AQ27 -> 0 | AW7: ='SAME R Results'!AR27 -> 6.238 | AX7: ='SAME R Results'!AS27 -> 0 | AY7: ='SAME R Results'!AT27 -> 0 | BB7: ='SAME R Results'!AU27 -> 1.2618105 | BC7: ='SAME R Results'!AV27 -> 0.0268 | BD7: ='SAME R Results'!AW27 -> 7.4841775 | BE7: ='SAME R Results'!AX27 -> 4.7311395 | BF7: ='SAME R Results'!AY27 -> 94725 | BG7: ='SAME R Results'!AZ27 -> 1.744386 | BH7: ='SAME R Results'!BA27 -> 0.082 | BJ7: ='SAME R Results'!BB27 -> 95.16075 | BK7: ='SAME R Results'!BC27 -> 2.753038 | BL7: ='SAME R Results'!BD27 -> 3862679.3 | BM7: ='SAME R Results'!BE27 -> 799.72695 | BN7: ='SAME R Results'!BF27 -> 3.3011902 | BO7: ='SAME R Results'!BG27 -> 1.1108918 | BQ7: ='SAME R Results'!BH27 -> 121.49422 | BR7: ='SAME R Results'!BI27 -> 0.20703944 | BS7: ='SAME R Results'!BJ27 -> 0.39164217 | BT7: ='SAME R Results'!BL27 -> 2.9716576 | BU7: ='SAME R Results'!BM27 -> 2.2219784 | BV7: ='SAME R Results'!BN27 -> 0.1505341 | BW7: ='SAME R Results'!BO27 -> 3862679.3 | BX7: ='SAME R Results'!BP27 -> 3806130.1 | BY7: ='SAME R Results'!BQ27 -> 3426451.3 | BZ7: ='SAME R Results'!BR27 -> 799.72695 | CA7: ='SAME R Results'!BS27 -> 0.61108009 | CB7: ='SAME R Results'!BT27 -> 0.48 | CC7: ='SAME R Results'!BV27 -> 2.6598462 | CD7: ='SAME R Results'!BW27 -> 1 | CE7: ='SAME R Results'!BZ27 -> 225.3
A8: 2 | B8: ='SAME R Results'!A29 -> 3 | C8: ='SAME R Results'!B29 -> Pyrell | D8: ='SAME R Results'!C29 -> P04 | E8: ='SAME R Results'!D29 -> 17P | F8: ='SAME R Results'!E29 -> 4 | G8: ='SAME R Results'!F29 -> 64 | H8: ='SAME R Results'!G29 -> High Temp aging | I8: ='SAME R Results'!H29 -> 235 | ... K8: ='SAME R Results'!J29 -> 0 | N8: ='SAME R Results'!K29 -> 8.1 | O8: ='SAME R Results'!L29 -> 1.23 | P8: ='SAME R Results'!M29 -> 60 | Q8: ='SAME R Results'!N29 -> 11 | R8: ='SAME R Results'!O29 -> 8 | S8: ='SAME R Results'!P29 -> n | T8: ='SAME R Results'!Q29 -> 0 | U8: ='SAME R Results'!R29 -> 47 | ... AB8: ='SAME R Results'!Y29 -> y | AD8: ='SAME R Results'!Z29 -> y | AE8: ='SAME R Results'!AA29 -> 10 | AF8: ='SAME R Results'!AB29 -> y | AG8: ='SAME R Results'!AC29 -> 0.038527069 | AH8: ='SAME R Results'!AD29 -> 0 | AI8: ='SAME R Results'!AE29 -> 0 | AJ8: ='SAME R Results'!AF29 -> 0 | AK8: ='SAME R Results'!AG29 -> 0 | ... AT8: ='SAME R Results'!AP29 -> 0 | AV8: ='SAME R Results'!AQ29 -> 0 | AW8: ='SAME R Results'!AR29 -> 6.248 | AX8: ='SAME R Results'!AS29 -> 0 | AY8: ='SAME R Results'!AT29 -> 0 | BB8: ='SAME R Results'!AU29 -> 2.4593355 | BC8: ='SAME R Results'!AV29 -> 0.0268 | BD8: ='SAME R Results'!AW29 -> 7.6602935 | BE8: ='SAME R Results'!AX29 -> 4.6471245 | BF8: ='SAME R Results'!AY29 -> 95130 | BG8: ='SAME R Results'!AZ29 -> 3.333283 | BH8: ='SAME R Results'!BA29 -> 0.082 | BJ8: ='SAME R Results'!BB29 -> 140.37215 | BK8: ='SAME R Results'!BC29 -> 3.013169 | BL8: ='SAME R Results'!BD29 -> 3881194.3 | BM8: ='SAME R Results'!BE29 -> 985.16488 | BN8: ='SAME R Results'!BF29 -> 6.4844088 | BO8: ='SAME R Results'!BG29 -> 2.1667359 | BQ8: ='SAME R Results'!BH29 -> 178.73078 | BR8: ='SAME R Results'!BI29 -> 0.25383034 | BS8: ='SAME R Results'!BJ29 -> 0.44471159 | BT8: ='SAME R Results'!BL29 -> 2.9927084 | BU8: ='SAME R Results'!BM29 -> 2.1145436 | BV8: ='SAME R Results'!BN29 -> 0.19176798 | BW8: ='SAME R Results'!BO29 -> 3881194.3 | BX8: ='SAME R Results'!BP29 -> 3824403.3 | BY8: ='SAME R Results'!BQ29 -> 3442101.3 | BZ8: ='SAME R Results'!BR29 -> 985.16488 | CA8: ='SAME R Results'!BS29 -> 0.66882025 | CB8: ='SAME R Results'!BT29 -> 0.48 | CC8: ='SAME R Results'!BV29 -> 2.652633 | CD8: ='SAME R Results'!BW29 -> 1 | CE8: ='SAME R Results'!BZ29 -> 242.10308
A9: 2 | B9: ='SAME R Results'!A45 -> 5 | C9: ='SAME R Results'!B45 -> Pyrell | D9: ='SAME R Results'!C45 -> P05 | E9: ='SAME R Results'!D45 -> 27 P | F9: ='SAME R Results'!E45 -> 4 | G9: ='SAME R Results'!F45 -> 74 | H9: ='SAME R Results'!G45 -> Baseline Aging | I9: ='SAME R Results'!H45 -> 238 | ... K9: ='SAME R Results'!J45 -> 0 | N9: ='SAME R Results'!K45 -> 8.1 | O9: ='SAME R Results'!L45 -> 1.22 | P9: ='SAME R Results'!M45 -> 60 | Q9: ='SAME R Results'!N45 -> 11 | R9: ='SAME R Results'!O45 -> 8 | S9: ='SAME R Results'!P45 -> n | T9: ='SAME R Results'!Q45 -> 0 | U9: ='SAME R Results'!R45 -> 48.428571 | ... AB9: ='SAME R Results'!Y45 -> y | AD9: ='SAME R Results'!Z45 -> y | AE9: ='SAME R Results'!AA45 -> 10 | AF9: ='SAME R Results'!AB45 -> y | AG9: ='SAME R Results'!AC45 -> 0.038527069 | AH9: ='SAME R Results'!AD45 -> 0 | AI9: ='SAME R Results'!AE45 -> 58 | AJ9: ='SAME R Results'!AF45 -> 480 | AK9: ='SAME R Results'!AG45 -> 0 | ... AT9: ='SAME R Results'!AP45 -> 0 | AV9: ='SAME R Results'!AQ45 -> 0 | AW9: ='SAME R Results'!AR45 -> 6.2568345 | AX9: ='SAME R Results'!AS45 -> 0 | AY9: ='SAME R Results'!AT45 -> 0 | BB9: ='SAME R Results'!AU45 -> 1.056077 | BC9: ='SAME R Results'!AV45 -> 0.02677919 | BD9: ='SAME R Results'!AW45 -> 7.624359 | BE9: ='SAME R Results'!AX45 -> 4.6188955 | BF9: ='SAME R Results'!AY45 -> 112350 | BG9: ='SAME R Results'!AZ45 -> 1.510315 | BH9: ='SAME R Results'!BA45 -> 0.07855225 | BJ9: ='SAME R Results'!BB45 -> 91.6552 | BK9: ='SAME R Results'!BC45 -> 3.0054635 | BL9: ='SAME R Results'!BD45 -> 4953334.1 | BM9: ='SAME R Results'!BE45 -> 978.85287 | BN9: ='SAME R Results'!BF45 -> 2.721653 | BO9: ='SAME R Results'!BG45 -> 0.9464611 | BQ9: ='SAME R Results'!BH45 -> 115.76666 | BR9: ='SAME R Results'!BI45 -> 0.19761495 | BS9: ='SAME R Results'!BJ45 -> 0.35472823 | BT9: ='SAME R Results'!BL45 -> 2.87561 | BU9: ='SAME R Results'!BM45 -> 2.1487226 | BV9: ='SAME R Results'!BN45 -> 0.14749654 | BW9: ='SAME R Results'!BO45 -> 4953334.1 | BX9: ='SAME R Results'!BP45 -> 4617798.2 | BY9: ='SAME R Results'!BQ45 -> 4102155.5 | BZ9: ='SAME R Results'!BR45 -> 978.85287 | CA9: ='SAME R Results'!BS45 -> 0.6671099 | CB9: ='SAME R Results'!BT45 -> 0.48 | CC9: ='SAME R Results'!BV45 -> 2.6313897 | CD9: ='SAME R Results'!BW45 -> 1 | CE9: ='SAME R Results'!BZ45 -> 234.18213
A10: 2 | B10: ='SAME R Results'!A49 -> 5 | C10: ='SAME R Results'!B49 -> Pyrell | D10: ='SAME R Results'!C49 -> P06 | E10: ='SAME R Results'!D49 -> 29 P | F10: ='SAME R Results'!E49 -> 5 | G10: ='SAME R Results'!F49 -> 76 | H10: ='SAME R Results'!G49 -> High Temp aging | I10: ='SAME R Results'!H49 -> 238 | ... K10: ='SAME R Results'!J49 -> 0 | N10: ='SAME R Results'!K49 -> 8.1 | O10: ='SAME R Results'!L49 -> 1.23 | P10: ='SAME R Results'!M49 -> 60 | Q10: ='SAME R Results'!N49 -> 11 | R10: ='SAME R Results'!O49 -> 8 | S10: ='SAME R Results'!P49 -> n | T10: ='SAME R Results'!Q49 -> 0 | U10: ='SAME R Results'!R49 -> 51.428571 | ... AB10: ='SAME R Results'!Y49 -> y | AD10: ='SAME R Results'!Z49 -> y | AE10: ='SAME R Results'!AA49 -> 10 | AF10: ='SAME R Results'!AB49 -> y | AG10: ='SAME R Results'!AC49 -> 0.038527069 | AH10: ='SAME R Results'!AD49 -> 0 | AI10: ='SAME R Results'!AE49 -> 58 | AJ10: ='SAME R Results'!AF49 -> 480 | AK10: ='SAME R Results'!AG49 -> 0 | ... AT10: ='SAME R Results'!AP49 -> 0 | AV10: ='SAME R Results'!AQ49 -> 0 | AW10: ='SAME R Results'!AR49 -> 6.2617505 | AX10: ='SAME R Results'!AS49 -> 0 | AY10: ='SAME R Results'!AT49 -> 0 | BB10: ='SAME R Results'!AU49 -> 2.642381 | BC10: ='SAME R Results'!AV49 -> 0.02766419 | BD10: ='SAME R Results'!AW49 -> 7.838776 | BE10: ='SAME R Results'!AX49 -> 4.638031 | BF10: ='SAME R Results'!AY49 -> 81685 | BG10: ='SAME R Results'!AZ49 -> 3.380066 | BH10: ='SAME R Results'!BA49 -> 0.079345705 | BJ10: ='SAME R Results'!BB49 -> 187.2917 | BK10: ='SAME R Results'!BC49 -> 3.200745 | BL10: ='SAME R Results'!BD49 -> 3275641.7 | BM10: ='SAME R Results'!BE49 -> 1159.5376 | BN10: ='SAME R Results'!BF49 -> 6.828227 | BO10: ='SAME R Results'!BG49 -> 2.1549243 | BQ10: ='SAME R Results'!BH49 -> 233.65676 | BR10: ='SAME R Results'!BI49 -> 0.35398791 | BS10: ='SAME R Results'!BJ49 -> 0.51455023 | BT10: ='SAME R Results'!BL49 -> 3.1686621 | BU10: ='SAME R Results'!BM49 -> 1.8433421 | BV10: ='SAME R Results'!BN49 -> 0.29360859 | BW10: ='SAME R Results'!BO49 -> 3275641.7 | BX10: ='SAME R Results'!BP49 -> 3226877.1 | BY10: ='SAME R Results'!BQ49 -> 2927113 | BZ10: ='SAME R Results'!BR49 -> 1159.5376 | CA10: ='SAME R Results'!BS49 -> 0.7104557 | CB10: ='SAME R Results'!BT49 -> 0.48 | CC10: ='SAME R Results'!BV49 -> 2.5990736 | CD10: ='SAME R Results'!BW49 -> 1 | CE10: ='SAME R Results'!BZ49 -> 240.92871
A11: 2 | B11: ='SAME R Results'!A67 -> 7 (4) | C11: ='SAME R Results'!B67 -> Pyrell | D11: ='SAME R Results'!C67 -> P01 | E11: ='SAME R Results'!D67 -> 37 P | F11: ='SAME R Results'!E67 -> 0 | G11: ='SAME R Results'!F67 -> 84 | H11: ='SAME R Results'!G67 -> Mid Temp aging retry | I11: ='SAME R Results'!H67 -> 242 | ... K11: ='SAME R Results'!J67 -> 0 | N11: ='SAME R Results'!K67 -> 8.1 | O11: ='SAME R Results'!L67 -> 1.225 | P11: ='SAME R Results'!M67 -> 60 | Q11: ='SAME R Results'!N67 -> 11 | R11: ='SAME R Results'!O67 -> 8 | S11: ='SAME R Results'!P67 -> n | T11: ='SAME R Results'!Q67 -> 0 | U11: ='SAME R Results'!R67 -> 53 | ... AB11: ='SAME R Results'!Y67 -> y | AD11: ='SAME R Results'!Z67 -> y | AE11: ='SAME R Results'!AA67 -> 10 | AF11: ='SAME R Results'!AB67 -> y | AG11: ='SAME R Results'!AC67 -> 0.038527069 | AH11: ='SAME R Results'!AD67 -> 0 | AI11: ='SAME R Results'!AE67 -> 58 | AJ11: ='SAME R Results'!AF67 -> 480 | AK11: ='SAME R Results'!AG67 -> 0 | ... AT11: ='SAME R Results'!AP67 -> 0 | AV11: ='SAME R Results'!AQ67 -> 0 | AW11: ='SAME R Results'!AR67 -> 6.2280885 | AX11: ='SAME R Results'!AS67 -> 0 | AY11: ='SAME R Results'!AT67 -> 0 | BB11: ='SAME R Results'!AU67 -> 1.4112095 | BC11: ='SAME R Results'!AV67 -> 0.02606201 | BD11: ='SAME R Results'!AW67 -> 7.571168 | BE11: ='SAME R Results'!AX67 -> 4.716461 | BF11: ='SAME R Results'!AY67 -> 91635 | BG11: ='SAME R Results'!AZ67 -> 1.8039395 | BH11: ='SAME R Results'!BA67 -> 0.087524415 | BJ11: ='SAME R Results'!BB67 -> 106.89545 | BK11: ='SAME R Results'!BC67 -> 2.854707 | BL11: ='SAME R Results'!BD67 -> 3721976.9 | BM11: ='SAME R Results'!BE67 -> 866.03872 | BN11: ='SAME R Results'!BF67 -> 3.7090515 | BO11: ='SAME R Results'!BG67 -> 1.1490242 | BQ11: ='SAME R Results'!BH67 -> 136.71554 | BR11: ='SAME R Results'!BI67 -> 0.23268245 | BS11: ='SAME R Results'!BJ67 -> 0.41242837 | BT11: ='SAME R Results'!BL67 -> 3.2280012 | BU11: ='SAME R Results'!BM67 -> 2.13094 | BV11: ='SAME R Results'!BN67 -> 0.17477173 | BW11: ='SAME R Results'!BO67 -> 3721976.9 | BX11: ='SAME R Results'!BP67 -> 3667272.4 | BY11: ='SAME R Results'!BQ67 -> 3307328.5 | BZ11: ='SAME R Results'!BR67 -> 866.03872 | CA11: ='SAME R Results'!BS67 -> 0.63364712 | CB11: ='SAME R Results'!BT67 -> 0.48 | CC11: ='SAME R Results'!BV67 -> 2.6645105 | CD11: ='SAME R Results'!BW67 -> 1 | CE11: ='SAME R Results'!BZ67 -> 236.85308
A12: 2 | B12: ='SAME R Results'!A73 -> 7 (4) | C12: ='SAME R Results'!B73 -> Pyrell | D12: ='SAME R Results'!C73 -> P09 | E12: ='SAME R Results'!D73 -> 40 P | F12: ='SAME R Results'!E73 -> 0 | G12: ='SAME R Results'!F73 -> 87 | H12: ='SAME R Results'!G73 -> Baseline STS det | I12: ='SAME R Results'!H73 -> 242 | ... K12: ='SAME R Results'!J73 -> 0 | N12: ='SAME R Results'!K73 -> 8.1 | O12: ='SAME R Results'!L73 -> 1.22 | P12: ='SAME R Results'!M73 -> 60 | Q12: ='SAME R Results'!N73 -> 11 | R12: ='SAME R Results'!O73 -> 8 | S12: ='SAME R Results'!P73 -> n | T12: ='SAME R Results'!Q73 -> n | U12: ='SAME R Results'!R73 -> 45 | ... AB12: ='SAME R Results'!Y73 -> y | AD12: ='SAME R Results'!Z73 -> y | AE12: ='SAME R Results'!AA73 -> 10 | AF12: ='SAME R Results'!AB73 -> y | AG12: ='SAME R Results'!AC73 -> 0.038527069 | AH12: ='SAME R Results'!AD73 -> 0 | AI12: ='SAME R Results'!AE73 -> 0 | AJ12: ='SAME R Results'!AF73 -> 0 | AK12: ='SAME R Results'!AG73 -> 0 | ... AT12: ='SAME R Results'!AP73 -> 0 | AV12: ='SAME R Results'!AQ73 -> 0 | AW12: ='SAME R Results'!AR73 -> 6.2421275 | AX12: ='SAME R Results'!AS73 -> 4.2430115 | AY12: ='SAME R Results'!AT73 -> 5.054764 | BB12: ='SAME R Results'!AU73 -> 0 | BC12: ='SAME R Results'!AV73 -> 0 | BD12: ='SAME R Results'!AW73 -> 7.3783875 | BE12: ='SAME R Results'!AX73 -> 4.915315 | BF12: ='SAME R Results'!AY73 -> 73700 | BG12: ='SAME R Results'!AZ73 -> 0 | BH12: ='SAME R Results'!BA73 -> 0 | BJ12: ='SAME R Results'!BB73 -> 101.71745 | BK12: ='SAME R Results'!BC73 -> 2.4630725 | BL12: ='SAME R Results'!BD73 -> 2924886.4 | BM12: ='SAME R Results'!BE73 -> 642.34879 | BN12: ='SAME R Results'!BF73 -> 0 | BO12: ='SAME R Results'!BG73 -> 0 | BQ12: ='SAME R Results'!BH73 -> 114.35129 | BR12: ='SAME R Results'!BI73 -> 0.21961495 | BS12: ='SAME R Results'!BJ73 -> 0.42109281 | BT12: ='SAME R Results'!BL73 -> 0 | BU12: ='SAME R Results'!BM73 -> 2.2407973 | BV12: ='SAME R Results'!BN73 -> 0.15860028 | BW12: ='SAME R Results'!BO73 -> 2924886.4 | BX12: ='SAME R Results'!BP73 -> 2880888.7 | BY12: ='SAME R Results'!BQ73 -> 2625702.4 | BZ12: ='SAME R Results'!BR73 -> 642.34879 | CA12: ='SAME R Results'!BS73 -> 0.54671768 | CB12: ='SAME R Results'!BT73 -> 0.48 | CC12: ='SAME R Results'!BV73 -> 2.3420943 | CD12: ='SAME R Results'!BW73 -> 1 | CE12: ='SAME R Results'!BZ73 -> 232.47862
A13: 2 | B13: ='SAME R Results'!A8 -> 1 | C13: ='SAME R Results'!B8 -> Pyrell | D13: ='SAME R Results'!C8 -> P02 | E13: ='SAME R Results'!D8 -> 5p | F13: ='SAME R Results'!E8 -> 5 | G13: ='SAME R Results'!F8 -> 52 | H13: ='SAME R Results'!G8 -> Baseline | I13: ='SAME R Results'!H8 -> 203 | ... K13: ='SAME R Results'!J8 -> 0 | N13: ='SAME R Results'!K8 -> 8.1 | O13: ='SAME R Results'!L8 -> 1.22 | P13: ='SAME R Results'!M8 -> 60 | Q13: ='SAME R Results'!N8 -> 11 | R13: ='SAME R Results'!O8 -> 8 | S13: ='SAME R Results'!P8 -> n | T13: ='SAME R Results'!Q8 -> 0 | U13: ='SAME R Results'!R8 -> n/a | ... AB13: ='SAME R Results'!Y8 -> y | AD13: ='SAME R Results'!Z8 -> y | AE13: ='SAME R Results'!AA8 -> 10 | AF13: ='SAME R Results'!AB8 -> y | AG13: ='SAME R Results'!AC8 -> 0.038527069 | AH13: ='SAME R Results'!AD8 -> 0 | AI13: ='SAME R Results'!AE8 -> 0 | AJ13: ='SAME R Results'!AF8 -> 0 | AK13: ='SAME R Results'!AG8 -> 0 | ... AT13: ='SAME R Results'!AP8 -> 0 | AV13: ='SAME R Results'!AQ8 -> 0 | AW13: ='SAME R Results'!AR8 -> 6.244 | AX13: ='SAME R Results'!AS8 -> 0 | AY13: ='SAME R Results'!AT8 -> 0 | BB13: ='SAME R Results'!AU8 -> 1.0733951 | BC13: ='SAME R Results'!AV8 -> 0.0268 | BD13: ='SAME R Results'!AW8 -> 7.1744545 | BE13: ='SAME R Results'!AX8 -> 4.7012175 | BF13: ='SAME R Results'!AY8 -> 77955 | BG13: ='SAME R Results'!AZ8 -> 1.418334 | BH13: ='SAME R Results'!BA8 -> 0.082 | BJ13: ='SAME R Results'!BB8 -> 84.7004 | BK13: ='SAME R Results'!BC8 -> 2.473237 | BL13: ='SAME R Results'!BD8 -> 3110970.9 | BM13: ='SAME R Results'!BE8 -> 647.21974 | BN13: ='SAME R Results'!BF8 -> 2.8033342 | BO13: ='SAME R Results'!BG8 -> 0.89485198 | BQ13: ='SAME R Results'!BH8 -> 108.36086 | BR13: ='SAME R Results'!BI8 -> 0.20804429 | BS13: ='SAME R Results'!BJ8 -> 0.40519053 | BT13: ='SAME R Results'!BL8 -> 3.1327351 | BU13: ='SAME R Results'!BM8 -> 2.2624758 | BV13: ='SAME R Results'!BN8 -> 0.14907474 | BW13: ='SAME R Results'!BO8 -> 3110970.9 | BX13: ='SAME R Results'!BP8 -> 3064433.1 | BY13: ='SAME R Results'!BQ8 -> 2785904.4 | BZ13: ='SAME R Results'!BR8 -> 647.21974 | CA13: ='SAME R Results'!BS8 -> 0.54897385 | CB13: ='SAME R Results'!BT8 -> 0.48 | CC13: ='SAME R Results'!BV8 -> 2.6652978 | CD13: ='SAME R Results'!BW8 -> 1 | CE13: ='SAME R Results'!BZ8 -> 230.42121
A14: 2 | B14: ='SAME R Results'!A86 -> 8(4) | C14: ='SAME R Results'!B86 -> Pyrell | D14: ='SAME R Results'!C86 -> P10 | E14: ='SAME R Results'!D86 -> 48PA | F14: ='SAME R Results'!E86 -> 0 | G14: ='SAME R Results'!F86 -> 95a | H14: ='SAME R Results'!G86 -> aged | I14: ='SAME R Results'!H86 -> 250 | ... K14: ='SAME R Results'!J86 -> 0 | N14: ='SAME R Results'!K86 -> 0 | O14: ='SAME R Results'!L86 -> 1.22 | P14: ='SAME R Results'!M86 -> 0 | Q14: ='SAME R Results'!N86 -> 0 | R14: ='SAME R Results'!O86 -> 0 | S14: ='SAME R Results'!P86 -> 0 | T14: ='SAME R Results'!Q86 -> 0 | U14: ='SAME R Results'!R86 -> n/a | ... AB14: ='SAME R Results'!Y86 -> y | AD14: ='SAME R Results'!Z86 -> y | AE14: ='SAME R Results'!AA86 -> 10 | AF14: ='SAME R Results'!AB86 -> y | AG14: ='SAME R Results'!AC86 -> 0.038527069 | AH14: ='SAME R Results'!AD86 -> 0 | AI14: ='SAME R Results'!AE86 -> 0 | AJ14: ='SAME R Results'!AF86 -> 0 | AK14: ='SAME R Results'!AG86 -> 0 | ... AT14: ='SAME R Results'!AP86 -> 0 | AV14: ='SAME R Results'!AQ86 -> 0 | AW14: ='SAME R Results'!AR86 -> 4.381729 | AX14: ='SAME R Results'!AS86 -> 0 | AY14: ='SAME R Results'!AT86 -> 0 | BB14: ='SAME R Results'!AU86 -> 0.1561736 | BC14: ='SAME R Results'!AV86 -> 0.029205315 | BD14: ='SAME R Results'!AW86 -> 4.7462305 | BE14: ='SAME R Results'!AX86 -> 4.667572 | BF14: ='SAME R Results'!AY86 -> 999 | BG14: ='SAME R Results'!AZ86 -> 0.27084355 | BH14: ='SAME R Results'!BA86 -> 0.08013916 | BJ14: ='SAME R Results'!BB86 -> 8.7779 | BK14: ='SAME R Results'!BC86 -> 0.0786585 | BL14: ='SAME R Results'!BD86 -> 35876.448 | BM14: ='SAME R Results'!BE86 -> 12.910105 | BN14: ='SAME R Results'!BF86 -> 0.34105658 | BO14: ='SAME R Results'!BG86 -> 0.12806542 | BQ14: ='SAME R Results'!BH86 -> 11.261672 | BR14: ='SAME R Results'!BI86 -> 0.35984902 | BS14: ='SAME R Results'!BJ86 -> 0.84320195 | BT14: ='SAME R Results'!BL86 -> 2.6631434 | BU14: ='SAME R Results'!BM86 -> 2.5162746 | BV14: ='SAME R Results'!BN86 -> 0.23507946 | BW14: ='SAME R Results'!BO86 -> 35876.448 | BX14: ='SAME R Results'!BP86 -> 35280.062 | BY14: ='SAME R Results'!BQ86 -> 33706.148 | BZ14: ='SAME R Results'!BR86 -> 12.910105 | CA14: ='SAME R Results'!BS86 -> 0.017459491 | CB14: ='SAME R Results'!BT86 -> 0.48 | CC14: ='SAME R Results'!BV86 -> 2.6728279 | CD14: ='SAME R Results'!BW86 -> 1 | CE14: ='SAME R Results'!BZ86 -> 236.14679
A15: 2 | B15: ='SAME R Results'!A92 -> 9(4) | C15: ='SAME R Results'!B92 -> Pyrell | D15: ='SAME R Results'!C92 -> P11 | E15: ='SAME R Results'!D92 -> 50PA | F15: ='SAME R Results'!E92 -> 0 | G15: ='SAME R Results'!F92 -> 97a | H15: ='SAME R Results'!G92 -> aged | I15: ='SAME R Results'!H92 -> 251 | ... K15: ='SAME R Results'!J92 -> 0 | N15: ='SAME R Results'!K92 -> 0 | O15: ='SAME R Results'!L92 -> 1.23 | P15: ='SAME R Results'!M92 -> 0 | Q15: ='SAME R Results'!N92 -> 0 | R15: ='SAME R Results'!O92 -> 0 | S15: ='SAME R Results'!P92 -> 0 | T15: ='SAME R Results'!Q92 -> 0 | U15: ='SAME R Results'!R92 -> 623.85714 | ... AB15: ='SAME R Results'!Y92 -> y | AD15: ='SAME R Results'!Z92 -> y | AE15: ='SAME R Results'!AA92 -> 10 | AF15: ='SAME R Results'!AB92 -> y | AG15: ='SAME R Results'!AC92 -> 0.038527069 | AH15: ='SAME R Results'!AD92 -> 0 | AI15: ='SAME R Results'!AE92 -> 0 | AJ15: ='SAME R Results'!AF92 -> 0 | AK15: ='SAME R Results'!AG92 -> 0 | ... AT15: ='SAME R Results'!AP92 -> 0 | AV15: ='SAME R Results'!AQ92 -> 0 | AW15: ='SAME R Results'!AR92 -> 5.280457 | AX15: ='SAME R Results'!AS92 -> 0 | AY15: ='SAME R Results'!AT92 -> 0 | BB15: ='SAME R Results'!AU92 -> 0.1629333 | BC15: ='SAME R Results'!AV92 -> 0.031524655 | BD15: ='SAME R Results'!AW92 -> 4.755493 | BE15: ='SAME R Results'!AX92 -> 4.6810145 | BF15: ='SAME R Results'!AY92 -> 974.3 | BG15: ='SAME R Results'!AZ92 -> 0.2967071 | BH15: ='SAME R Results'!BA92 -> 0.095581095 | BJ15: ='SAME R Results'!BB92 -> 11.96435 | BK15: ='SAME R Results'!BC92 -> 0.0744785 | BL15: ='SAME R Results'!BD92 -> 34988.164 | BM15: ='SAME R Results'!BE92 -> 12.218231 | BN15: ='SAME R Results'!BF92 -> 0.3517746 | BO15: ='SAME R Results'!BG92 -> 0.13460115 | BQ15: ='SAME R Results'!BH92 -> 15.29757 | BR15: ='SAME R Results'!BI92 -> 0.3492104 | BS15: ='SAME R Results'!BJ92 -> 0.94167468 | BT15: ='SAME R Results'!BL92 -> 2.6134592 | BU15: ='SAME R Results'!BM92 -> 2.7073886 | BV15: ='SAME R Results'!BN92 -> 0.2126573 | BW15: ='SAME R Results'!BO92 -> 34988.164 | BX15: ='SAME R Results'!BP92 -> 34406.523 | BY15: ='SAME R Results'!BQ92 -> 32872.148 | BZ15: ='SAME R Results'!BR92 -> 12.218231 | CA15: ='SAME R Results'!BS92 -> 0.016531675 | CB15: ='SAME R Results'!BT92 -> 0.48 | CC15: ='SAME R Results'!BV92 -> 2.6637417 | CD15: ='SAME R Results'!BW92 -> 1 | CE15: ='SAME R Results'!BZ92 -> 242.39388
A16: 2 | B16: ='SAME R Results'!A113 -> 10 (4) | C16: ='SAME R Results'!B113 -> Pyrell | D16: ='SAME R Results'!C113 -> P12 | E16: ='SAME R Results'!D113 -> 60PA | F16: ='SAME R Results'!E113 -> 0 | G16: ='SAME R Results'!F113 -> 107a | H16: ='SAME R Results'!G113 -> aged | I16: ='SAME R Results'!H113 -> 252 | ... K16: ='SAME R Results'!J113 -> 0 | N16: ='SAME R Results'!K113 -> 1 | O16: ='SAME R Results'!L113 -> 1.23 | P16: ='SAME R Results'!M113 -> 0 | Q16: ='SAME R Results'!N113 -> 0 | R16: ='SAME R Results'!O113 -> 0 | S16: ='SAME R Results'!P113 -> 0 | T16: ='SAME R Results'!Q113 -> 0 | U16: ='SAME R Results'!R113 -> 558.71429 | ... AB16: ='SAME R Results'!Y113 -> y | AD16: ='SAME R Results'!Z113 -> y | AE16: ='SAME R Results'!AA113 -> 10 | AF16: ='SAME R Results'!AB113 -> y | AG16: ='SAME R Results'!AC113 -> 0.038527069 | AH16: ='SAME R Results'!AD113 -> 0 | AI16: ='SAME R Results'!AE113 -> 0 | AJ16: ='SAME R Results'!AF113 -> 0 | AK16: ='SAME R Results'!AG113 -> 0 | ... AT16: ='SAME R Results'!AP113 -> 60 | AV16: ='SAME R Results'!AQ113 -> 0 | AW16: ='SAME R Results'!AR113 -> 6.2575835 | AX16: ='SAME R Results'!AS113 -> 0 | AY16: ='SAME R Results'!AT113 -> 0 | BB16: ='SAME R Results'!AU113 -> 1.022004 | BC16: ='SAME R Results'!AV113 -> 0.03450012 | BD16: ='SAME R Results'!AW113 -> 4.9970245 | BE16: ='SAME R Results'!AX113 -> 4.675018 | BF16: ='SAME R Results'!AY113 -> 5337 | BG16: ='SAME R Results'!AZ113 -> 1.282119 | BH16: ='SAME R Results'!BA113 -> 0.086364745 | BJ16: ='SAME R Results'!BB113 -> 67.1312 | BK16: ='SAME R Results'!BC113 -> 0.3220065 | BL16: ='SAME R Results'!BD113 -> 192866.12 | BM16: ='SAME R Results'!BE113 -> 54.401224 | BN16: ='SAME R Results'!BF113 -> 2.525544 | BO16: ='SAME R Results'!BG113 -> 0.76453624 | BQ16: ='SAME R Results'!BH113 -> 82.032519 | BR16: ='SAME R Results'!BI113 -> 0.28206729 | BS16: ='SAME R Results'!BJ113 -> 0.93306198 | BT16: ='SAME R Results'!BL113 -> 3.3033673 | BU16: ='SAME R Results'!BM113 -> 2.9854989 | BV16: ='SAME R Results'!BN113 -> 0.15508645 | BW16: ='SAME R Results'!BO113 -> 192866.12 | BX16: ='SAME R Results'!BP113 -> 189680.02 | BY16: ='SAME R Results'!BQ113 -> 180670.71 | BZ16: ='SAME R Results'!BR113 -> 54.401224 | CA16: ='SAME R Results'!BS113 -> 0.071474407 | CB16: ='SAME R Results'!BT113 -> 0.48 | CC16: ='SAME R Results'!BV113 -> 2.5457772 | CD16: ='SAME R Results'!BW113 -> 1 | CE16: ='SAME R Results'!BZ113 -> 245.4141
A17: 2 | B17: ='SAME R Results'!A46 -> 5 | C17: ='SAME R Results'!B46 -> Pyrell | D17: ='SAME R Results'!C46 -> P05 | E17: ='SAME R Results'!D46 -> 27 Pa | F17: ='SAME R Results'!E46 -> 4 | G17: ='SAME R Results'!F46 -> 74a | H17: ='SAME R Results'!G46 -> aged | I17: ='SAME R Results'!H46 -> 238 | ... K17: ='SAME R Results'!J46 -> 0 | N17: ='SAME R Results'!K46 -> 8.1 | O17: ='SAME R Results'!L46 -> 1.22 | P17: ='SAME R Results'!M46 -> 0 | Q17: ='SAME R Results'!N46 -> 0 | R17: ='SAME R Results'!O46 -> 0 | S17: ='SAME R Results'!P46 -> 0 | T17: ='SAME R Results'!Q46 -> 0 | U17: ='SAME R Results'!R46 -> 622.57143 | ... AB17: ='SAME R Results'!Y46 -> y | AD17: ='SAME R Results'!Z46 -> y | AE17: ='SAME R Results'!AA46 -> 10 | AF17: ='SAME R Results'!AB46 -> y | AG17: ='SAME R Results'!AC46 -> 0.038527069 | AH17: ='SAME R Results'!AD46 -> 0 | AI17: ='SAME R Results'!AE46 -> 0 | AJ17: ='SAME R Results'!AF46 -> 0 | AK17: ='SAME R Results'!AG46 -> 0 | ... AT17: ='SAME R Results'!AP46 -> 60 | AV17: ='SAME R Results'!AQ46 -> 0 | AW17: ='SAME R Results'!AR46 -> 6.259078 | AX17: ='SAME R Results'!AS46 -> 0 | AY17: ='SAME R Results'!AT46 -> 0 | BB17: ='SAME R Results'!AU46 -> 1.346512 | BC17: ='SAME R Results'!AV46 -> 0.0528412 | BD17: ='SAME R Results'!AW46 -> 7.136291 | BE17: ='SAME R Results'!AX46 -> 4.6989445 | BF17: ='SAME R Results'!AY46 -> 43615 | BG17: ='SAME R Results'!AZ46 -> 1.849732 | BH17: ='SAME R Results'!BA46 -> 0.11183163 | BJ17: ='SAME R Results'!BB46 -> 93.744 | BK17: ='SAME R Results'!BC46 -> 2.4373465 | BL17: ='SAME R Results'!BD46 -> 1662805.4 | BM17: ='SAME R Results'!BE46 -> 630.19823 | BN17: ='SAME R Results'!BF46 -> 3.3793622 | BO17: ='SAME R Results'!BG46 -> 1.1349477 | BQ17: ='SAME R Results'!BH46 -> 116.98495 | BR17: ='SAME R Results'!BI46 -> 0.37899697 | BS17: ='SAME R Results'!BJ46 -> 0.51218868 | BT17: ='SAME R Results'!BL46 -> 2.9775488 | BU17: ='SAME R Results'!BM46 -> 1.7311482 | BV17: ='SAME R Results'!BN46 -> 0.32601578 | BW17: ='SAME R Results'!BO46 -> 1662805.4 | BX17: ='SAME R Results'!BP46 -> 1636768 | BY17: ='SAME R Results'!BQ46 -> 1519809.1 | BZ17: ='SAME R Results'!BR46 -> 630.19823 | CA17: ='SAME R Results'!BS46 -> 0.54100739 | CB17: ='SAME R Results'!BT46 -> 0.48 | CC17: ='SAME R Results'!BV46 -> 2.5998319 | CD17: ='SAME R Results'!BW46 -> 1 | CE17: ='SAME R Results'!BZ46 -> 234.18213
A18: 2 | B18: ='SAME R Results'!A50 -> 5 | C18: ='SAME R Results'!B50 -> Pyrell | D18: ='SAME R Results'!C50 -> P06 | E18: ='SAME R Results'!D50 -> 29 Pa | F18: ='SAME R Results'!E50 -> 5 | G18: ='SAME R Results'!F50 -> 76a | H18: ='SAME R Results'!G50 -> aged | I18: ='SAME R Results'!H50 -> 238 | ... K18: ='SAME R Results'!J50 -> 0 | N18: ='SAME R Results'!K50 -> 8.1 | O18: ='SAME R Results'!L50 -> 1.23 | P18: ='SAME R Results'!M50 -> 0 | Q18: ='SAME R Results'!N50 -> 0 | R18: ='SAME R Results'!O50 -> 0 | S18: ='SAME R Results'!P50 -> 0 | T18: ='SAME R Results'!Q50 -> 0 | U18: ='SAME R Results'!R50 -> 625.42857 | ... AB18: ='SAME R Results'!Y50 -> y | AD18: ='SAME R Results'!Z50 -> y | AE18: ='SAME R Results'!AA50 -> 10 | AF18: ='SAME R Results'!AB50 -> y | AG18: ='SAME R Results'!AC50 -> 0.038527069 | AH18: ='SAME R Results'!AD50 -> 0 | AI18: ='SAME R Results'!AE50 -> 0 | AJ18: ='SAME R Results'!AF50 -> 0 | AK18: ='SAME R Results'!AG50 -> 0 | ... AT18: ='SAME R Results'!AP50 -> 45 | AV18: ='SAME R Results'!AQ50 -> 0 | AW18: ='SAME R Results'!AR50 -> 6.263825 | AX18: ='SAME R Results'!AS50 -> 0 | AY18: ='SAME R Results'!AT50 -> 0 | BB18: ='SAME R Results'!AU50 -> 2.9929655 | BC18: ='SAME R Results'!AV50 -> 0.10406491 | BD18: ='SAME R Results'!AW50 -> 7.378616 | BE18: ='SAME R Results'!AX50 -> 4.752075 | BF18: ='SAME R Results'!AY50 -> 42855 | BG18: ='SAME R Results'!AZ50 -> 3.7528845 | BH18: ='SAME R Results'!BA50 -> 0.1647187 | BJ18: ='SAME R Results'!BB50 -> 182.25265 | BK18: ='SAME R Results'!BC50 -> 2.626541 | BL18: ='SAME R Results'!BD50 -> 1632140 | BM18: ='SAME R Results'!BE50 -> 725.9923 | BN18: ='SAME R Results'!BF50 -> 7.5308396 | BO18: ='SAME R Results'!BG50 -> 2.3384243 | BQ18: ='SAME R Results'!BH50 -> 226.9693 | BR18: ='SAME R Results'!BI50 -> 0.44481007 | BS18: ='SAME R Results'!BJ50 -> 0.64279185 | BT18: ='SAME R Results'!BL50 -> 3.2204761 | BU18: ='SAME R Results'!BM50 -> 1.834502 | BV18: ='SAME R Results'!BN50 -> 0.37002131 | BW18: ='SAME R Results'!BO50 -> 1632140 | BX18: ='SAME R Results'!BP50 -> 1606556.3 | BY18: ='SAME R Results'!BQ50 -> 1492480.8 | BZ18: ='SAME R Results'!BR50 -> 725.9923 | CA18: ='SAME R Results'!BS50 -> 0.58300209 | CB18: ='SAME R Results'!BT50 -> 0.48 | CC18: ='SAME R Results'!BV50 -> 2.5944901 | CD18: ='SAME R Results'!BW50 -> 1 | CE18: ='SAME R Results'!BZ50 -> 240.92871
A19: 2 | B19: ='SAME R Results'!A68 -> 7 (4) | C19: ='SAME R Results'!B68 -> Pyrell | D19: ='SAME R Results'!C68 -> P01 | E19: ='SAME R Results'!D68 -> 37Pa | F19: ='SAME R Results'!E68 -> 0 | G19: ='SAME R Results'!F68 -> 84a | H19: ='SAME R Results'!G68 -> aged | I19: ='SAME R Results'!H68 -> 242 | ... K19: ='SAME R Results'!J68 -> 0 | N19: ='SAME R Results'!K68 -> 8.1 | O19: ='SAME R Results'!L68 -> 1.225 | P19: ='SAME R Results'!M68 -> 0 | Q19: ='SAME R Results'!N68 -> 0 | R19: ='SAME R Results'!O68 -> 0 | S19: ='SAME R Results'!P68 -> 0 | T19: ='SAME R Results'!Q68 -> 0 | U19: ='SAME R Results'!R68 -> 632.14286 | ... AB19: ='SAME R Results'!Y68 -> y | AD19: ='SAME R Results'!Z68 -> y | AE19: ='SAME R Results'!AA68 -> 10 | AF19: ='SAME R Results'!AB68 -> y | AG19: ='SAME R Results'!AC68 -> 0.038527069 | AH19: ='SAME R Results'!AD68 -> 0 | AI19: ='SAME R Results'!AE68 -> 0 | AJ19: ='SAME R Results'!AF68 -> 0 | AK19: ='SAME R Results'!AG68 -> 0 | ... AT19: ='SAME R Results'!AP68 -> 60 | AV19: ='SAME R Results'!AQ68 -> 0 | AW19: ='SAME R Results'!AR68 -> 6.2334445 | AX19: ='SAME R Results'!AS68 -> 0 | AY19: ='SAME R Results'!AT68 -> 0 | BB19: ='SAME R Results'!AU68 -> 1.465866 | BC19: ='SAME R Results'!AV68 -> 0.057357785 | BD19: ='SAME R Results'!AW68 -> 7.1149745 | BE19: ='SAME R Results'!AX68 -> 4.750412 | BF19: ='SAME R Results'!AY68 -> 44120 | BG19: ='SAME R Results'!AZ68 -> 1.7928005 | BH19: ='SAME R Results'!BA68 -> 0.12527461 | BJ19: ='SAME R Results'!BB68 -> 105.30195 | BK19: ='SAME R Results'!BC68 -> 2.3645625 | BL19: ='SAME R Results'!BD68 -> 1683215 | BM19: ='SAME R Results'!BE68 -> 597.13137 | BN19: ='SAME R Results'!BF68 -> 3.7357686 | BO19: ='SAME R Results'!BG68 -> 1.1056895 | BQ19: ='SAME R Results'!BH68 -> 133.40784 | BR19: ='SAME R Results'!BI68 -> 0.35475645 | BS19: ='SAME R Results'!BJ68 -> 0.53294334 | BT19: ='SAME R Results'!BL68 -> 3.3786779 | BU19: ='SAME R Results'!BM68 -> 1.8926022 | BV19: ='SAME R Results'!BN68 -> 0.28943758 | BW19: ='SAME R Results'!BO68 -> 1683215 | BX19: ='SAME R Results'!BP68 -> 1656876.1 | BY19: ='SAME R Results'!BQ68 -> 1537984.7 | BZ19: ='SAME R Results'!BR68 -> 597.13137 | CA19: ='SAME R Results'!BS68 -> 0.52485184 | CB19: ='SAME R Results'!BT68 -> 0.48 | CC19: ='SAME R Results'!BV68 -> 2.6393907 | CD19: ='SAME R Results'!BW68 -> 1 | CE19: ='SAME R Results'!BZ68 -> 236.85308
A20: 2 | B20: ='SAME R Results'!A40 -> 6 | C20: ='SAME R Results'!B40 -> Pyrell | D20: ='SAME R Results'!C40 -> P08 | E20: ='SAME R Results'!D40 -> 24 P | F20: ='SAME R Results'!E40 -> 5 | G20: ='SAME R Results'!F40 -> 71 | H20: ='SAME R Results'!G40 -> High temp aged STS det | I20: ='SAME R Results'!H40 -> 236 | ... K20: ='SAME R Results'!J40 -> 0 | N20: ='SAME R Results'!K40 -> 8.1 | O20: ='SAME R Results'!L40 -> 1.23 | P20: ='SAME R Results'!M40 -> 60 | Q20: ='SAME R Results'!N40 -> 720 | R20: ='SAME R Results'!O40 -> 8 | S20: ='SAME R Results'!P40 -> n | T20: ='SAME R Results'!Q40 -> n | U20: ='SAME R Results'!R40 -> 750.42857 | ... AB20: ='SAME R Results'!Y40 -> y | AD20: ='SAME R Results'!Z40 -> y | AE20: ='SAME R Results'!AA40 -> 10 | AF20: ='SAME R Results'!AB40 -> y | AG20: ='SAME R Results'!AC40 -> 0.038527069 | AH20: ='SAME R Results'!AD40 -> 0 | AI20: ='SAME R Results'!AE40 -> 0 | AJ20: ='SAME R Results'!AF40 -> 0 | AK20: ='SAME R Results'!AG40 -> 0 | ... AT20: ='SAME R Results'!AP40 -> 0 | AV20: ='SAME R Results'!AQ40 -> 0 | AW20: ='SAME R Results'!AR40 -> 6.1209415 | AX20: ='SAME R Results'!AS40 -> 4.507355 | AY20: ='SAME R Results'!AT40 -> 5.1140445 | BB20: ='SAME R Results'!AU40 -> 0 | BC20: ='SAME R Results'!AV40 -> 0 | BD20: ='SAME R Results'!AW40 -> 6.663803 | BE20: ='SAME R Results'!AX40 -> 4.725647 | BF20: ='SAME R Results'!AY40 -> 35850 | BG20: ='SAME R Results'!AZ40 -> 0 | BH20: ='SAME R Results'!BA40 -> 0 | BJ20: ='SAME R Results'!BB40 -> 51.40015 | BK20: ='SAME R Results'!BC40 -> 1.938156 | BL20: ='SAME R Results'!BD40 -> 1352316.9 | BM20: ='SAME R Results'!BE40 -> 434.33533 | BN20: ='SAME R Results'!BF40 -> 0 | BO20: ='SAME R Results'!BG40 -> 0 | BQ20: ='SAME R Results'!BH40 -> 57.835265 | BR20: ='SAME R Results'!BI40 -> 0.32117867 | BS20: ='SAME R Results'!BJ40 -> 0.43388225 | BT20: ='SAME R Results'!BL40 -> 0 | BU20: ='SAME R Results'!BM40 -> 1.7305342 | BV20: ='SAME R Results'!BN40 -> 0.27633386 | BW20: ='SAME R Results'!BO40 -> 1352316.9 | BX20: ='SAME R Results'!BP40 -> 1330915 | BY20: ='SAME R Results'!BQ40 -> 1242004.3 | BZ20: ='SAME R Results'!BR40 -> 434.33533 | CA20: ='SAME R Results'!BS40 -> 0.43020421 | CB20: ='SAME R Results'!BT40 -> 0.48 | CC20: ='SAME R Results'!BV40 -> 2.3441592 | CD20: ='SAME R Results'!BW40 -> 1 | CE20: ='SAME R Results'!BZ40 -> 245.32659
A21: 2 | B21: ='SAME R Results'!A28 -> 3 | C21: ='SAME R Results'!B28 -> Pyrell | D21: ='SAME R Results'!C28 -> P03 | E21: ='SAME R Results'!D28 -> 16Pa | F21: ='SAME R Results'!E28 -> 3 | G21: ='SAME R Results'!F28 -> 63a | H21: ='SAME R Results'!G28 -> aged | I21: ='SAME R Results'!H28 -> 235 | ... K21: ='SAME R Results'!J28 -> 0 | N21: ='SAME R Results'!K28 -> 8.1 | O21: ='SAME R Results'!L28 -> 1.22 | P21: ='SAME R Results'!M28 -> 0 | Q21: ='SAME R Results'!N28 -> 0 | R21: ='SAME R Results'!O28 -> 0 | S21: ='SAME R Results'!P28 -> 0 | T21: ='SAME R Results'!Q28 -> 0 | U21: ='SAME R Results'!R28 -> 839.6 | ... AB21: ='SAME R Results'!Y28 -> y | AD21: ='SAME R Results'!Z28 -> y | AE21: ='SAME R Results'!AA28 -> 10 | AF21: ='SAME R Results'!AB28 -> y | AG21: ='SAME R Results'!AC28 -> 0.038527069 | AH21: ='SAME R Results'!AD28 -> 0 | AI21: ='SAME R Results'!AE28 -> 70 | AJ21: ='SAME R Results'!AF28 -> 720 | AK21: ='SAME R Results'!AG28 -> 0 | ... AT21: ='SAME R Results'!AP28 -> 60 | AV21: ='SAME R Results'!AQ28 -> 0 | AW21: ='SAME R Results'!AR28 -> 6.24 | AX21: ='SAME R Results'!AS28 -> 0 | AY21: ='SAME R Results'!AT28 -> 0 | BB21: ='SAME R Results'!AU28 -> 1.7016755 | BC21: ='SAME R Results'!AV28 -> 0.0268 | BD21: ='SAME R Results'!AW28 -> 6.8619835 | BE21: ='SAME R Results'!AX28 -> 4.7158055 | BF21: ='SAME R Results'!AY28 -> 37425 | BG21: ='SAME R Results'!AZ28 -> 2.2644655 | BH21: ='SAME R Results'!BA28 -> 0.082 | BJ21: ='SAME R Results'!BB28 -> 92.13705 | BK21: ='SAME R Results'!BC28 -> 2.146178 | BL21: ='SAME R Results'!BD28 -> 1414788.2 | BM21: ='SAME R Results'!BE28 -> 507.96942 | BN21: ='SAME R Results'!BF28 -> 4.4202532 | BO21: ='SAME R Results'!BG28 -> 1.4399653 | BQ21: ='SAME R Results'!BH28 -> 116.15557 | BR21: ='SAME R Results'!BI28 -> 0.35904274 | BS21: ='SAME R Results'!BJ28 -> 0.53924154 | BT21: ='SAME R Results'!BL28 -> 3.0696943 | BU21: ='SAME R Results'!BM28 -> 1.8922143 | BV21: ='SAME R Results'!BN28 -> 0.29297298 | BW21: ='SAME R Results'!BO28 -> 1414788.2 | BX21: ='SAME R Results'!BP28 -> 1392446.1 | BY21: ='SAME R Results'!BQ28 -> 1298099.3 | BZ21: ='SAME R Results'!BR28 -> 507.96942 | CA21: ='SAME R Results'!BS28 -> 0.47637796 | CB21: ='SAME R Results'!BT28 -> 0.48 | CC21: ='SAME R Results'!BV28 -> 2.626422 | CD21: ='SAME R Results'!BW28 -> 1 | CE21: ='SAME R Results'!BZ28 -> 225.3
A22: 2 | B22: ='SAME R Results'!A30 -> 3 | C22: ='SAME R Results'!B30 -> Pyrell | D22: ='SAME R Results'!C30 -> P04 | E22: ='SAME R Results'!D30 -> 17Pa | F22: ='SAME R Results'!E30 -> 4 | G22: ='SAME R Results'!F30 -> 64a | H22: ='SAME R Results'!G30 -> aged | I22: ='SAME R Results'!H30 -> 235 | ... K22: ='SAME R Results'!J30 -> 0 | N22: ='SAME R Results'!K30 -> 8.1 | O22: ='SAME R Results'!L30 -> 1.23 | P22: ='SAME R Results'!M30 -> 0 | Q22: ='SAME R Results'!N30 -> 0 | R22: ='SAME R Results'!O30 -> 0 | S22: ='SAME R Results'!P30 -> 0 | T22: ='SAME R Results'!Q30 -> 0 | U22: ='SAME R Results'!R30 -> 842.4 | ... AB22: ='SAME R Results'!Y30 -> y | AD22: ='SAME R Results'!Z30 -> y | AE22: ='SAME R Results'!AA30 -> 10 | AF22: ='SAME R Results'!AB30 -> y | AG22: ='SAME R Results'!AC30 -> 0.038527069 | AH22: ='SAME R Results'!AD30 -> 0 | AI22: ='SAME R Results'!AE30 -> 70 | AJ22: ='SAME R Results'!AF30 -> 720 | AK22: ='SAME R Results'!AG30 -> 0 | ... AT22: ='SAME R Results'!AP30 -> 45 | AV22: ='SAME R Results'!AQ30 -> 0 | AW22: ='SAME R Results'!AR30 -> 6.249 | AX22: ='SAME R Results'!AS30 -> 0 | AY22: ='SAME R Results'!AT30 -> 0 | BB22: ='SAME R Results'!AU30 -> 2.4697265 | BC22: ='SAME R Results'!AV30 -> 0.0268 | BD22: ='SAME R Results'!AW30 -> 7.1536855 | BE22: ='SAME R Results'!AX30 -> 4.6995235 | BF22: ='SAME R Results'!AY30 -> 37495 | BG22: ='SAME R Results'!AZ30 -> 3.2575235 | BH22: ='SAME R Results'!BA30 -> 0.082 | BJ22: ='SAME R Results'!BB30 -> 137.74325 | BK22: ='SAME R Results'!BC30 -> 2.454162 | BL22: ='SAME R Results'!BD30 -> 1417570.6 | BM22: ='SAME R Results'!BE30 -> 638.11174 | BN22: ='SAME R Results'!BF30 -> 6.4328391 | BO22: ='SAME R Results'!BG30 -> 2.0904878 | BQ22: ='SAME R Results'!BH30 -> 173.26518 | BR22: ='SAME R Results'!BI30 -> 0.45014458 | BS22: ='SAME R Results'!BJ30 -> 0.61572859 | BT22: ='SAME R Results'!BL30 -> 3.0771953 | BU22: ='SAME R Results'!BM30 -> 1.7501057 | BV22: ='SAME R Results'!BN30 -> 0.38488712 | BW22: ='SAME R Results'!BO30 -> 1417570.6 | BX22: ='SAME R Results'!BP30 -> 1395186.8 | BY22: ='SAME R Results'!BQ30 -> 1300595.4 | BZ22: ='SAME R Results'!BR30 -> 638.11174 | CA22: ='SAME R Results'!BS30 -> 0.54473986 | CB22: ='SAME R Results'!BT30 -> 0.48 | CC22: ='SAME R Results'!BV30 -> 2.6205939 | CD22: ='SAME R Results'!BW30 -> 1 | CE22: ='SAME R Results'!BZ30 -> 242.10308
I23: Print Boundary Print inside the blue border
CE25: range
H26: Baseline Aging | BR26: =AVERAGE(BR7,BR9,BR13) -> 0.20423289 | BS26: =AVERAGE(BS7,BS9,BS13) -> 0.38385365 | BU26: =AVERAGE(BU7,BU9,BU13) -> 2.2110589 | BV26: =AVERAGE(BV7,BV9,BV13) -> 0.14903513 | CE26: =MIN(CE3:CE22) -> 225.3
H27: Aged 720 sec | BR27: =BR21 -> 0.35904274 | BS27: =BS21 -> 0.53924154 | BU27: =BU21 -> 1.8922143 | BV27: =BV21 -> 0.29297298 | CE27: =MAX(CE3:CE22) -> 245.4141
H28: Aged 480 sec | BR28: =BR17 -> 0.37899697 | BS28: =BS17 -> 0.51218868 | BU28: =BU17 -> 1.7311482 | BV28: =BV17 -> 0.32601578
H44: unaged v=8 rows 7 to 13
H45: aged 491 v=8 rows 17 to 19

Sheet Pyrell V plots
B1: SAME Combined Results | N1: Smoke Generation | V1: Primary Diagnostics | AI1: Secondary Diagnostics Volume
A2: Flight 1=same 2=sameR, g=ground | B2: Carousel | C2: Sample Type | D2: Sample ID | E2: Test ID Number | F2: Position in Carousel | G2: SAME # | H2: Description | I2: GMT | J2: Date (EST) | K2: TEAM Test ID Number | L2: Fan problem | M2: Flat profiles | N2: Inlet Velocity (cm/sec) | O2: Rt/R0 | P2: Duration (sec) | Q2: Primary Aging Duration (sec) | R2: Primary Mixing Duration (sec) | S2: PreAge Thermal Precipitator | T2: PreAge Thermal Precipitator Duration | U2: Net Aging Duration | V2: Primary Aging Therm Precip | W2: Primary Aging Therm Precip Duration | X2: Use STS Detector | Y2: Use Comm Diag A | Z2: Use Comm Diag B | AA2: Diluting A | AB2: Diluting B | AC2: Impactor Inlet on CDA | AD2: Cyclone Inlet on CDA (MPASS) | AE2: Impactor Inlet on CDB | AF2: Use P-Trak | AG2: Aerosol Concentration To P-Trak | AH2: Aerosol Conteration to DustTrak | AI2: Secondary Diagnostics Volume % | AJ2: Secondary Aging Duration (sec) | AK2: Secondary Mixing Duration (sec) | AL2: STSDetector | AM2: Comm Diag A | AN2: Comm Diag B | AO2: Diluting A | AP2: Diluting B | AQ2: Ues PTrak | AR2: Aerosol Concentration To P-Trak | AS2: Aerosol Conteration to DustTrak | AT2: secondary agign thermal precip duration | AU2: Mass Loss | AV2: ISS Obscuration (volts) | AW2: ISS Detector Scatter (volts) | AX2: STS Detector (volts) | AY2: STS Detector offset (volts) | AZ2: Ion A (volts) | BA2: Ion A offset V0 (volts) | BB2: Ion A (volts) Mpass_3rd | BC2: Ion A offset V0 Mpass (volts) | BD2: Ion B (volts) | BE2: Ion B offset V0 (volts) | BF2: Ptrak (PT/cc) | BG2: DustTrak A (mg/m3) Mpass_2nd | BH2: DustTrak A (mg/m3) Mpass_2nd offset | BI2: DustTrak A (mg/m3) | BJ2: DustTrak B (mg/m3) | BK2: Ion B Delta (volts) | BL2: M0 best Diameter | BM2: M1 (mm/cm^3) | BN2: Mpass_3rd offset and dilution corrected | BO2: DustTrak A (mg/m3) Mpass_2nd offset, dilution and Gain corrected | BP2: DustTrak A calibratred and corrected for dilution (mg/m3) | BQ2: DustTrak B calibratred and corrected for dilution (mg/m3) | BR2: M1/M0 (micro-m)--CMD | BS2: Diameter of Average mass (micro-m) | BT2: MPASS 3/2 | BU2: Hatch Choate Sigma g | BV2: Hatch Choate Dg | BW2: CPC 100 nm cal, dilution corrected | BX2: CPC 600 nm cal, dilution corrected | BY2: CPC 1200 nm cal, dilution corrected | BZ2: Ion B Mment (mm/cm^3) | CA2: Ion B X | CB2: Dust Trak Cal Factor (Teom/Dusttrak) | CC2: Dust Trak Dilution factor | CD2: Particle density g/cc
A3: 2 | B3: ='SAME R Results'!A85 -> 8(4) | C3: ='SAME R Results'!B85 -> Pyrell | D3: ='SAME R Results'!C85 -> P10 | E3: ='SAME R Results'!D85 -> 48 P | F3: ='SAME R Results'!E85 -> 0 | G3: ='SAME R Results'!F85 -> 95 | H3: ='SAME R Results'!G85 -> No flow run w/ aging | I3: ='SAME R Results'!H85 -> 250 | ... K3: ='SAME R Results'!J85 -> 0 | N3: ='SAME R Results'!K85 -> 0 | O3: ='SAME R Results'!L85 -> 1.22 | P3: ='SAME R Results'!M85 -> 60 | Q3: ='SAME R Results'!N85 -> 11 | R3: ='SAME R Results'!O85 -> 8 | S3: ='SAME R Results'!P85 -> n | T3: ='SAME R Results'!Q85 -> N | U3: ='SAME R Results'!R85 -> 38 | ... AB3: ='SAME R Results'!Y85 -> y | AD3: ='SAME R Results'!Z85 -> y | AE3: ='SAME R Results'!AA85 -> 10 | AF3: ='SAME R Results'!AB85 -> y | AG3: ='SAME R Results'!AC85 -> 0.038527069 | AH3: ='SAME R Results'!AD85 -> 0 | AI3: ='SAME R Results'!AE85 -> 58 | AJ3: ='SAME R Results'!AF85 -> 480 | AK3: ='SAME R Results'!AG85 -> 0 | ... AT3: ='SAME R Results'!AP85 -> 0 | AV3: ='SAME R Results'!AQ85 -> 0 | AW3: ='SAME R Results'!AR85 -> 4.819809 | AX3: ='SAME R Results'!AS85 -> 0 | AY3: ='SAME R Results'!AT85 -> 0 | BB3: ='SAME R Results'!AU85 -> 0.16464244 | BC3: ='SAME R Results'!AV85 -> 0.02626039 | BD3: ='SAME R Results'!AW85 -> 4.7402505 | BE3: ='SAME R Results'!AX85 -> 4.679245 | BF3: ='SAME R Results'!AY85 -> 1985 | BG3: ='SAME R Results'!AZ85 -> 0.2619782 | BH3: ='SAME R Results'!BA85 -> 0.07551575 | BJ3: ='SAME R Results'!BB85 -> 9.1852 | BK3: ='SAME R Results'!BC85 -> 0.0610055 | BL3: ='SAME R Results'!BD85 -> 71387.637 | BM3: ='SAME R Results'!BE85 -> 9.9926825 | BN3: ='SAME R Results'!BF85 -> 0.37536621 | BO3: ='SAME R Results'!BG85 -> 0.1264465 | BQ3: ='SAME R Results'!BH85 -> 11.899025 | BR3: ='SAME R Results'!BI85 -> 0.13997777 | BS3: ='SAME R Results'!BJ85 -> 0.68280483 | BT3: ='SAME R Results'!BL85 -> 2.9685773 | BU3: ='SAME R Results'!BM85 -> 3.5214005 | BV3: ='SAME R Results'!BN85 -> 0.063378262 | BW3: ='SAME R Results'!BO85 -> 71387.637 | BX3: ='SAME R Results'!BP85 -> 70202.626 | BY3: ='SAME R Results'!BQ85 -> 67024.478 | BZ3: ='SAME R Results'!BR85 -> 9.9926825 | CA3: ='SAME R Results'!BS85 -> 0.01354113 | CB3: ='SAME R Results'!BT85 -> 0.48 | CC3: ='SAME R Results'!BV85 -> 2.6988673 | CD3: ='SAME R Results'!BW85 -> 1
A4: 2 | B4: ='SAME R Results'!A27 -> 3 | C4: ='SAME R Results'!B27 -> Pyrell | D4: ='SAME R Results'!C27 -> P03 | E4: ='SAME R Results'!D27 -> 16P | F4: ='SAME R Results'!E27 -> 3 | G4: ='SAME R Results'!F27 -> 63 | H4: ='SAME R Results'!G27 -> Baseline Aging | I4: ='SAME R Results'!H27 -> 235 | ... K4: ='SAME R Results'!J27 -> 0 | N4: ='SAME R Results'!K27 -> 8.1 | O4: ='SAME R Results'!L27 -> 1.22 | P4: ='SAME R Results'!M27 -> 60 | Q4: ='SAME R Results'!N27 -> 11 | R4: ='SAME R Results'!O27 -> 8 | S4: ='SAME R Results'!P27 -> n | T4: ='SAME R Results'!Q27 -> 0 | U4: ='SAME R Results'!R27 -> 55.6 | ... AB4: ='SAME R Results'!Y27 -> y | AD4: ='SAME R Results'!Z27 -> y | AE4: ='SAME R Results'!AA27 -> 10 | AF4: ='SAME R Results'!AB27 -> y | AG4: ='SAME R Results'!AC27 -> 0.038527069 | AH4: ='SAME R Results'!AD27 -> 0 | AI4: ='SAME R Results'!AE27 -> 0 | AJ4: ='SAME R Results'!AF27 -> 0 | AK4: ='SAME R Results'!AG27 -> 0 | ... AT4: ='SAME R Results'!AP27 -> 0 | AV4: ='SAME R Results'!AQ27 -> 0 | AW4: ='SAME R Results'!AR27 -> 6.238 | AX4: ='SAME R Results'!AS27 -> 0 | AY4: ='SAME R Results'!AT27 -> 0 | BB4: ='SAME R Results'!AU27 -> 1.2618105 | BC4: ='SAME R Results'!AV27 -> 0.0268 | BD4: ='SAME R Results'!AW27 -> 7.4841775 | BE4: ='SAME R Results'!AX27 -> 4.7311395 | BF4: ='SAME R Results'!AY27 -> 94725 | BG4: ='SAME R Results'!AZ27 -> 1.744386 | BH4: ='SAME R Results'!BA27 -> 0.082 | BJ4: ='SAME R Results'!BB27 -> 95.16075 | BK4: ='SAME R Results'!BC27 -> 2.753038 | BL4: ='SAME R Results'!BD27 -> 3862679.3 | BM4: ='SAME R Results'!BE27 -> 799.72695 | BN4: ='SAME R Results'!BF27 -> 3.3011902 | BO4: ='SAME R Results'!BG27 -> 1.1108918 | BQ4: ='SAME R Results'!BH27 -> 121.49422 | BR4: ='SAME R Results'!BI27 -> 0.20703944 | BS4: ='SAME R Results'!BJ27 -> 0.39164217 | BT4: ='SAME R Results'!BL27 -> 2.9716576 | BU4: ='SAME R Results'!BM27 -> 2.2219784 | BV4: ='SAME R Results'!BN27 -> 0.1505341 | BW4: ='SAME R Results'!BO27 -> 3862679.3 | BX4: ='SAME R Results'!BP27 -> 3806130.1 | BY4: ='SAME R Results'!BQ27 -> 3426451.3 | BZ4: ='SAME R Results'!BR27 -> 799.72695 | CA4: ='SAME R Results'!BS27 -> 0.61108009 | CB4: ='SAME R Results'!BT27 -> 0.48 | CC4: ='SAME R Results'!BV27 -> 2.6598462 | CD4: ='SAME R Results'!BW27 -> 1
A5: 2 | B5: ='SAME R Results'!A45 -> 5 | C5: ='SAME R Results'!B45 -> Pyrell | D5: ='SAME R Results'!C45 -> P05 | E5: ='SAME R Results'!D45 -> 27 P | F5: ='SAME R Results'!E45 -> 4 | G5: ='SAME R Results'!F45 -> 74 | H5: ='SAME R Results'!G45 -> Baseline Aging | I5: ='SAME R Results'!H45 -> 238 | ... K5: ='SAME R Results'!J45 -> 0 | N5: ='SAME R Results'!K45 -> 8.1 | O5: ='SAME R Results'!L45 -> 1.22 | P5: ='SAME R Results'!M45 -> 60 | Q5: ='SAME R Results'!N45 -> 11 | R5: ='SAME R Results'!O45 -> 8 | S5: ='SAME R Results'!P45 -> n | T5: ='SAME R Results'!Q45 -> 0 | U5: ='SAME R Results'!R45 -> 48.428571 | ... AB5: ='SAME R Results'!Y45 -> y | AD5: ='SAME R Results'!Z45 -> y | AE5: ='SAME R Results'!AA45 -> 10 | AF5: ='SAME R Results'!AB45 -> y | AG5: ='SAME R Results'!AC45 -> 0.038527069 | AH5: ='SAME R Results'!AD45 -> 0 | AI5: ='SAME R Results'!AE45 -> 58 | AJ5: ='SAME R Results'!AF45 -> 480 | AK5: ='SAME R Results'!AG45 -> 0 | ... AT5: ='SAME R Results'!AP45 -> 0 | AV5: ='SAME R Results'!AQ45 -> 0 | AW5: ='SAME R Results'!AR45 -> 6.2568345 | AX5: ='SAME R Results'!AS45 -> 0 | AY5: ='SAME R Results'!AT45 -> 0 | BB5: ='SAME R Results'!AU45 -> 1.056077 | BC5: ='SAME R Results'!AV45 -> 0.02677919 | BD5: ='SAME R Results'!AW45 -> 7.624359 | BE5: ='SAME R Results'!AX45 -> 4.6188955 | BF5: ='SAME R Results'!AY45 -> 112350 | BG5: ='SAME R Results'!AZ45 -> 1.510315 | BH5: ='SAME R Results'!BA45 -> 0.07855225 | BJ5: ='SAME R Results'!BB45 -> 91.6552 | BK5: ='SAME R Results'!BC45 -> 3.0054635 | BL5: ='SAME R Results'!BD45 -> 4953334.1 | BM5: ='SAME R Results'!BE45 -> 978.85287 | BN5: ='SAME R Results'!BF45 -> 2.721653 | BO5: ='SAME R Results'!BG45 -> 0.9464611 | BQ5: ='SAME R Results'!BH45 -> 115.76666 | BR5: ='SAME R Results'!BI45 -> 0.19761495 | BS5: ='SAME R Results'!BJ45 -> 0.35472823 | BT5: ='SAME R Results'!BL45 -> 2.87561 | BU5: ='SAME R Results'!BM45 -> 2.1487226 | BV5: ='SAME R Results'!BN45 -> 0.14749654 | BW5: ='SAME R Results'!BO45 -> 4953334.1 | BX5: ='SAME R Results'!BP45 -> 4617798.2 | BY5: ='SAME R Results'!BQ45 -> 4102155.5 | BZ5: ='SAME R Results'!BR45 -> 978.85287 | CA5: ='SAME R Results'!BS45 -> 0.6671099 | CB5: ='SAME R Results'!BT45 -> 0.48 | CC5: ='SAME R Results'!BV45 -> 2.6313897 | CD5: ='SAME R Results'!BW45 -> 1
A6: 2 | B6: ='SAME R Results'!A73 -> 7 (4) | C6: ='SAME R Results'!B73 -> Pyrell | D6: ='SAME R Results'!C73 -> P09 | E6: ='SAME R Results'!D73 -> 40 P | F6: ='SAME R Results'!E73 -> 0 | G6: ='SAME R Results'!F73 -> 87 | H6: ='SAME R Results'!G73 -> Baseline STS det | I6: ='SAME R Results'!H73 -> 242 | ... K6: ='SAME R Results'!J73 -> 0 | N6: ='SAME R Results'!K73 -> 8.1 | O6: ='SAME R Results'!L73 -> 1.22 | P6: ='SAME R Results'!M73 -> 60 | Q6: ='SAME R Results'!N73 -> 11 | R6: ='SAME R Results'!O73 -> 8 | S6: ='SAME R Results'!P73 -> n | T6: ='SAME R Results'!Q73 -> n | U6: ='SAME R Results'!R73 -> 45 | ... AB6: ='SAME R Results'!Y73 -> y | AD6: ='SAME R Results'!Z73 -> y | AE6: ='SAME R Results'!AA73 -> 10 | AF6: ='SAME R Results'!AB73 -> y | AG6: ='SAME R Results'!AC73 -> 0.038527069 | AH6: ='SAME R Results'!AD73 -> 0 | AI6: ='SAME R Results'!AE73 -> 0 | AJ6: ='SAME R Results'!AF73 -> 0 | AK6: ='SAME R Results'!AG73 -> 0 | ... AT6: ='SAME R Results'!AP73 -> 0 | AV6: ='SAME R Results'!AQ73 -> 0 | AW6: ='SAME R Results'!AR73 -> 6.2421275 | AX6: ='SAME R Results'!AS73 -> 4.2430115 | AY6: ='SAME R Results'!AT73 -> 5.054764 | BB6: ='SAME R Results'!AU73 -> 0 | BC6: ='SAME R Results'!AV73 -> 0 | BD6: ='SAME R Results'!AW73 -> 7.3783875 | BE6: ='SAME R Results'!AX73 -> 4.915315 | BF6: ='SAME R Results'!AY73 -> 73700 | BG6: ='SAME R Results'!AZ73 -> 0 | BH6: ='SAME R Results'!BA73 -> 0 | BJ6: ='SAME R Results'!BB73 -> 101.71745 | BK6: ='SAME R Results'!BC73 -> 2.4630725 | BL6: ='SAME R Results'!BD73 -> 2924886.4 | BM6: ='SAME R Results'!BE73 -> 642.34879 | BN6: ='SAME R Results'!BF73 -> 0 | BO6: ='SAME R Results'!BG73 -> 0 | BQ6: ='SAME R Results'!BH73 -> 114.35129 | BR6: ='SAME R Results'!BI73 -> 0.21961495 | BS6: ='SAME R Results'!BJ73 -> 0.42109281 | BT6: ='SAME R Results'!BL73 -> 0 | BU6: ='SAME R Results'!BM73 -> 2.2407973 | BV6: ='SAME R Results'!BN73 -> 0.15860028 | BW6: ='SAME R Results'!BO73 -> 2924886.4 | BX6: ='SAME R Results'!BP73 -> 2880888.7 | BY6: ='SAME R Results'!BQ73 -> 2625702.4 | BZ6: ='SAME R Results'!BR73 -> 642.34879 | CA6: ='SAME R Results'!BS73 -> 0.54671768 | CB6: ='SAME R Results'!BT73 -> 0.48 | CC6: ='SAME R Results'!BV73 -> 2.3420943 | CD6: ='SAME R Results'!BW73 -> 1
A7: 2 | B7: ='SAME R Results'!A8 -> 1 | C7: ='SAME R Results'!B8 -> Pyrell | D7: ='SAME R Results'!C8 -> P02 | E7: ='SAME R Results'!D8 -> 5p | F7: ='SAME R Results'!E8 -> 5 | G7: ='SAME R Results'!F8 -> 52 | H7: ='SAME R Results'!G8 -> Baseline | I7: ='SAME R Results'!H8 -> 203 | ... K7: ='SAME R Results'!J8 -> 0 | N7: ='SAME R Results'!K8 -> 8.1 | O7: ='SAME R Results'!L8 -> 1.22 | P7: ='SAME R Results'!M8 -> 60 | Q7: ='SAME R Results'!N8 -> 11 | R7: ='SAME R Results'!O8 -> 8 | S7: ='SAME R Results'!P8 -> n | T7: ='SAME R Results'!Q8 -> 0 | U7: ='SAME R Results'!R8 -> n/a | ... AB7: ='SAME R Results'!Y8 -> y | AD7: ='SAME R Results'!Z8 -> y | AE7: ='SAME R Results'!AA8 -> 10 | AF7: ='SAME R Results'!AB8 -> y | AG7: ='SAME R Results'!AC8 -> 0.038527069 | AH7: ='SAME R Results'!AD8 -> 0 | AI7: ='SAME R Results'!AE8 -> 0 | AJ7: ='SAME R Results'!AF8 -> 0 | AK7: ='SAME R Results'!AG8 -> 0 | ... AT7: ='SAME R Results'!AP8 -> 0 | AV7: ='SAME R Results'!AQ8 -> 0 | AW7: ='SAME R Results'!AR8 -> 6.244 | AX7: ='SAME R Results'!AS8 -> 0 | AY7: ='SAME R Results'!AT8 -> 0 | BB7: ='SAME R Results'!AU8 -> 1.0733951 | BC7: ='SAME R Results'!AV8 -> 0.0268 | BD7: ='SAME R Results'!AW8 -> 7.1744545 | BE7: ='SAME R Results'!AX8 -> 4.7012175 | BF7: ='SAME R Results'!AY8 -> 77955 | BG7: ='SAME R Results'!AZ8 -> 1.418334 | BH7: ='SAME R Results'!BA8 -> 0.082 | BJ7: ='SAME R Results'!BB8 -> 84.7004 | BK7: ='SAME R Results'!BC8 -> 2.473237 | BL7: ='SAME R Results'!BD8 -> 3110970.9 | BM7: ='SAME R Results'!BE8 -> 647.21974 | BN7: ='SAME R Results'!BF8 -> 2.8033342 | BO7: ='SAME R Results'!BG8 -> 0.89485198 | BQ7: ='SAME R Results'!BH8 -> 108.36086 | BR7: ='SAME R Results'!BI8 -> 0.20804429 | BS7: ='SAME R Results'!BJ8 -> 0.40519053 | BT7: ='SAME R Results'!BL8 -> 3.1327351 | BU7: ='SAME R Results'!BM8 -> 2.2624758 | BV7: ='SAME R Results'!BN8 -> 0.14907474 | BW7: ='SAME R Results'!BO8 -> 3110970.9 | BX7: ='SAME R Results'!BP8 -> 3064433.1 | BY7: ='SAME R Results'!BQ8 -> 2785904.4 | BZ7: ='SAME R Results'!BR8 -> 647.21974 | CA7: ='SAME R Results'!BS8 -> 0.54897385 | CB7: ='SAME R Results'!BT8 -> 0.48 | CC7: ='SAME R Results'!BV8 -> 2.6652978 | CD7: ='SAME R Results'!BW8 -> 1
A8: 2 | B8: ='SAME R Results'!A67 -> 7 (4) | C8: ='SAME R Results'!B67 -> Pyrell | D8: ='SAME R Results'!C67 -> P01 | E8: ='SAME R Results'!D67 -> 37 P | F8: ='SAME R Results'!E67 -> 0 | G8: ='SAME R Results'!F67 -> 84 | H8: ='SAME R Results'!G67 -> Mid Temp aging retry | I8: ='SAME R Results'!H67 -> 242 | ... K8: ='SAME R Results'!J67 -> 0 | N8: ='SAME R Results'!K67 -> 8.1 | O8: ='SAME R Results'!L67 -> 1.225 | P8: ='SAME R Results'!M67 -> 60 | Q8: ='SAME R Results'!N67 -> 11 | R8: ='SAME R Results'!O67 -> 8 | S8: ='SAME R Results'!P67 -> n | T8: ='SAME R Results'!Q67 -> 0 | U8: ='SAME R Results'!R67 -> 53 | ... AB8: ='SAME R Results'!Y67 -> y | AD8: ='SAME R Results'!Z67 -> y | AE8: ='SAME R Results'!AA67 -> 10 | AF8: ='SAME R Results'!AB67 -> y | AG8: ='SAME R Results'!AC67 -> 0.038527069 | AH8: ='SAME R Results'!AD67 -> 0 | AI8: ='SAME R Results'!AE67 -> 58 | AJ8: ='SAME R Results'!AF67 -> 480 | AK8: ='SAME R Results'!AG67 -> 0 | ... AT8: ='SAME R Results'!AP67 -> 0 | AV8: ='SAME R Results'!AQ67 -> 0 | AW8: ='SAME R Results'!AR67 -> 6.2280885 | AX8: ='SAME R Results'!AS67 -> 0 | AY8: ='SAME R Results'!AT67 -> 0 | BB8: ='SAME R Results'!AU67 -> 1.4112095 | BC8: ='SAME R Results'!AV67 -> 0.02606201 | BD8: ='SAME R Results'!AW67 -> 7.571168 | BE8: ='SAME R Results'!AX67 -> 4.716461 | BF8: ='SAME R Results'!AY67 -> 91635 | BG8: ='SAME R Results'!AZ67 -> 1.8039395 | BH8: ='SAME R Results'!BA67 -> 0.087524415 | BJ8: ='SAME R Results'!BB67 -> 106.89545 | BK8: ='SAME R Results'!BC67 -> 2.854707 | BL8: ='SAME R Results'!BD67 -> 3721976.9 | BM8: ='SAME R Results'!BE67 -> 866.03872 | BN8: ='SAME R Results'!BF67 -> 3.7090515 | BO8: ='SAME R Results'!BG67 -> 1.1490242 | BQ8: ='SAME R Results'!BH67 -> 136.71554 | BR8: ='SAME R Results'!BI67 -> 0.23268245 | BS8: ='SAME R Results'!BJ67 -> 0.41242837 | BT8: ='SAME R Results'!BL67 -> 3.2280012 | BU8: ='SAME R Results'!BM67 -> 2.13094 | BV8: ='SAME R Results'!BN67 -> 0.17477173 | BW8: ='SAME R Results'!BO67 -> 3721976.9 | BX8: ='SAME R Results'!BP67 -> 3667272.4 | BY8: ='SAME R Results'!BQ67 -> 3307328.5 | BZ8: ='SAME R Results'!BR67 -> 866.03872 | CA8: ='SAME R Results'!BS67 -> 0.63364712 | CB8: ='SAME R Results'!BT67 -> 0.48 | CC8: ='SAME R Results'!BV67 -> 2.6645105 | CD8: ='SAME R Results'!BW67 -> 1
A9: 2 | B9: ='SAME R Results'!A91 -> 9(4) | C9: ='SAME R Results'!B91 -> Pyrell | D9: ='SAME R Results'!C91 -> P11 | E9: ='SAME R Results'!D91 -> 50 P | F9: ='SAME R Results'!E91 -> 0 | G9: ='SAME R Results'!F91 -> 97 | H9: ='SAME R Results'!G91 -> No flow run w/ aging | I9: ='SAME R Results'!H91 -> 251 | ... K9: ='SAME R Results'!J91 -> 0 | N9: ='SAME R Results'!K91 -> 0 | O9: ='SAME R Results'!L91 -> 1.23 | P9: ='SAME R Results'!M91 -> 60 | Q9: ='SAME R Results'!N91 -> 11 | R9: ='SAME R Results'!O91 -> 8 | S9: ='SAME R Results'!P91 -> n | T9: ='SAME R Results'!Q91 -> N | U9: ='SAME R Results'!R91 -> 48.142857 | ... AB9: ='SAME R Results'!Y91 -> y | AD9: ='SAME R Results'!Z91 -> y | AE9: ='SAME R Results'!AA91 -> 10 | AF9: ='SAME R Results'!AB91 -> y | AG9: ='SAME R Results'!AC91 -> 0.038527069 | AH9: ='SAME R Results'!AD91 -> 0 | AI9: ='SAME R Results'!AE91 -> 58 | AJ9: ='SAME R Results'!AF91 -> 480 | AK9: ='SAME R Results'!AG91 -> 0 | ... AT9: ='SAME R Results'!AP91 -> 0 | AV9: ='SAME R Results'!AQ91 -> 0 | AW9: ='SAME R Results'!AR91 -> 5.575013 | AX9: ='SAME R Results'!AS91 -> 0 | AY9: ='SAME R Results'!AT91 -> 0 | BB9: ='SAME R Results'!AU91 -> 0.1555023 | BC9: ='SAME R Results'!AV91 -> 0.02824403 | BD9: ='SAME R Results'!AW91 -> 4.758132 | BE9: ='SAME R Results'!AX91 -> 4.6959835 | BF9: ='SAME R Results'!AY91 -> 1175.5 | BG9: ='SAME R Results'!AZ91 -> 0.291397 | BH9: ='SAME R Results'!BA91 -> 0.088974025 | BJ9: ='SAME R Results'!BB91 -> 12.94395 | BK9: ='SAME R Results'!BC91 -> 0.0621485 | BL9: ='SAME R Results'!BD91 -> 42225.75 | BM9: ='SAME R Results'!BE91 -> 10.181224 | BN9: ='SAME R Results'!BF91 -> 0.34367639 | BO9: ='SAME R Results'!BG91 -> 0.13666695 | BQ9: ='SAME R Results'!BH91 -> 16.695256 | BR9: ='SAME R Results'!BI91 -> 0.2411141 | BS9: ='SAME R Results'!BJ91 -> 0.91062387 | BT9: ='SAME R Results'!BL91 -> 2.5147001 | BU9: ='SAME R Results'!BM91 -> 3.1669271 | BV9: ='SAME R Results'!BN91 -> 0.12406932 | BW9: ='SAME R Results'!BO91 -> 42225.75 | BX9: ='SAME R Results'!BP91 -> 41523.997 | BY9: ='SAME R Results'!BQ91 -> 39666.623 | BZ9: ='SAME R Results'!BR91 -> 10.181224 | CA9: ='SAME R Results'!BS91 -> 0.013794837 | CB9: ='SAME R Results'!BT91 -> 0.48 | CC9: ='SAME R Results'!BV91 -> 2.6871074 | CD9: ='SAME R Results'!BW91 -> 1
A10: 2 | B10: ='SAME R Results'!A112 -> 10 (4) | C10: ='SAME R Results'!B112 -> Pyrell | D10: ='SAME R Results'!C112 -> P12 | E10: ='SAME R Results'!D112 -> 60 P | F10: ='SAME R Results'!E112 -> 0 | G10: ='SAME R Results'!F112 -> 107 | H10: ='SAME R Results'!G112 -> Low flow run w/ aging | I10: ='SAME R Results'!H112 -> 252 | ... K10: ='SAME R Results'!J112 -> 0 | N10: ='SAME R Results'!K112 -> 1 | O10: ='SAME R Results'!L112 -> 1.23 | P10: ='SAME R Results'!M112 -> 60 | Q10: ='SAME R Results'!N112 -> 11 | R10: ='SAME R Results'!O112 -> 8 | S10: ='SAME R Results'!P112 -> n | T10: ='SAME R Results'!Q112 -> N | U10: ='SAME R Results'!R112 -> 32 | ... AB10: ='SAME R Results'!Y112 -> y | AD10: ='SAME R Results'!Z112 -> y | AE10: ='SAME R Results'!AA112 -> 10 | AF10: ='SAME R Results'!AB112 -> y | AG10: ='SAME R Results'!AC112 -> 0.038527069 | AH10: ='SAME R Results'!AD112 -> 0 | AI10: ='SAME R Results'!AE112 -> 58 | AJ10: ='SAME R Results'!AF112 -> 480 | AK10: ='SAME R Results'!AG112 -> 0 | ... AT10: ='SAME R Results'!AP112 -> 0 | AV10: ='SAME R Results'!AQ112 -> 0 | AW10: ='SAME R Results'!AR112 -> 6.2564995 | AX10: ='SAME R Results'!AS112 -> 0 | AY10: ='SAME R Results'!AT112 -> 0 | BB10: ='SAME R Results'!AU112 -> 1.0387568 | BC10: ='SAME R Results'!AV112 -> 0.04818725 | BD10: ='SAME R Results'!AW112 -> 4.990799 | BE10: ='SAME R Results'!AX112 -> 4.67427 | BF10: ='SAME R Results'!AY112 -> 5698 | BG10: ='SAME R Results'!AZ112 -> 1.27539 | BH10: ='SAME R Results'!BA112 -> 0.095474235 | BJ10: ='SAME R Results'!BB112 -> 68.19105 | BK10: ='SAME R Results'!BC112 -> 0.316529 | BL10: ='SAME R Results'!BD112 -> 206018.56 | BM10: ='SAME R Results'!BE112 -> 53.439569 | BN10: ='SAME R Results'!BF112 -> 2.5745938 | BO10: ='SAME R Results'!BG112 -> 0.76668107 | BQ10: ='SAME R Results'!BH112 -> 84.672704 | BR10: ='SAME R Results'!BI112 -> 0.25939202 | BS10: ='SAME R Results'!BJ112 -> 0.92245705 | BT10: ='SAME R Results'!BL112 -> 3.3581028 | BU10: ='SAME R Results'!BM112 -> 3.0844272 | BV10: ='SAME R Results'!BN112 -> 0.13755039 | BW10: ='SAME R Results'!BO112 -> 206018.56 | BX10: ='SAME R Results'!BP112 -> 202616.95 | BY10: ='SAME R Results'!BQ112 -> 192944.84 | BZ10: ='SAME R Results'!BR112 -> 53.439569 | CA10: ='SAME R Results'!BS112 -> 0.07025859 | CB10: ='SAME R Results'!BT112 -> 0.48 | CC10: ='SAME R Results'!BV112 -> 2.5868712 | CD10: ='SAME R Results'!BW112 -> 1
A11: 2 | B11: ='SAME R Results'!A121 -> 11(4) | C11: ='SAME R Results'!B121 -> Pyrell | D11: ='SAME R Results'!C121 -> P13 | E11: ='SAME R Results'!D121 -> 66 P | F11: ='SAME R Results'!E121 -> 0 | G11: ='SAME R Results'!F121 -> 113 | H11: ='SAME R Results'!G121 -> low flow run w STS | I11: ='SAME R Results'!H121 -> 253 | ... K11: ='SAME R Results'!J121 -> 0 | N11: ='SAME R Results'!K121 -> 2 | O11: ='SAME R Results'!L121 -> 1.23 | P11: ='SAME R Results'!M121 -> 60 | Q11: ='SAME R Results'!N121 -> 11 | R11: ='SAME R Results'!O121 -> 8 | S11: ='SAME R Results'!P121 -> n | T11: ='SAME R Results'!Q121 -> n | U11: ='SAME R Results'!R121 -> 31 | ... AB11: ='SAME R Results'!Y121 -> y | AD11: ='SAME R Results'!Z121 -> y | AE11: ='SAME R Results'!AA121 -> 10 | AF11: ='SAME R Results'!AB121 -> y | AG11: ='SAME R Results'!AC121 -> 0.038527069 | AH11: ='SAME R Results'!AD121 -> 0 | AI11: ='SAME R Results'!AE121 -> 0 | AJ11: ='SAME R Results'!AF121 -> 0 | AK11: ='SAME R Results'!AG121 -> 0 | ... AT11: ='SAME R Results'!AP121 -> 0 | AV11: ='SAME R Results'!AQ121 -> 0 | AW11: ='SAME R Results'!AR121 -> 6.283677 | AX11: ='SAME R Results'!AS121 -> 4.6147465 | AY11: ='SAME R Results'!AT121 -> 5.155837 | BB11: ='SAME R Results'!AU121 -> 0 | BC11: ='SAME R Results'!AV121 -> 0 | BD11: ='SAME R Results'!AW121 -> 6.718872 | BE11: ='SAME R Results'!AX121 -> 4.705779 | BF11: ='SAME R Results'!AY121 -> 31375 | BG11: ='SAME R Results'!AZ121 -> 0 | BH11: ='SAME R Results'!BA121 -> 0 | BJ11: ='SAME R Results'!BB121 -> 154.35555 | BK11: ='SAME R Results'!BC121 -> 2.013093 | BL11: ='SAME R Results'!BD121 -> 1176224.5 | BM11: ='SAME R Results'!BE121 -> 459.76995 | BN11: ='SAME R Results'!BF121 -> 0 | BO11: ='SAME R Results'!BG121 -> 0 | BQ11: ='SAME R Results'!BH121 -> 169.19488 | BR11: ='SAME R Results'!BI121 -> 0.39088624 | BS11: ='SAME R Results'!BJ121 -> 0.65007899 | BT11: ='SAME R Results'!BL121 -> 0 | BU11: ='SAME R Results'!BM121 -> 2.0405435 | BV11: ='SAME R Results'!BN121 -> 0.30310458 | BW11: ='SAME R Results'!BO121 -> 1176224.5 | BX11: ='SAME R Results'!BP121 -> 1157494.1 | BY11: ='SAME R Results'!BQ121 -> 1083326.1 | BZ11: ='SAME R Results'!BR121 -> 459.76995 | CA11: ='SAME R Results'!BS121 -> 0.44683765 | CB11: ='SAME R Results'!BT121 -> 0.48 | CC11: ='SAME R Results'!BV121 -> 2.2836194 | CD11: ='SAME R Results'!BW121 -> 1
A12: 2 | B12: ='SAME R Results'!A29 -> 3 | C12: ='SAME R Results'!B29 -> Pyrell | D12: ='SAME R Results'!C29 -> P04 | E12: ='SAME R Results'!D29 -> 17P | F12: ='SAME R Results'!E29 -> 4 | G12: ='SAME R Results'!F29 -> 64 | H12: ='SAME R Results'!G29 -> High Temp aging | I12: ='SAME R Results'!H29 -> 235 | ... K12: ='SAME R Results'!J29 -> 0 | N12: ='SAME R Results'!K29 -> 8.1 | O12: ='SAME R Results'!L29 -> 1.23 | P12: ='SAME R Results'!M29 -> 60 | Q12: ='SAME R Results'!N29 -> 11 | R12: ='SAME R Results'!O29 -> 8 | S12: ='SAME R Results'!P29 -> n | T12: ='SAME R Results'!Q29 -> 0 | U12: ='SAME R Results'!R29 -> 47 | ... AB12: ='SAME R Results'!Y29 -> y | AD12: ='SAME R Results'!Z29 -> y | AE12: ='SAME R Results'!AA29 -> 10 | AF12: ='SAME R Results'!AB29 -> y | AG12: ='SAME R Results'!AC29 -> 0.038527069 | AH12: ='SAME R Results'!AD29 -> 0 | AI12: ='SAME R Results'!AE29 -> 0 | AJ12: ='SAME R Results'!AF29 -> 0 | AK12: ='SAME R Results'!AG29 -> 0 | ... AT12: ='SAME R Results'!AP29 -> 0 | AV12: ='SAME R Results'!AQ29 -> 0 | AW12: ='SAME R Results'!AR29 -> 6.248 | AX12: ='SAME R Results'!AS29 -> 0 | AY12: ='SAME R Results'!AT29 -> 0 | BB12: ='SAME R Results'!AU29 -> 2.4593355 | BC12: ='SAME R Results'!AV29 -> 0.0268 | BD12: ='SAME R Results'!AW29 -> 7.6602935 | BE12: ='SAME R Results'!AX29 -> 4.6471245 | BF12: ='SAME R Results'!AY29 -> 95130 | BG12: ='SAME R Results'!AZ29 -> 3.333283 | BH12: ='SAME R Results'!BA29 -> 0.082 | BJ12: ='SAME R Results'!BB29 -> 140.37215 | BK12: ='SAME R Results'!BC29 -> 3.013169 | BL12: ='SAME R Results'!BD29 -> 3881194.3 | BM12: ='SAME R Results'!BE29 -> 985.16488 | BN12: ='SAME R Results'!BF29 -> 6.4844088 | BO12: ='SAME R Results'!BG29 -> 2.1667359 | BQ12: ='SAME R Results'!BH29 -> 178.73078 | BR12: ='SAME R Results'!BI29 -> 0.25383034 | BS12: ='SAME R Results'!BJ29 -> 0.44471159 | BT12: ='SAME R Results'!BL29 -> 2.9927084 | BU12: ='SAME R Results'!BM29 -> 2.1145436 | BV12: ='SAME R Results'!BN29 -> 0.19176798 | BW12: ='SAME R Results'!BO29 -> 3881194.3 | BX12: ='SAME R Results'!BP29 -> 3824403.3 | BY12: ='SAME R Results'!BQ29 -> 3442101.3 | BZ12: ='SAME R Results'!BR29 -> 985.16488 | CA12: ='SAME R Results'!BS29 -> 0.66882025 | CB12: ='SAME R Results'!BT29 -> 0.48 | CC12: ='SAME R Results'!BV29 -> 2.652633 | CD12: ='SAME R Results'!BW29 -> 1
A13: 2 | B13: ='SAME R Results'!A49 -> 5 | C13: ='SAME R Results'!B49 -> Pyrell | D13: ='SAME R Results'!C49 -> P06 | E13: ='SAME R Results'!D49 -> 29 P | F13: ='SAME R Results'!E49 -> 5 | G13: ='SAME R Results'!F49 -> 76 | H13: ='SAME R Results'!G49 -> High Temp aging | I13: ='SAME R Results'!H49 -> 238 | ... K13: ='SAME R Results'!J49 -> 0 | N13: ='SAME R Results'!K49 -> 8.1 | O13: ='SAME R Results'!L49 -> 1.23 | P13: ='SAME R Results'!M49 -> 60 | Q13: ='SAME R Results'!N49 -> 11 | R13: ='SAME R Results'!O49 -> 8 | S13: ='SAME R Results'!P49 -> n | T13: ='SAME R Results'!Q49 -> 0 | U13: ='SAME R Results'!R49 -> 51.428571 | ... AB13: ='SAME R Results'!Y49 -> y | AD13: ='SAME R Results'!Z49 -> y | AE13: ='SAME R Results'!AA49 -> 10 | AF13: ='SAME R Results'!AB49 -> y | AG13: ='SAME R Results'!AC49 -> 0.038527069 | AH13: ='SAME R Results'!AD49 -> 0 | AI13: ='SAME R Results'!AE49 -> 58 | AJ13: ='SAME R Results'!AF49 -> 480 | AK13: ='SAME R Results'!AG49 -> 0 | ... AT13: ='SAME R Results'!AP49 -> 0 | AV13: ='SAME R Results'!AQ49 -> 0 | AW13: ='SAME R Results'!AR49 -> 6.2617505 | AX13: ='SAME R Results'!AS49 -> 0 | AY13: ='SAME R Results'!AT49 -> 0 | BB13: ='SAME R Results'!AU49 -> 2.642381 | BC13: ='SAME R Results'!AV49 -> 0.02766419 | BD13: ='SAME R Results'!AW49 -> 7.838776 | BE13: ='SAME R Results'!AX49 -> 4.638031 | BF13: ='SAME R Results'!AY49 -> 81685 | BG13: ='SAME R Results'!AZ49 -> 3.380066 | BH13: ='SAME R Results'!BA49 -> 0.079345705 | BJ13: ='SAME R Results'!BB49 -> 187.2917 | BK13: ='SAME R Results'!BC49 -> 3.200745 | BL13: ='SAME R Results'!BD49 -> 3275641.7 | BM13: ='SAME R Results'!BE49 -> 1159.5376 | BN13: ='SAME R Results'!BF49 -> 6.828227 | BO13: ='SAME R Results'!BG49 -> 2.1549243 | BQ13: ='SAME R Results'!BH49 -> 233.65676 | BR13: ='SAME R Results'!BI49 -> 0.35398791 | BS13: ='SAME R Results'!BJ49 -> 0.51455023 | BT13: ='SAME R Results'!BL49 -> 3.1686621 | BU13: ='SAME R Results'!BM49 -> 1.8433421 | BV13: ='SAME R Results'!BN49 -> 0.29360859 | BW13: ='SAME R Results'!BO49 -> 3275641.7 | BX13: ='SAME R Results'!BP49 -> 3226877.1 | BY13: ='SAME R Results'!BQ49 -> 2927113 | BZ13: ='SAME R Results'!BR49 -> 1159.5376 | CA13: ='SAME R Results'!BS49 -> 0.7104557 | CB13: ='SAME R Results'!BT49 -> 0.48 | CC13: ='SAME R Results'!BV49 -> 2.5990736 | CD13: ='SAME R Results'!BW49 -> 1
A14: 2 | B14: ='SAME R Results'!A86 -> 8(4) | C14: ='SAME R Results'!B86 -> Pyrell | D14: ='SAME R Results'!C86 -> P10 | E14: ='SAME R Results'!D86 -> 48PA | F14: ='SAME R Results'!E86 -> 0 | G14: ='SAME R Results'!F86 -> 95a | H14: ='SAME R Results'!G86 -> aged | I14: ='SAME R Results'!H86 -> 250 | ... K14: ='SAME R Results'!J86 -> 0 | N14: ='SAME R Results'!K86 -> 0 | O14: ='SAME R Results'!L86 -> 1.22 | P14: ='SAME R Results'!M86 -> 0 | Q14: ='SAME R Results'!N86 -> 0 | R14: ='SAME R Results'!O86 -> 0 | S14: ='SAME R Results'!P86 -> 0 | T14: ='SAME R Results'!Q86 -> 0 | U14: ='SAME R Results'!R86 -> n/a | ... AB14: ='SAME R Results'!Y86 -> y | AD14: ='SAME R Results'!Z86 -> y | AE14: ='SAME R Results'!AA86 -> 10 | AF14: ='SAME R Results'!AB86 -> y | AG14: ='SAME R Results'!AC86 -> 0.038527069 | AH14: ='SAME R Results'!AD86 -> 0 | AI14: ='SAME R Results'!AE86 -> 0 | AJ14: ='SAME R Results'!AF86 -> 0 | AK14: ='SAME R Results'!AG86 -> 0 | ... AT14: ='SAME R Results'!AP86 -> 0 | AV14: ='SAME R Results'!AQ86 -> 0 | AW14: ='SAME R Results'!AR86 -> 4.381729 | AX14: ='SAME R Results'!AS86 -> 0 | AY14: ='SAME R Results'!AT86 -> 0 | BB14: ='SAME R Results'!AU86 -> 0.1561736 | BC14: ='SAME R Results'!AV86 -> 0.029205315 | BD14: ='SAME R Results'!AW86 -> 4.7462305 | BE14: ='SAME R Results'!AX86 -> 4.667572 | BF14: ='SAME R Results'!AY86 -> 999 | BG14: ='SAME R Results'!AZ86 -> 0.27084355 | BH14: ='SAME R Results'!BA86 -> 0.08013916 | BJ14: ='SAME R Results'!BB86 -> 8.7779 | BK14: ='SAME R Results'!BC86 -> 0.0786585 | BL14: ='SAME R Results'!BD86 -> 35876.448 | BM14: ='SAME R Results'!BE86 -> 12.910105 | BN14: ='SAME R Results'!BF86 -> 0.34105658 | BO14: ='SAME R Results'!BG86 -> 0.12806542 | BQ14: ='SAME R Results'!BH86 -> 11.261672 | BR14: ='SAME R Results'!BI86 -> 0.35984902 | BS14: ='SAME R Results'!BJ86 -> 0.84320195 | BT14: ='SAME R Results'!BL86 -> 2.6631434 | BU14: ='SAME R Results'!BM86 -> 2.5162746 | BV14: ='SAME R Results'!BN86 -> 0.23507946 | BW14: ='SAME R Results'!BO86 -> 35876.448 | BX14: ='SAME R Results'!BP86 -> 35280.062 | BY14: ='SAME R Results'!BQ86 -> 33706.148 | BZ14: ='SAME R Results'!BR86 -> 12.910105 | CA14: ='SAME R Results'!BS86 -> 0.017459491 | CB14: ='SAME R Results'!BT86 -> 0.48 | CC14: ='SAME R Results'!BV86 -> 2.6728279 | CD14: ='SAME R Results'!BW86 -> 1
A15: 2 | B15: ='SAME R Results'!A46 -> 5 | C15: ='SAME R Results'!B46 -> Pyrell | D15: ='SAME R Results'!C46 -> P05 | E15: ='SAME R Results'!D46 -> 27 Pa | F15: ='SAME R Results'!E46 -> 4 | G15: ='SAME R Results'!F46 -> 74a | H15: ='SAME R Results'!G46 -> aged | I15: ='SAME R Results'!H46 -> 238 | ... K15: ='SAME R Results'!J46 -> 0 | N15: ='SAME R Results'!K46 -> 8.1 | O15: ='SAME R Results'!L46 -> 1.22 | P15: ='SAME R Results'!M46 -> 0 | Q15: ='SAME R Results'!N46 -> 0 | R15: ='SAME R Results'!O46 -> 0 | S15: ='SAME R Results'!P46 -> 0 | T15: ='SAME R Results'!Q46 -> 0 | U15: ='SAME R Results'!R46 -> 622.57143 | ... AB15: ='SAME R Results'!Y46 -> y | AD15: ='SAME R Results'!Z46 -> y | AE15: ='SAME R Results'!AA46 -> 10 | AF15: ='SAME R Results'!AB46 -> y | AG15: ='SAME R Results'!AC46 -> 0.038527069 | AH15: ='SAME R Results'!AD46 -> 0 | AI15: ='SAME R Results'!AE46 -> 0 | AJ15: ='SAME R Results'!AF46 -> 0 | AK15: ='SAME R Results'!AG46 -> 0 | ... AT15: ='SAME R Results'!AP46 -> 60 | AV15: ='SAME R Results'!AQ46 -> 0 | AW15: ='SAME R Results'!AR46 -> 6.259078 | AX15: ='SAME R Results'!AS46 -> 0 | AY15: ='SAME R Results'!AT46 -> 0 | BB15: ='SAME R Results'!AU46 -> 1.346512 | BC15: ='SAME R Results'!AV46 -> 0.0528412 | BD15: ='SAME R Results'!AW46 -> 7.136291 | BE15: ='SAME R Results'!AX46 -> 4.6989445 | BF15: ='SAME R Results'!AY46 -> 43615 | BG15: ='SAME R Results'!AZ46 -> 1.849732 | BH15: ='SAME R Results'!BA46 -> 0.11183163 | BJ15: ='SAME R Results'!BB46 -> 93.744 | BK15: ='SAME R Results'!BC46 -> 2.4373465 | BL15: ='SAME R Results'!BD46 -> 1662805.4 | BM15: ='SAME R Results'!BE46 -> 630.19823 | BN15: ='SAME R Results'!BF46 -> 3.3793622 | BO15: ='SAME R Results'!BG46 -> 1.1349477 | BQ15: ='SAME R Results'!BH46 -> 116.98495 | BR15: ='SAME R Results'!BI46 -> 0.37899697 | BS15: ='SAME R Results'!BJ46 -> 0.51218868 | BT15: ='SAME R Results'!BL46 -> 2.9775488 | BU15: ='SAME R Results'!BM46 -> 1.7311482 | BV15: ='SAME R Results'!BN46 -> 0.32601578 | BW15: ='SAME R Results'!BO46 -> 1662805.4 | BX15: ='SAME R Results'!BP46 -> 1636768 | BY15: ='SAME R Results'!BQ46 -> 1519809.1 | BZ15: ='SAME R Results'!BR46 -> 630.19823 | CA15: ='SAME R Results'!BS46 -> 0.54100739 | CB15: ='SAME R Results'!BT46 -> 0.48 | CC15: ='SAME R Results'!BV46 -> 2.5998319 | CD15: ='SAME R Results'!BW46 -> 1
A16: 2 | B16: ='SAME R Results'!A68 -> 7 (4) | C16: ='SAME R Results'!B68 -> Pyrell | D16: ='SAME R Results'!C68 -> P01 | E16: ='SAME R Results'!D68 -> 37Pa | F16: ='SAME R Results'!E68 -> 0 | G16: ='SAME R Results'!F68 -> 84a | H16: ='SAME R Results'!G68 -> aged | I16: ='SAME R Results'!H68 -> 242 | ... K16: ='SAME R Results'!J68 -> 0 | N16: ='SAME R Results'!K68 -> 8.1 | O16: ='SAME R Results'!L68 -> 1.225 | P16: ='SAME R Results'!M68 -> 0 | Q16: ='SAME R Results'!N68 -> 0 | R16: ='SAME R Results'!O68 -> 0 | S16: ='SAME R Results'!P68 -> 0 | T16: ='SAME R Results'!Q68 -> 0 | U16: ='SAME R Results'!R68 -> 632.14286 | ... AB16: ='SAME R Results'!Y68 -> y | AD16: ='SAME R Results'!Z68 -> y | AE16: ='SAME R Results'!AA68 -> 10 | AF16: ='SAME R Results'!AB68 -> y | AG16: ='SAME R Results'!AC68 -> 0.038527069 | AH16: ='SAME R Results'!AD68 -> 0 | AI16: ='SAME R Results'!AE68 -> 0 | AJ16: ='SAME R Results'!AF68 -> 0 | AK16: ='SAME R Results'!AG68 -> 0 | ... AT16: ='SAME R Results'!AP68 -> 60 | AV16: ='SAME R Results'!AQ68 -> 0 | AW16: ='SAME R Results'!AR68 -> 6.2334445 | AX16: ='SAME R Results'!AS68 -> 0 | AY16: ='SAME R Results'!AT68 -> 0 | BB16: ='SAME R Results'!AU68 -> 1.465866 | BC16: ='SAME R Results'!AV68 -> 0.057357785 | BD16: ='SAME R Results'!AW68 -> 7.1149745 | BE16: ='SAME R Results'!AX68 -> 4.750412 | BF16: ='SAME R Results'!AY68 -> 44120 | BG16: ='SAME R Results'!AZ68 -> 1.7928005 | BH16: ='SAME R Results'!BA68 -> 0.12527461 | BJ16: ='SAME R Results'!BB68 -> 105.30195 | BK16: ='SAME R Results'!BC68 -> 2.3645625 | BL16: ='SAME R Results'!BD68 -> 1683215 | BM16: ='SAME R Results'!BE68 -> 597.13137 | BN16: ='SAME R Results'!BF68 -> 3.7357686 | BO16: ='SAME R Results'!BG68 -> 1.1056895 | BQ16: ='SAME R Results'!BH68 -> 133.40784 | BR16: ='SAME R Results'!BI68 -> 0.35475645 | BS16: ='SAME R Results'!BJ68 -> 0.53294334 | BT16: ='SAME R Results'!BL68 -> 3.3786779 | BU16: ='SAME R Results'!BM68 -> 1.8926022 | BV16: ='SAME R Results'!BN68 -> 0.28943758 | BW16: ='SAME R Results'!BO68 -> 1683215 | BX16: ='SAME R Results'!BP68 -> 1656876.1 | BY16: ='SAME R Results'!BQ68 -> 1537984.7 | BZ16: ='SAME R Results'!BR68 -> 597.13137 | CA16: ='SAME R Results'!BS68 -> 0.52485184 | CB16: ='SAME R Results'!BT68 -> 0.48 | CC16: ='SAME R Results'!BV68 -> 2.6393907 | CD16: ='SAME R Results'!BW68 -> 1
A17: 2 | B17: ='SAME R Results'!A92 -> 9(4) | C17: ='SAME R Results'!B92 -> Pyrell | D17: ='SAME R Results'!C92 -> P11 | E17: ='SAME R Results'!D92 -> 50PA | F17: ='SAME R Results'!E92 -> 0 | G17: ='SAME R Results'!F92 -> 97a | H17: ='SAME R Results'!G92 -> aged | I17: ='SAME R Results'!H92 -> 251 | ... K17: ='SAME R Results'!J92 -> 0 | N17: ='SAME R Results'!K92 -> 0 | O17: ='SAME R Results'!L92 -> 1.23 | P17: ='SAME R Results'!M92 -> 0 | Q17: ='SAME R Results'!N92 -> 0 | R17: ='SAME R Results'!O92 -> 0 | S17: ='SAME R Results'!P92 -> 0 | T17: ='SAME R Results'!Q92 -> 0 | U17: ='SAME R Results'!R92 -> 623.85714 | ... AB17: ='SAME R Results'!Y92 -> y | AD17: ='SAME R Results'!Z92 -> y | AE17: ='SAME R Results'!AA92 -> 10 | AF17: ='SAME R Results'!AB92 -> y | AG17: ='SAME R Results'!AC92 -> 0.038527069 | AH17: ='SAME R Results'!AD92 -> 0 | AI17: ='SAME R Results'!AE92 -> 0 | AJ17: ='SAME R Results'!AF92 -> 0 | AK17: ='SAME R Results'!AG92 -> 0 | ... AT17: ='SAME R Results'!AP92 -> 0 | AV17: ='SAME R Results'!AQ92 -> 0 | AW17: ='SAME R Results'!AR92 -> 5.280457 | AX17: ='SAME R Results'!AS92 -> 0 | AY17: ='SAME R Results'!AT92 -> 0 | BB17: ='SAME R Results'!AU92 -> 0.1629333 | BC17: ='SAME R Results'!AV92 -> 0.031524655 | BD17: ='SAME R Results'!AW92 -> 4.755493 | BE17: ='SAME R Results'!AX92 -> 4.6810145 | BF17: ='SAME R Results'!AY92 -> 974.3 | BG17: ='SAME R Results'!AZ92 -> 0.2967071 | BH17: ='SAME R Results'!BA92 -> 0.095581095 | BJ17: ='SAME R Results'!BB92 -> 11.96435 | BK17: ='SAME R Results'!BC92 -> 0.0744785 | BL17: ='SAME R Results'!BD92 -> 34988.164 | BM17: ='SAME R Results'!BE92 -> 12.218231 | BN17: ='SAME R Results'!BF92 -> 0.3517746 | BO17: ='SAME R Results'!BG92 -> 0.13460115 | BQ17: ='SAME R Results'!BH92 -> 15.29757 | BR17: ='SAME R Results'!BI92 -> 0.3492104 | BS17: ='SAME R Results'!BJ92 -> 0.94167468 | BT17: ='SAME R Results'!BL92 -> 2.6134592 | BU17: ='SAME R Results'!BM92 -> 2.7073886 | BV17: ='SAME R Results'!BN92 -> 0.2126573 | BW17: ='SAME R Results'!BO92 -> 34988.164 | BX17: ='SAME R Results'!BP92 -> 34406.523 | BY17: ='SAME R Results'!BQ92 -> 32872.148 | BZ17: ='SAME R Results'!BR92 -> 12.218231 | CA17: ='SAME R Results'!BS92 -> 0.016531675 | CB17: ='SAME R Results'!BT92 -> 0.48 | CC17: ='SAME R Results'!BV92 -> 2.6637417 | CD17: ='SAME R Results'!BW92 -> 1
A18: 2 | B18: ='SAME R Results'!A113 -> 10 (4) | C18: ='SAME R Results'!B113 -> Pyrell | D18: ='SAME R Results'!C113 -> P12 | E18: ='SAME R Results'!D113 -> 60PA | F18: ='SAME R Results'!E113 -> 0 | G18: ='SAME R Results'!F113 -> 107a | H18: ='SAME R Results'!G113 -> aged | I18: ='SAME R Results'!H113 -> 252 | ... K18: ='SAME R Results'!J113 -> 0 | N18: ='SAME R Results'!K113 -> 1 | O18: ='SAME R Results'!L113 -> 1.23 | P18: ='SAME R Results'!M113 -> 0 | Q18: ='SAME R Results'!N113 -> 0 | R18: ='SAME R Results'!O113 -> 0 | S18: ='SAME R Results'!P113 -> 0 | T18: ='SAME R Results'!Q113 -> 0 | U18: ='SAME R Results'!R113 -> 558.71429 | ... AB18: ='SAME R Results'!Y113 -> y | AD18: ='SAME R Results'!Z113 -> y | AE18: ='SAME R Results'!AA113 -> 10 | AF18: ='SAME R Results'!AB113 -> y | AG18: ='SAME R Results'!AC113 -> 0.038527069 | AH18: ='SAME R Results'!AD113 -> 0 | AI18: ='SAME R Results'!AE113 -> 0 | AJ18: ='SAME R Results'!AF113 -> 0 | AK18: ='SAME R Results'!AG113 -> 0 | ... AT18: ='SAME R Results'!AP113 -> 60 | AV18: ='SAME R Results'!AQ113 -> 0 | AW18: ='SAME R Results'!AR113 -> 6.2575835 | AX18: ='SAME R Results'!AS113 -> 0 | AY18: ='SAME R Results'!AT113 -> 0 | BB18: ='SAME R Results'!AU113 -> 1.022004 | BC18: ='SAME R Results'!AV113 -> 0.03450012 | BD18: ='SAME R Results'!AW113 -> 4.9970245 | BE18: ='SAME R Results'!AX113 -> 4.675018 | BF18: ='SAME R Results'!AY113 -> 5337 | BG18: ='SAME R Results'!AZ113 -> 1.282119 | BH18: ='SAME R Results'!BA113 -> 0.086364745 | BJ18: ='SAME R Results'!BB113 -> 67.1312 | BK18: ='SAME R Results'!BC113 -> 0.3220065 | BL18: ='SAME R Results'!BD113 -> 192866.12 | BM18: ='SAME R Results'!BE113 -> 54.401224 | BN18: ='SAME R Results'!BF113 -> 2.525544 | BO18: ='SAME R Results'!BG113 -> 0.76453624 | BQ18: ='SAME R Results'!BH113 -> 82.032519 | BR18: ='SAME R Results'!BI113 -> 0.28206729 | BS18: ='SAME R Results'!BJ113 -> 0.93306198 | BT18: ='SAME R Results'!BL113 -> 3.3033673 | BU18: ='SAME R Results'!BM113 -> 2.9854989 | BV18: ='SAME R Results'!BN113 -> 0.15508645 | BW18: ='SAME R Results'!BO113 -> 192866.12 | BX18: ='SAME R Results'!BP113 -> 189680.02 | BY18: ='SAME R Results'!BQ113 -> 180670.71 | BZ18: ='SAME R Results'!BR113 -> 54.401224 | CA18: ='SAME R Results'!BS113 -> 0.071474407 | CB18: ='SAME R Results'!BT113 -> 0.48 | CC18: ='SAME R Results'!BV113 -> 2.5457772 | CD18: ='SAME R Results'!BW113 -> 1
A19: 2 | B19: ='SAME R Results'!A50 -> 5 | C19: ='SAME R Results'!B50 -> Pyrell | D19: ='SAME R Results'!C50 -> P06 | E19: ='SAME R Results'!D50 -> 29 Pa | F19: ='SAME R Results'!E50 -> 5 | G19: ='SAME R Results'!F50 -> 76a | H19: ='SAME R Results'!G50 -> aged | I19: ='SAME R Results'!H50 -> 238 | ... K19: ='SAME R Results'!J50 -> 0 | N19: ='SAME R Results'!K50 -> 8.1 | O19: ='SAME R Results'!L50 -> 1.23 | P19: ='SAME R Results'!M50 -> 0 | Q19: ='SAME R Results'!N50 -> 0 | R19: ='SAME R Results'!O50 -> 0 | S19: ='SAME R Results'!P50 -> 0 | T19: ='SAME R Results'!Q50 -> 0 | U19: ='SAME R Results'!R50 -> 625.42857 | ... AB19: ='SAME R Results'!Y50 -> y | AD19: ='SAME R Results'!Z50 -> y | AE19: ='SAME R Results'!AA50 -> 10 | AF19: ='SAME R Results'!AB50 -> y | AG19: ='SAME R Results'!AC50 -> 0.038527069 | AH19: ='SAME R Results'!AD50 -> 0 | AI19: ='SAME R Results'!AE50 -> 0 | AJ19: ='SAME R Results'!AF50 -> 0 | AK19: ='SAME R Results'!AG50 -> 0 | ... AT19: ='SAME R Results'!AP50 -> 45 | AV19: ='SAME R Results'!AQ50 -> 0 | AW19: ='SAME R Results'!AR50 -> 6.263825 | AX19: ='SAME R Results'!AS50 -> 0 | AY19: ='SAME R Results'!AT50 -> 0 | BB19: ='SAME R Results'!AU50 -> 2.9929655 | BC19: ='SAME R Results'!AV50 -> 0.10406491 | BD19: ='SAME R Results'!AW50 -> 7.378616 | BE19: ='SAME R Results'!AX50 -> 4.752075 | BF19: ='SAME R Results'!AY50 -> 42855 | BG19: ='SAME R Results'!AZ50 -> 3.7528845 | BH19: ='SAME R Results'!BA50 -> 0.1647187 | BJ19: ='SAME R Results'!BB50 -> 182.25265 | BK19: ='SAME R Results'!BC50 -> 2.626541 | BL19: ='SAME R Results'!BD50 -> 1632140 | BM19: ='SAME R Results'!BE50 -> 725.9923 | BN19: ='SAME R Results'!BF50 -> 7.5308396 | BO19: ='SAME R Results'!BG50 -> 2.3384243 | BQ19: ='SAME R Results'!BH50 -> 226.9693 | BR19: ='SAME R Results'!BI50 -> 0.44481007 | BS19: ='SAME R Results'!BJ50 -> 0.64279185 | BT19: ='SAME R Results'!BL50 -> 3.2204761 | BU19: ='SAME R Results'!BM50 -> 1.834502 | BV19: ='SAME R Results'!BN50 -> 0.37002131 | BW19: ='SAME R Results'!BO50 -> 1632140 | BX19: ='SAME R Results'!BP50 -> 1606556.3 | BY19: ='SAME R Results'!BQ50 -> 1492480.8 | BZ19: ='SAME R Results'!BR50 -> 725.9923 | CA19: ='SAME R Results'!BS50 -> 0.58300209 | CB19: ='SAME R Results'!BT50 -> 0.48 | CC19: ='SAME R Results'!BV50 -> 2.5944901 | CD19: ='SAME R Results'!BW50 -> 1
A20: 2 | B20: ='SAME R Results'!A40 -> 6 | C20: ='SAME R Results'!B40 -> Pyrell | D20: ='SAME R Results'!C40 -> P08 | E20: ='SAME R Results'!D40 -> 24 P | F20: ='SAME R Results'!E40 -> 5 | G20: ='SAME R Results'!F40 -> 71 | H20: ='SAME R Results'!G40 -> High temp aged STS det | I20: ='SAME R Results'!H40 -> 236 | ... K20: ='SAME R Results'!J40 -> 0 | N20: ='SAME R Results'!K40 -> 8.1 | O20: ='SAME R Results'!L40 -> 1.23 | P20: ='SAME R Results'!M40 -> 60 | Q20: ='SAME R Results'!N40 -> 720 | R20: ='SAME R Results'!O40 -> 8 | S20: ='SAME R Results'!P40 -> n | T20: ='SAME R Results'!Q40 -> n | U20: ='SAME R Results'!R40 -> 750.42857 | ... AB20: ='SAME R Results'!Y40 -> y | AD20: ='SAME R Results'!Z40 -> y | AE20: ='SAME R Results'!AA40 -> 10 | AF20: ='SAME R Results'!AB40 -> y | AG20: ='SAME R Results'!AC40 -> 0.038527069 | AH20: ='SAME R Results'!AD40 -> 0 | AI20: ='SAME R Results'!AE40 -> 0 | AJ20: ='SAME R Results'!AF40 -> 0 | AK20: ='SAME R Results'!AG40 -> 0 | ... AT20: ='SAME R Results'!AP40 -> 0 | AV20: ='SAME R Results'!AQ40 -> 0 | AW20: ='SAME R Results'!AR40 -> 6.1209415 | AX20: ='SAME R Results'!AS40 -> 4.507355 | AY20: ='SAME R Results'!AT40 -> 5.1140445 | BB20: ='SAME R Results'!AU40 -> 0 | BC20: ='SAME R Results'!AV40 -> 0 | BD20: ='SAME R Results'!AW40 -> 6.663803 | BE20: ='SAME R Results'!AX40 -> 4.725647 | BF20: ='SAME R Results'!AY40 -> 35850 | BG20: ='SAME R Results'!AZ40 -> 0 | BH20: ='SAME R Results'!BA40 -> 0 | BJ20: ='SAME R Results'!BB40 -> 51.40015 | BK20: ='SAME R Results'!BC40 -> 1.938156 | BL20: ='SAME R Results'!BD40 -> 1352316.9 | BM20: ='SAME R Results'!BE40 -> 434.33533 | BN20: ='SAME R Results'!BF40 -> 0 | BO20: ='SAME R Results'!BG40 -> 0 | BQ20: ='SAME R Results'!BH40 -> 57.835265 | BR20: ='SAME R Results'!BI40 -> 0.32117867 | BS20: ='SAME R Results'!BJ40 -> 0.43388225 | BT20: ='SAME R Results'!BL40 -> 0 | BU20: ='SAME R Results'!BM40 -> 1.7305342 | BV20: ='SAME R Results'!BN40 -> 0.27633386 | BW20: ='SAME R Results'!BO40 -> 1352316.9 | BX20: ='SAME R Results'!BP40 -> 1330915 | BY20: ='SAME R Results'!BQ40 -> 1242004.3 | BZ20: ='SAME R Results'!BR40 -> 434.33533 | CA20: ='SAME R Results'!BS40 -> 0.43020421 | CB20: ='SAME R Results'!BT40 -> 0.48 | CC20: ='SAME R Results'!BV40 -> 2.3441592 | CD20: ='SAME R Results'!BW40 -> 1
A21: 2 | B21: ='SAME R Results'!A28 -> 3 | C21: ='SAME R Results'!B28 -> Pyrell | D21: ='SAME R Results'!C28 -> P03 | E21: ='SAME R Results'!D28 -> 16Pa | F21: ='SAME R Results'!E28 -> 3 | G21: ='SAME R Results'!F28 -> 63a | H21: ='SAME R Results'!G28 -> aged | I21: ='SAME R Results'!H28 -> 235 | ... K21: ='SAME R Results'!J28 -> 0 | N21: ='SAME R Results'!K28 -> 8.1 | O21: ='SAME R Results'!L28 -> 1.22 | P21: ='SAME R Results'!M28 -> 0 | Q21: ='SAME R Results'!N28 -> 0 | R21: ='SAME R Results'!O28 -> 0 | S21: ='SAME R Results'!P28 -> 0 | T21: ='SAME R Results'!Q28 -> 0 | U21: ='SAME R Results'!R28 -> 839.6 | ... AB21: ='SAME R Results'!Y28 -> y | AD21: ='SAME R Results'!Z28 -> y | AE21: ='SAME R Results'!AA28 -> 10 | AF21: ='SAME R Results'!AB28 -> y | AG21: ='SAME R Results'!AC28 -> 0.038527069 | AH21: ='SAME R Results'!AD28 -> 0 | AI21: ='SAME R Results'!AE28 -> 70 | AJ21: ='SAME R Results'!AF28 -> 720 | AK21: ='SAME R Results'!AG28 -> 0 | ... AT21: ='SAME R Results'!AP28 -> 60 | AV21: ='SAME R Results'!AQ28 -> 0 | AW21: ='SAME R Results'!AR28 -> 6.24 | AX21: ='SAME R Results'!AS28 -> 0 | AY21: ='SAME R Results'!AT28 -> 0 | BB21: ='SAME R Results'!AU28 -> 1.7016755 | BC21: ='SAME R Results'!AV28 -> 0.0268 | BD21: ='SAME R Results'!AW28 -> 6.8619835 | BE21: ='SAME R Results'!AX28 -> 4.7158055 | BF21: ='SAME R Results'!AY28 -> 37425 | BG21: ='SAME R Results'!AZ28 -> 2.2644655 | BH21: ='SAME R Results'!BA28 -> 0.082 | BJ21: ='SAME R Results'!BB28 -> 92.13705 | BK21: ='SAME R Results'!BC28 -> 2.146178 | BL21: ='SAME R Results'!BD28 -> 1414788.2 | BM21: ='SAME R Results'!BE28 -> 507.96942 | BN21: ='SAME R Results'!BF28 -> 4.4202532 | BO21: ='SAME R Results'!BG28 -> 1.4399653 | BQ21: ='SAME R Results'!BH28 -> 116.15557 | BR21: ='SAME R Results'!BI28 -> 0.35904274 | BS21: ='SAME R Results'!BJ28 -> 0.53924154 | BT21: ='SAME R Results'!BL28 -> 3.0696943 | BU21: ='SAME R Results'!BM28 -> 1.8922143 | BV21: ='SAME R Results'!BN28 -> 0.29297298 | BW21: ='SAME R Results'!BO28 -> 1414788.2 | BX21: ='SAME R Results'!BP28 -> 1392446.1 | BY21: ='SAME R Results'!BQ28 -> 1298099.3 | BZ21: ='SAME R Results'!BR28 -> 507.96942 | CA21: ='SAME R Results'!BS28 -> 0.47637796 | CB21: ='SAME R Results'!BT28 -> 0.48 | CC21: ='SAME R Results'!BV28 -> 2.626422 | CD21: ='SAME R Results'!BW28 -> 1
A22: 2 | B22: ='SAME R Results'!A30 -> 3 | C22: ='SAME R Results'!B30 -> Pyrell | D22: ='SAME R Results'!C30 -> P04 | E22: ='SAME R Results'!D30 -> 17Pa | F22: ='SAME R Results'!E30 -> 4 | G22: ='SAME R Results'!F30 -> 64a | H22: ='SAME R Results'!G30 -> aged | I22: ='SAME R Results'!H30 -> 235 | ... K22: ='SAME R Results'!J30 -> 0 | N22: ='SAME R Results'!K30 -> 8.1 | O22: ='SAME R Results'!L30 -> 1.23 | P22: ='SAME R Results'!M30 -> 0 | Q22: ='SAME R Results'!N30 -> 0 | R22: ='SAME R Results'!O30 -> 0 | S22: ='SAME R Results'!P30 -> 0 | T22: ='SAME R Results'!Q30 -> 0 | U22: ='SAME R Results'!R30 -> 842.4 | ... AB22: ='SAME R Results'!Y30 -> y | AD22: ='SAME R Results'!Z30 -> y | AE22: ='SAME R Results'!AA30 -> 10 | AF22: ='SAME R Results'!AB30 -> y | AG22: ='SAME R Results'!AC30 -> 0.038527069 | AH22: ='SAME R Results'!AD30 -> 0 | AI22: ='SAME R Results'!AE30 -> 70 | AJ22: ='SAME R Results'!AF30 -> 720 | AK22: ='SAME R Results'!AG30 -> 0 | ... AT22: ='SAME R Results'!AP30 -> 45 | AV22: ='SAME R Results'!AQ30 -> 0 | AW22: ='SAME R Results'!AR30 -> 6.249 | AX22: ='SAME R Results'!AS30 -> 0 | AY22: ='SAME R Results'!AT30 -> 0 | BB22: ='SAME R Results'!AU30 -> 2.4697265 | BC22: ='SAME R Results'!AV30 -> 0.0268 | BD22: ='SAME R Results'!AW30 -> 7.1536855 | BE22: ='SAME R Results'!AX30 -> 4.6995235 | BF22: ='SAME R Results'!AY30 -> 37495 | BG22: ='SAME R Results'!AZ30 -> 3.2575235 | BH22: ='SAME R Results'!BA30 -> 0.082 | BJ22: ='SAME R Results'!BB30 -> 137.74325 | BK22: ='SAME R Results'!BC30 -> 2.454162 | BL22: ='SAME R Results'!BD30 -> 1417570.6 | BM22: ='SAME R Results'!BE30 -> 638.11174 | BN22: ='SAME R Results'!BF30 -> 6.4328391 | BO22: ='SAME R Results'!BG30 -> 2.0904878 | BQ22: ='SAME R Results'!BH30 -> 173.26518 | BR22: ='SAME R Results'!BI30 -> 0.45014458 | BS22: ='SAME R Results'!BJ30 -> 0.61572859 | BT22: ='SAME R Results'!BL30 -> 3.0771953 | BU22: ='SAME R Results'!BM30 -> 1.7501057 | BV22: ='SAME R Results'!BN30 -> 0.38488712 | BW22: ='SAME R Results'!BO30 -> 1417570.6 | BX22: ='SAME R Results'!BP30 -> 1395186.8 | BY22: ='SAME R Results'!BQ30 -> 1300595.4 | BZ22: ='SAME R Results'!BR30 -> 638.11174 | CA22: ='SAME R Results'!BS30 -> 0.54473986 | CB22: ='SAME R Results'!BT30 -> 0.48 | CC22: ='SAME R Results'!BV30 -> 2.6205939 | CD22: ='SAME R Results'!BW30 -> 1
I23: Print Boundary Print inside the blue border
J52: rows 9-13
AC78: rows 17-19

Sheet Lampwick R&T Plots
B1: SAME Combined Results | N1: Smoke Generation | V1: Primary Diagnostics | AI1: Secondary Diagnostics Volume
A2: Flight 1=same 2=sameR, g=ground | B2: Carousel | C2: Sample Type | D2: Sample ID | E2: Test ID Number | F2: Position in Carousel | G2: SAME # | H2: Description | I2: GMT | J2: Date (EST) | K2: TEAM Test ID Number | L2: Fan problem | M2: Flat profiles | N2: Inlet Velocity (cm/sec) | O2: Rt/R0 | P2: Duration (sec) | Q2: Primary Aging Duration (sec) | R2: Primary Mixing Duration (sec) | S2: PreAge Thermal Precipitator | T2: PreAge Thermal Precipitator Duration | U2: Net Aging Duration | V2: Primary Aging Therm Precip | W2: Primary Aging Therm Precip Duration | X2: Use STS Detector | Y2: Use Comm Diag A | Z2: Use Comm Diag B | AA2: Diluting A | AB2: Diluting B | AC2: Impactor Inlet on CDA | AD2: Cyclone Inlet on CDA (MPASS) | AE2: Impactor Inlet on CDB | AF2: Use P-Trak | AG2: Aerosol Concentration To P-Trak | AH2: Aerosol Conteration to DustTrak | AI2: Secondary Diagnostics Volume % | AJ2: Secondary Aging Duration (sec) | AK2: Secondary Mixing Duration (sec) | AL2: STSDetector | AM2: Comm Diag A | AN2: Comm Diag B | AO2: Diluting A | AP2: Diluting B | AQ2: Ues PTrak | AR2: Aerosol Concentration To P-Trak | AS2: Aerosol Conteration to DustTrak | AT2: secondary agign thermal precip duration | AU2: Mass Loss | AV2: ISS Obscuration (volts) | AW2: ISS Detector Scatter (volts) | AX2: STS Detector (volts) | AY2: STS Detector offset (volts) | AZ2: Ion A (volts) | BA2: Ion A offset V0 (volts) | BB2: Ion A (volts) Mpass_3rd | BC2: Ion A offset V0 Mpass (volts) | BD2: Ion B (volts) | BE2: Ion B offset V0 (volts) | BF2: Ptrak (PT/cc) | BG2: DustTrak A (mg/m3) Mpass_2nd | BH2: DustTrak A (mg/m3) Mpass_2nd offset | BI2: DustTrak A (mg/m3) | BJ2: DustTrak B (mg/m3) | BK2: Ion B Delta (volts) | BL2: M0 best Diameter | BM2: M1 (mm/cm^3) | BN2: Mpass_3rd offset and dilution corrected | BO2: DustTrak A (mg/m3) Mpass_2nd offset, dilution and Gain corrected | BP2: DustTrak A calibratred and corrected for dilution (mg/m3) | BQ2: DustTrak B calibratred and corrected for dilution (mg/m3) | BR2: M1/M0 (micro-m)--CMD | BS2: Diameter of Average mass (micro-m) | BT2: MPASS 3/2 | BU2: Hatch Choate Sigma g | BV2: Hatch Choate Dg | BW2: CPC 100 nm cal, dilution corrected | BX2: CPC 600 nm cal, dilution corrected | BY2: CPC 1200 nm cal, dilution corrected | BZ2: Ion B Mment (mm/cm^3) | CA2: Ion B X | CB2: Dust Trak Cal Factor (Teom/Dusttrak) | CC2: Dust Trak Dilution factor | CD2: Particle density g/cc | CE2: Sample Temperature ( C)
A3: 2 | B3: ='SAME R Results'!A13 -> 2 | C3: ='SAME R Results'!B13 -> Lampwick | D3: ='SAME R Results'!C13 -> L15 | E3: ='SAME R Results'!D13 -> 8La | F3: ='SAME R Results'!E13 -> 4 | G3: ='SAME R Results'!F13 -> 55a | H3: ='SAME R Results'!G13 -> aged | I3: ='SAME R Results'!H13 -> 210 | ... K3: ='SAME R Results'!J13 -> 0 | N3: ='SAME R Results'!K13 -> 8.1 | O3: ='SAME R Results'!L13 -> 1.245 | P3: ='SAME R Results'!M13 -> 0 | Q3: ='SAME R Results'!N13 -> 0 | R3: ='SAME R Results'!O13 -> 0 | S3: ='SAME R Results'!P13 -> 0 | T3: ='SAME R Results'!Q13 -> 0 | U3: ='SAME R Results'!R13 -> 218 | ... AB3: ='SAME R Results'!Y13 -> y | AD3: ='SAME R Results'!Z13 -> y | AE3: ='SAME R Results'!AA13 -> 10 | AF3: ='SAME R Results'!AB13 -> y | AG3: ='SAME R Results'!AC13 -> 0.038527069 | AH3: ='SAME R Results'!AD13 -> 0 | AI3: ='SAME R Results'!AE13 -> 0 | AJ3: ='SAME R Results'!AF13 -> 0 | AK3: ='SAME R Results'!AG13 -> 0 | ... AT3: ='SAME R Results'!AP13 -> 0 | AV3: ='SAME R Results'!AQ13 -> 0 | AW3: ='SAME R Results'!AR13 -> 6.249 | AX3: ='SAME R Results'!AS13 -> 0 | AY3: ='SAME R Results'!AT13 -> 0 | BB3: ='SAME R Results'!AU13 -> 0 | BC3: ='SAME R Results'!AV13 -> 0 | BD3: ='SAME R Results'!AW13 -> 6.331117 | BE3: ='SAME R Results'!AX13 -> 4.81897 | BF3: ='SAME R Results'!AY13 -> 53540 | BG3: ='SAME R Results'!AZ13 -> 0 | BH3: ='SAME R Results'!BA13 -> 0 | BJ3: ='SAME R Results'!BB13 -> 45.30865 | BK3: ='SAME R Results'!BC13 -> 1.512147 | BL3: ='SAME R Results'!BD13 -> 2068777.3 | BM3: ='SAME R Results'!BE13 -> 308.14292 | BN3: ='SAME R Results'!BF13 -> 0 | BO3: ='SAME R Results'!BG13 -> 0 | BQ3: ='SAME R Results'!BH13 -> 35.64993 | BR3: ='SAME R Results'!BI13 -> 0.14894929 | BS3: ='SAME R Results'!BJ13 -> 0.32046611 | BT3: ='SAME R Results'!BL13 -> 0 | BU3: ='SAME R Results'!BM13 -> 2.3996231 | BV3: ='SAME R Results'!BN13 -> 0.10154689 | BW3: ='SAME R Results'!BO13 -> 2068777.3 | BX3: ='SAME R Results'!BP13 -> 2036814.9 | BY3: ='SAME R Results'!BQ13 -> 1879448.4 | BZ3: ='SAME R Results'!BR13 -> 308.14292 | CA3: ='SAME R Results'!BS13 -> 0.33564481 | CB3: ='SAME R Results'!BT13 -> 0.28 | CC3: ='SAME R Results'!BV13 -> 2.8100855 | CD3: ='SAME R Results'!BW13 -> 1 | CE3: ='SAME R Results'!BZ13 -> 262.89927
A4: 2 | B4: ='SAME R Results'!A87 -> 8(4) | C4: ='SAME R Results'!B87 -> Lampwick | D4: ='SAME R Results'!C87 -> L03 | E4: ='SAME R Results'!D87 -> 49 L | F4: ='SAME R Results'!E87 -> 0 | G4: ='SAME R Results'!F87 -> 96 | H4: ='SAME R Results'!G87 -> No flow run w/aging | I4: ='SAME R Results'!H87 -> 250 | ... K4: ='SAME R Results'!J87 -> 0 | N4: ='SAME R Results'!K87 -> 0 | O4: ='SAME R Results'!L87 -> 1.245 | P4: ='SAME R Results'!M87 -> 60 | Q4: ='SAME R Results'!N87 -> 11 | R4: ='SAME R Results'!O87 -> 8 | S4: ='SAME R Results'!P87 -> n | T4: ='SAME R Results'!Q87 -> N | U4: ='SAME R Results'!R87 -> 33.571429 | ... AB4: ='SAME R Results'!Y87 -> y | AD4: ='SAME R Results'!Z87 -> y | AE4: ='SAME R Results'!AA87 -> 10 | AF4: ='SAME R Results'!AB87 -> y | AG4: ='SAME R Results'!AC87 -> 0.038527069 | AH4: ='SAME R Results'!AD87 -> 0 | AI4: ='SAME R Results'!AE87 -> 58 | AJ4: ='SAME R Results'!AF87 -> 480 | AK4: ='SAME R Results'!AG87 -> 0 | ... AT4: ='SAME R Results'!AP87 -> 0 | AV4: ='SAME R Results'!AQ87 -> 0 | AW4: ='SAME R Results'!AR87 -> 5.7956835 | AX4: ='SAME R Results'!AS87 -> 0 | AY4: ='SAME R Results'!AT87 -> 0 | BB4: ='SAME R Results'!AU87 -> 0.4061126 | BC4: ='SAME R Results'!AV87 -> 0.02531433 | BD4: ='SAME R Results'!AW87 -> 4.9042215 | BE4: ='SAME R Results'!AX87 -> 4.6696165 | BF4: ='SAME R Results'!AY87 -> 5869.5 | BG4: ='SAME R Results'!AZ87 -> 0.4626158 | BH4: ='SAME R Results'!BA87 -> 0.07122803 | BJ4: ='SAME R Results'!BB87 -> 11.2028 | BK4: ='SAME R Results'!BC87 -> 0.234605 | BL4: ='SAME R Results'!BD87 -> 212271.62 | BM4: ='SAME R Results'!BE87 -> 39.214605 | BN4: ='SAME R Results'!BF87 -> 0.38079827 | BO4: ='SAME R Results'!BG87 -> 0.097846942 | BQ4: ='SAME R Results'!BH87 -> 8.2366881 | BR4: ='SAME R Results'!BI87 -> 0.18473787 | BS4: ='SAME R Results'!BJ87 -> 0.42003682 | BT4: ='SAME R Results'!BL87 -> 3.8917749 | BU4: ='SAME R Results'!BM87 -> 2.4751814 | BV4: ='SAME R Results'!BN87 -> 0.12251526 | BW4: ='SAME R Results'!BO87 -> 212271.62 | BX4: ='SAME R Results'!BP87 -> 208767.63 | BY4: ='SAME R Results'!BQ87 -> 198778.28 | BZ4: ='SAME R Results'!BR87 -> 39.214605 | CA4: ='SAME R Results'!BS87 -> 0.05207427 | CB4: ='SAME R Results'!BT87 -> 0.28 | CC4: ='SAME R Results'!BV87 -> 2.6258385 | CD4: ='SAME R Results'!BW87 -> 1 | CE4: ='SAME R Results'!BZ87 -> 260.32494
A5: 2 | B5: ='SAME R Results'!A93 -> 9(4) | C5: ='SAME R Results'!B93 -> Lampwick | D5: ='SAME R Results'!C93 -> L04 | E5: ='SAME R Results'!D93 -> 51 L | F5: ='SAME R Results'!E93 -> 0 | G5: ='SAME R Results'!F93 -> 98 | H5: ='SAME R Results'!G93 -> No flow run w/ aging | I5: ='SAME R Results'!H93 -> 251 | ... K5: ='SAME R Results'!J93 -> 0 | N5: ='SAME R Results'!K93 -> 0 | O5: ='SAME R Results'!L93 -> 1.28 | P5: ='SAME R Results'!M93 -> 60 | Q5: ='SAME R Results'!N93 -> 11 | R5: ='SAME R Results'!O93 -> 8 | S5: ='SAME R Results'!P93 -> n | T5: ='SAME R Results'!Q93 -> N | U5: ='SAME R Results'!R93 -> 37.142857 | ... AB5: ='SAME R Results'!Y93 -> y | AD5: ='SAME R Results'!Z93 -> y | AE5: ='SAME R Results'!AA93 -> 10 | AF5: ='SAME R Results'!AB93 -> y | AG5: ='SAME R Results'!AC93 -> 0.038527069 | AH5: ='SAME R Results'!AD93 -> 0 | AI5: ='SAME R Results'!AE93 -> 58 | AJ5: ='SAME R Results'!AF93 -> 480 | AK5: ='SAME R Results'!AG93 -> 0 | ... AT5: ='SAME R Results'!AP93 -> 0 | AV5: ='SAME R Results'!AQ93 -> 0 | AW5: ='SAME R Results'!AR93 -> 6.2221276 | AX5: ='SAME R Results'!AS93 -> 0 | AY5: ='SAME R Results'!AT93 -> 0 | BB5: ='SAME R Results'!AU93 -> 0.71681429 | BC5: ='SAME R Results'!AV93 -> 0.026619659 | BD5: ='SAME R Results'!AW93 -> 5.1033095 | BE5: ='SAME R Results'!AX93 -> 4.6722686 | BF5: ='SAME R Results'!AY93 -> 12025 | BG5: ='SAME R Results'!AZ93 -> 0.83692286 | BH5: ='SAME R Results'!BA93 -> 0.085615677 | BJ5: ='SAME R Results'!BB93 -> 20.479333 | BK5: ='SAME R Results'!BC93 -> 0.43104089 | BL5: ='SAME R Results'!BD93 -> 438728.97 | BM5: ='SAME R Results'!BE93 -> 73.832544 | BN5: ='SAME R Results'!BF93 -> 0.69019463 | BO5: ='SAME R Results'!BG93 -> 0.18782679 | BQ5: ='SAME R Results'!BH93 -> 15.029824 | BR5: ='SAME R Results'!BI93 -> 0.16828737 | BS5: ='SAME R Results'!BJ93 -> 0.4029517 | BT5: ='SAME R Results'!BL93 -> 3.6746335 | BU5: ='SAME R Results'!BM93 -> 2.5457405 | BV5: ='SAME R Results'!BN93 -> 0.10875539 | BW5: ='SAME R Results'!BO93 -> 438728.97 | BX5: ='SAME R Results'!BP93 -> 431550.25 | BY5: ='SAME R Results'!BQ93 -> 409163.57 | BZ5: ='SAME R Results'!BR93 -> 73.832544 | CA5: ='SAME R Results'!BS93 -> 0.095676305 | CB5: ='SAME R Results'!BT93 -> 0.28 | CC5: ='SAME R Results'!BV93 -> 2.6210786 | CD5: ='SAME R Results'!BW93 -> 1 | CE5: ='SAME R Results'!BZ93 -> 295.67866
A6: 2 | B6: ='SAME R Results'!A110 -> 10 (4) | C6: ='SAME R Results'!B110 -> Lampwick | D6: ='SAME R Results'!C110 -> L05 | E6: ='SAME R Results'!D110 -> 59 L | F6: ='SAME R Results'!E110 -> 0 | G6: ='SAME R Results'!F110 -> 106 | H6: ='SAME R Results'!G110 -> No flow run w/ aging | I6: ='SAME R Results'!H110 -> 252 | ... K6: ='SAME R Results'!J110 -> 0 | N6: ='SAME R Results'!K110 -> 0 | O6: ='SAME R Results'!L110 -> 1.28 | P6: ='SAME R Results'!M110 -> 60 | Q6: ='SAME R Results'!N110 -> 11 | R6: ='SAME R Results'!O110 -> 8 | S6: ='SAME R Results'!P110 -> n | T6: ='SAME R Results'!Q110 -> N | U6: ='SAME R Results'!R110 -> 29.714286 | ... AB6: ='SAME R Results'!Y110 -> n | AD6: ='SAME R Results'!Z110 -> y | AE6: ='SAME R Results'!AA110 -> 10 | AF6: ='SAME R Results'!AB110 -> y | AG6: ='SAME R Results'!AC110 -> 0.078816037 | AH6: ='SAME R Results'!AD110 -> 0 | AI6: ='SAME R Results'!AE110 -> 58 | AJ6: ='SAME R Results'!AF110 -> 480 | AK6: ='SAME R Results'!AG110 -> 0 | ... AT6: ='SAME R Results'!AP110 -> 0 | AV6: ='SAME R Results'!AQ110 -> 0 | AW6: ='SAME R Results'!AR110 -> 6.256042 | AX6: ='SAME R Results'!AS110 -> 0 | AY6: ='SAME R Results'!AT110 -> 0 | BB6: ='SAME R Results'!AU110 -> 0.83120745 | BC6: ='SAME R Results'!AV110 -> 0.035980235 | BD6: ='SAME R Results'!AW110 -> 4.95189 | BE6: ='SAME R Results'!AX110 -> 4.668991 | BF6: ='SAME R Results'!AY110 -> 6080 | BG6: ='SAME R Results'!AZ110 -> 0.90042085 | BH6: ='SAME R Results'!BA110 -> 0.08229064 | BJ6: ='SAME R Results'!BB110 -> 43.3263 | BK6: ='SAME R Results'!BC110 -> 0.282899 | BL6: ='SAME R Results'!BD110 -> 107516.96 | BM6: ='SAME R Results'!BE110 -> 47.564686 | BN6: ='SAME R Results'!BF110 -> 0.79522721 | BO6: ='SAME R Results'!BG110 -> 0.20453255 | BQ6: ='SAME R Results'!BH110 -> 12.131364 | BR6: ='SAME R Results'!BI110 -> 0.44239239 | BS6: ='SAME R Results'!BJ110 -> 0.59953058 | BT6: ='SAME R Results'!BL110 -> 3.8880227 | BU6: ='SAME R Results'!BM110 -> 1.7355361 | BV6: ='SAME R Results'!BN110 -> 0.38001943 | BW6: ='SAME R Results'!BO110 -> 107516.96 | BX6: ='SAME R Results'!BP110 -> 105742.7 | BY6: ='SAME R Results'!BQ110 -> 100668.32 | BZ6: ='SAME R Results'!BR110 -> 47.564686 | CA6: ='SAME R Results'!BS110 -> 0.062793883 | CB6: ='SAME R Results'!BT110 -> 0.28 | CC6: ='SAME R Results'!BV110 -> 1 | CD6: ='SAME R Results'!BW110 -> 1 | CE6: ='SAME R Results'!BZ110 -> 296.85202
A7: 1 | B7: ='SAME1 Flight Tests 8-27-09'!A41 -> 4 | C7: ='SAME1 Flight Tests 8-27-09'!B41 -> Lampwick | E7: ='SAME1 Flight Tests 8-27-09'!C41 -> 34 L | F7: ='SAME1 Flight Tests 8-27-09'!D41 -> 3 | G7: ='SAME1 Flight Tests 8-27-09'!E41 -> 34 | H7: ='SAME1 Flight Tests 8-27-09'!F41 -> lower flow (2) | I7: ='SAME1 Flight Tests 8-27-09'!G41 -> 273 | J7: ='SAME1 Flight Tests 8-27-09'!H41 -> 39355 | K7: ='SAME1 Flight Tests 8-27-09'!I41 -> 0 | L7: ='SAME1 Flight Tests 8-27-09'!J41 -> n | ... R7: ='SAME1 Flight Tests 8-27-09'!P41 -> 8 | U7: ='SAME1 Flight Tests 8-27-09'!Q41 -> 45.666667 | AA7: ='SAME1 Flight Tests 8-27-09'!R41 -> y | AB7: ='SAME1 Flight Tests 8-27-09'!S41 -> y | AC7: ='SAME1 Flight Tests 8-27-09'!T41 -> 1 | AE7: ='SAME1 Flight Tests 8-27-09'!U41 -> 10 | AG7: ='SAME1 Flight Tests 8-27-09'!V41 -> 0.038527069 | AH7: ='SAME1 Flight Tests 8-27-09'!W41 -> 0.45384258 | AU7: ='SAME1 Flight Tests 8-27-09'!X41 -> 0.8 | AV7: ='SAME1 Flight Tests 8-27-09'!Y41 -> 3.3226615 | AW7: ='SAME1 Flight Tests 8-27-09'!Z41 -> 6.2472995 | AX7: ='SAME1 Flight Tests 8-27-09'!AA41 -> 4.667801 | BA7: ='SAME1 Flight Tests 8-27-09'!AC41 -> 4.8072665 | BD7: ='SAME1 Flight Tests 8-27-09'!AB41 -> 5.647033 | BE7: ='SAME1 Flight Tests 8-27-09'!AD41 -> 4.624848 | BF7: ='SAME1 Flight Tests 8-27-09'!AE41 -> 31015 | BI7: ='SAME1 Flight Tests 8-27-09'!AF41 -> 12.8731 | BJ7: ='SAME1 Flight Tests 8-27-09'!AG41 -> 29.41475 | BK7: ='SAME1 Flight Tests 8-27-09'!AH41 -> 1.022185 | BL7: ='SAME1 Flight Tests 8-27-09'!AK41 -> 1162148.7 | BM7: ='SAME1 Flight Tests 8-27-09'!AL41 -> 190.12986 | BQ7: ='SAME1 Flight Tests 8-27-09'!AM41 -> 18.147548 | BR7: ='SAME1 Flight Tests 8-27-09'!AP41 -> 0.163602 | BS7: ='SAME1 Flight Tests 8-27-09'!AQ41 -> 0.31119147 | BU7: ='SAME1 Flight Tests 8-27-09'!AS41 -> 2.2296735 | BV7: ='SAME1 Flight Tests 8-27-09'!AT41 -> 0.11862305 | BW7: ='SAME1 Flight Tests 8-27-09'!BB41 -> 1162148.7 | BX7: ='SAME1 Flight Tests 8-27-09'!BC41 -> 1143633.3 | BY7: ='SAME1 Flight Tests 8-27-09'!BD41 -> 1070606.1 | CA7: ='SAME1 Flight Tests 8-27-09'!BG41 -> 0.219353 | CB7: ='SAME1 Flight Tests 8-27-09'!BF41 -> 0.28 | CD7: ='SAME1 Flight Tests 8-27-09'!BE41 -> 1 | CE7: ='SAME1 Flight Tests 8-27-09'!BH41 -> 258.45198
A8: 2 | B8: ='SAME R Results'!A118 -> 11(4) | C8: ='SAME R Results'!B118 -> Lampwick | D8: ='SAME R Results'!C118 -> L06 | E8: ='SAME R Results'!D118 -> 63 L | F8: ='SAME R Results'!E118 -> 0 | G8: ='SAME R Results'!F118 -> 110 | H8: ='SAME R Results'!G118 -> low flow run w STS | I8: ='SAME R Results'!H118 -> 253 | ... K8: ='SAME R Results'!J118 -> 0 | N8: ='SAME R Results'!K118 -> 2 | O8: ='SAME R Results'!L118 -> 1.28 | P8: ='SAME R Results'!M118 -> 60 | Q8: ='SAME R Results'!N118 -> 11 | R8: ='SAME R Results'!O118 -> 8 | S8: ='SAME R Results'!P118 -> n | T8: ='SAME R Results'!Q118 -> n | U8: ='SAME R Results'!R118 -> 21.428571 | ... AB8: ='SAME R Results'!Y118 -> y | AD8: ='SAME R Results'!Z118 -> y | AE8: ='SAME R Results'!AA118 -> 10 | AF8: ='SAME R Results'!AB118 -> y | AG8: ='SAME R Results'!AC118 -> 0.038527069 | AH8: ='SAME R Results'!AD118 -> 0 | AI8: ='SAME R Results'!AE118 -> 0 | AJ8: ='SAME R Results'!AF118 -> 0 | AK8: ='SAME R Results'!AG118 -> 0 | ... AT8: ='SAME R Results'!AP118 -> 0 | AV8: ='SAME R Results'!AQ118 -> 0 | AW8: ='SAME R Results'!AR118 -> 6.279388 | AX8: ='SAME R Results'!AS118 -> 4.8928252 | AY8: ='SAME R Results'!AT118 -> 5.126312 | BB8: ='SAME R Results'!AU118 -> 0 | BC8: ='SAME R Results'!AV118 -> 0 | BD8: ='SAME R Results'!AW118 -> 5.9777835 | BE8: ='SAME R Results'!AX118 -> 4.6155245 | BF8: ='SAME R Results'!AY118 -> 24645 | BG8: ='SAME R Results'!AZ118 -> 0 | BH8: ='SAME R Results'!BA118 -> 0 | BJ8: ='SAME R Results'!BB118 -> 82.3992 | BK8: ='SAME R Results'!BC118 -> 1.362259 | BL8: ='SAME R Results'!BD118 -> 915311.88 | BM8: ='SAME R Results'!BE118 -> 269.64467 | BN8: ='SAME R Results'!BF118 -> 0 | BO8: ='SAME R Results'!BG118 -> 0 | BQ8: ='SAME R Results'!BH118 -> 52.899787 | BR8: ='SAME R Results'!BI118 -> 0.29459322 | BS8: ='SAME R Results'!BJ118 -> 0.47969155 | BT8: ='SAME R Results'!BL118 -> 0 | BU8: ='SAME R Results'!BM118 -> 2.0102242 | BV8: ='SAME R Results'!BN118 -> 0.23086234 | BW8: ='SAME R Results'!BO118 -> 915311.88 | BX8: ='SAME R Results'!BP118 -> 900599.23 | BY8: ='SAME R Results'!BQ118 -> 846645.41 | BZ8: ='SAME R Results'!BR118 -> 269.64467 | CA8: ='SAME R Results'!BS118 -> 0.30237481 | CB8: ='SAME R Results'!BT118 -> 0.28 | CC8: ='SAME R Results'!BV118 -> 2.2928355 | CD8: ='SAME R Results'!BW118 -> 1 | CE8: ='SAME R Results'!BZ118 -> 299.07317
A9: 1 | B9: ='SAME1 Flight Tests 8-27-09'!A37 -> 4 | C9: ='SAME1 Flight Tests 8-27-09'!B37 -> Lampwick | E9: ='SAME1 Flight Tests 8-27-09'!C37 -> 31 L | F9: ='SAME1 Flight Tests 8-27-09'!D37 -> 1 | G9: ='SAME1 Flight Tests 8-27-09'!E37 -> 31 | H9: ='SAME1 Flight Tests 8-27-09'!F37 -> Air flow down (4) | I9: ='SAME1 Flight Tests 8-27-09'!G37 -> 272 | J9: ='SAME1 Flight Tests 8-27-09'!H37 -> 39354 | K9: ='SAME1 Flight Tests 8-27-09'!I37 -> 0 | L9: ='SAME1 Flight Tests 8-27-09'!J37 -> n | ... R9: ='SAME1 Flight Tests 8-27-09'!P37 -> 8 | U9: ='SAME1 Flight Tests 8-27-09'!Q37 -> 11 | AA9: ='SAME1 Flight Tests 8-27-09'!R37 -> y | AB9: ='SAME1 Flight Tests 8-27-09'!S37 -> y | AC9: ='SAME1 Flight Tests 8-27-09'!T37 -> 1 | AE9: ='SAME1 Flight Tests 8-27-09'!U37 -> 10 | AG9: ='SAME1 Flight Tests 8-27-09'!V37 -> 0.038527069 | AH9: ='SAME1 Flight Tests 8-27-09'!W37 -> 0 | AU9: ='SAME1 Flight Tests 8-27-09'!X37 -> 0.79 | AV9: ='SAME1 Flight Tests 8-27-09'!Y37 -> 3.3346863 | AW9: ='SAME1 Flight Tests 8-27-09'!Z37 -> 6.231995 | AX9: ='SAME1 Flight Tests 8-27-09'!AA37 -> 4.5496627 | BA9: ='SAME1 Flight Tests 8-27-09'!AC37 -> 4.8548895 | BD9: ='SAME1 Flight Tests 8-27-09'!AB37 -> 5.909592 | BE9: ='SAME1 Flight Tests 8-27-09'!AD37 -> 4.6461335 | BF9: ='SAME1 Flight Tests 8-27-09'!AE37 -> 43170 | BI9: ='SAME1 Flight Tests 8-27-09'!AF37 -> 19.1495 | BJ9: ='SAME1 Flight Tests 8-27-09'!AG37 -> 32.94645 | BK9: ='SAME1 Flight Tests 8-27-09'!AH37 -> 1.2634585 | BL9: ='SAME1 Flight Tests 8-27-09'!AK37 -> 1644842.7 | BM9: ='SAME1 Flight Tests 8-27-09'!AL37 -> 244.38266 | BQ9: ='SAME1 Flight Tests 8-27-09'!AM37 -> #DIV/0! | BR9: ='SAME1 Flight Tests 8-27-09'!AP37 -> 0.14857509 | BS9: ='SAME1 Flight Tests 8-27-09'!AQ37 -> #DIV/0! | BU9: ='SAME1 Flight Tests 8-27-09'!AS37 -> #DIV/0! | BV9: ='SAME1 Flight Tests 8-27-09'!AT37 -> #DIV/0! | BW9: ='SAME1 Flight Tests 8-27-09'!BB37 -> 1644842.7 | BX9: ='SAME1 Flight Tests 8-27-09'!BC37 -> 1619071 | BY9: ='SAME1 Flight Tests 8-27-09'!BD37 -> 1503804 | CA9: ='SAME1 Flight Tests 8-27-09'!BG37 -> 0.27112843 | CB9: ='SAME1 Flight Tests 8-27-09'!BF37 -> 0.28 | CD9: ='SAME1 Flight Tests 8-27-09'!BE37 -> 1
A10: 1 | B10: ='SAME1 Flight Tests 8-27-09'!A38 -> 4 | C10: ='SAME1 Flight Tests 8-27-09'!B38 -> Lampwick | E10: ='SAME1 Flight Tests 8-27-09'!C38 -> 32 L | F10: ='SAME1 Flight Tests 8-27-09'!D38 -> 2 | G10: ='SAME1 Flight Tests 8-27-09'!E38 -> 32 | H10: ='SAME1 Flight Tests 8-27-09'!F38 -> Baseline | I10: ='SAME1 Flight Tests 8-27-09'!G38 -> 272 | J10: ='SAME1 Flight Tests 8-27-09'!H38 -> 39354 | K10: ='SAME1 Flight Tests 8-27-09'!I38 -> 0 | L10: ='SAME1 Flight Tests 8-27-09'!J38 -> n | ... R10: ='SAME1 Flight Tests 8-27-09'!P38 -> 8 | U10: ='SAME1 Flight Tests 8-27-09'!Q38 -> 62.666667 | AA10: ='SAME1 Flight Tests 8-27-09'!R38 -> y | AB10: ='SAME1 Flight Tests 8-27-09'!S38 -> y | AC10: ='SAME1 Flight Tests 8-27-09'!T38 -> 1 | AE10: ='SAME1 Flight Tests 8-27-09'!U38 -> 10 | AG10: ='SAME1 Flight Tests 8-27-09'!V38 -> 0.038527069 | AH10: ='SAME1 Flight Tests 8-27-09'!W38 -> 0.37564558 | AU10: ='SAME1 Flight Tests 8-27-09'!X38 -> 0.86 | AV10: ='SAME1 Flight Tests 8-27-09'!Y38 -> 3.3386225 | AW10: ='SAME1 Flight Tests 8-27-09'!Z38 -> 6.241927 | AX10: ='SAME1 Flight Tests 8-27-09'!AA38 -> -0.0007019042 | BA10: ='SAME1 Flight Tests 8-27-09'!AC38 -> 4.78624 | BD10: ='SAME1 Flight Tests 8-27-09'!AB38 -> 6.4223475 | BE10: ='SAME1 Flight Tests 8-27-09'!AD38 -> 4.635574 | BF10: ='SAME1 Flight Tests 8-27-09'!AE38 -> 48865 | BI10: ='SAME1 Flight Tests 8-27-09'!AF38 -> 22.6308 | BJ10: ='SAME1 Flight Tests 8-27-09'!AG38 -> 39.2432 | BK10: ='SAME1 Flight Tests 8-27-09'!AH38 -> 1.7867735 | BL10: ='SAME1 Flight Tests 8-27-09'!AK38 -> 1876277.2 | BM10: ='SAME1 Flight Tests 8-27-09'!AL38 -> 382.01318 | BQ10: ='SAME1 Flight Tests 8-27-09'!AM38 -> 29.251232 | BR10: ='SAME1 Flight Tests 8-27-09'!AP38 -> 0.20360168 | BS10: ='SAME1 Flight Tests 8-27-09'!AQ38 -> 0.31102233 | BU10: ='SAME1 Flight Tests 8-27-09'!AS38 -> 1.9173074 | BV10: ='SAME1 Flight Tests 8-27-09'!AT38 -> 0.16473134 | BW10: ='SAME1 Flight Tests 8-27-09'!BB38 -> 1876277.2 | BX10: ='SAME1 Flight Tests 8-27-09'!BC38 -> 1847105.6 | BY10: ='SAME1 Flight Tests 8-27-09'!BD38 -> 1709409.5 | CA10: ='SAME1 Flight Tests 8-27-09'!BG38 -> 0.38342779 | CB10: ='SAME1 Flight Tests 8-27-09'!BF38 -> 0.28 | CD10: ='SAME1 Flight Tests 8-27-09'!BE38 -> 1 | CE10: ='SAME1 Flight Tests 8-27-09'!BH38 -> 258.64706
A11: 1 | B11: ='SAME1 Flight Tests 8-27-09'!A63 -> 5 | C11: ='SAME1 Flight Tests 8-27-09'!B63 -> Lampwick | E11: ='SAME1 Flight Tests 8-27-09'!C63 -> 46 L | F11: ='SAME1 Flight Tests 8-27-09'!D63 -> 3 | G11: ='SAME1 Flight Tests 8-27-09'!E63 -> 46 | H11: ='SAME1 Flight Tests 8-27-09'!F63 -> high temp aging | I11: ='SAME1 Flight Tests 8-27-09'!G63 -> 278 | J11: ='SAME1 Flight Tests 8-27-09'!H63 -> 39360 | K11: ='SAME1 Flight Tests 8-27-09'!I63 -> 0 | L11: ='SAME1 Flight Tests 8-27-09'!J63 -> n | ... R11: ='SAME1 Flight Tests 8-27-09'!P63 -> 8 | U11: ='SAME1 Flight Tests 8-27-09'!Q63 -> 82 | AA11: ='SAME1 Flight Tests 8-27-09'!R63 -> y | AB11: ='SAME1 Flight Tests 8-27-09'!S63 -> y | AC11: ='SAME1 Flight Tests 8-27-09'!T63 -> 1 | AE11: ='SAME1 Flight Tests 8-27-09'!U63 -> 10 | AG11: ='SAME1 Flight Tests 8-27-09'!V63 -> 0.038527069 | AH11: ='SAME1 Flight Tests 8-27-09'!W63 -> 0.37362618 | AU11: ='SAME1 Flight Tests 8-27-09'!X63 -> 1.42 | AV11: ='SAME1 Flight Tests 8-27-09'!Y63 -> 3.327666 | AW11: ='SAME1 Flight Tests 8-27-09'!Z63 -> 6.2510685 | AX11: ='SAME1 Flight Tests 8-27-09'!AA63 -> -0.00076293925 | BA11: ='SAME1 Flight Tests 8-27-09'!AC63 -> 4.871109 | BD11: ='SAME1 Flight Tests 8-27-09'!AB63 -> 6.5386665 | BE11: ='SAME1 Flight Tests 8-27-09'!AD63 -> 4.678879 | BF11: ='SAME1 Flight Tests 8-27-09'!AE63 -> 39755 | BI11: ='SAME1 Flight Tests 8-27-09'!AF63 -> 27.5121 | BJ11: ='SAME1 Flight Tests 8-27-09'!AG63 -> 46.16245 | BK11: ='SAME1 Flight Tests 8-27-09'!AH63 -> 1.8597875 | BL11: ='SAME1 Flight Tests 8-27-09'!AK63 -> 1507678.3 | BM11: ='SAME1 Flight Tests 8-27-09'!AL63 -> 404.03707 | BQ11: ='SAME1 Flight Tests 8-27-09'!AM63 -> 34.594701 | BR11: ='SAME1 Flight Tests 8-27-09'!AP63 -> 0.26798625 | BS11: ='SAME1 Flight Tests 8-27-09'!AQ63 -> 0.35374218 | BU11: ='SAME1 Flight Tests 8-27-09'!AS63 -> 1.6936883 | BV11: ='SAME1 Flight Tests 8-27-09'!AT63 -> 0.23325198 | BW11: ='SAME1 Flight Tests 8-27-09'!BB63 -> 1507678.3 | BX11: ='SAME1 Flight Tests 8-27-09'!BC63 -> 1483945.3 | BY11: ='SAME1 Flight Tests 8-27-09'!BD63 -> 1381320.5 | CA11: ='SAME1 Flight Tests 8-27-09'!BG63 -> 0.39909603 | CB11: ='SAME1 Flight Tests 8-27-09'!BF63 -> 0.28 | CD11: ='SAME1 Flight Tests 8-27-09'!BE63 -> 1 | CE11: ='SAME1 Flight Tests 8-27-09'!BH63 -> 343.55958
A12: 2 | B12: ='SAME R Results'!A4 -> 1 | C12: ='SAME R Results'!B4 -> Lampwick | D12: ='SAME R Results'!C4 -> L13 | E12: ='SAME R Results'!D4 -> 2L | F12: ='SAME R Results'!E4 -> 2 | G12: ='SAME R Results'!F4 -> 49 | H12: ='SAME R Results'!G4 -> Baseline High RT/R0 | I12: ='SAME R Results'!H4 -> 200 11:00 | ... K12: ='SAME R Results'!J4 -> 0 | N12: ='SAME R Results'!K4 -> 8 | O12: ='SAME R Results'!L4 -> 1.251443 | P12: ='SAME R Results'!M4 -> 60 | Q12: ='SAME R Results'!N4 -> 11 | R12: ='SAME R Results'!O4 -> 8 | S12: ='SAME R Results'!P4 -> n | T12: ='SAME R Results'!Q4 -> 0 | U12: ='SAME R Results'!R4 -> 51.4 | ... AB12: ='SAME R Results'!Y4 -> y | AD12: ='SAME R Results'!Z4 -> y | AE12: ='SAME R Results'!AA4 -> 10 | AF12: ='SAME R Results'!AB4 -> y | AG12: ='SAME R Results'!AC4 -> 0.038527069 | AH12: ='SAME R Results'!AD4 -> 0 | AI12: ='SAME R Results'!AE4 -> 0 | AJ12: ='SAME R Results'!AF4 -> 0 | AK12: ='SAME R Results'!AG4 -> 0 | ... AT12: ='SAME R Results'!AP4 -> 0 | AV12: ='SAME R Results'!AQ4 -> 0 | AW12: ='SAME R Results'!AR4 -> 6.256 | AX12: ='SAME R Results'!AS4 -> 0 | AY12: ='SAME R Results'!AT4 -> 0 | BB12: ='SAME R Results'!AU4 -> 0.7695617 | BC12: ='SAME R Results'!AV4 -> 0.0268 | BD12: ='SAME R Results'!AW4 -> 6.537796 | BE12: ='SAME R Results'!AX4 -> 4.639694 | BF12: ='SAME R Results'!AY4 -> 71280 | BG12: ='SAME R Results'!AZ4 -> 0.92272895 | BH12: ='SAME R Results'!BA4 -> 0.082 | BJ12: ='SAME R Results'!BB4 -> 47.2966 | BK12: ='SAME R Results'!BC4 -> 1.898102 | BL12: ='SAME R Results'!BD4 -> 2819890.7 | BM12: ='SAME R Results'!BE4 -> 421.19639 | BN12: ='SAME R Results'!BF4 -> 1.9476178 | BO12: ='SAME R Results'!BG4 -> 0.55112516 | BQ12: ='SAME R Results'!BH4 -> 34.559212 | BR12: ='SAME R Results'!BI4 -> 0.14936621 | BS12: ='SAME R Results'!BJ4 -> 0.28605155 | BT12: ='SAME R Results'!BL4 -> 3.5338938 | BU12: ='SAME R Results'!BM4 -> 2.2391218 | BV12: ='SAME R Results'!BN4 -> 0.10793353 | BW12: ='SAME R Results'!BO4 -> 2819890.7 | BX12: ='SAME R Results'!BP4 -> 2777337.8 | BY12: ='SAME R Results'!BQ4 -> 2535008 | BZ12: ='SAME R Results'!BR4 -> 421.19639 | CA12: ='SAME R Results'!BS4 -> 0.42131359 | CB12: ='SAME R Results'!BT4 -> 0.28 | CC12: ='SAME R Results'!BV4 -> 2.6096116 | CD12: ='SAME R Results'!BW4 -> 1 | CE12: ='SAME R Results'!BZ4 -> 268.93866
A13: 2 | B13: ='SAME R Results'!A15 -> 2 | C13: ='SAME R Results'!B15 -> Lampwick | D13: ='SAME R Results'!C15 -> L14 | E13: ='SAME R Results'!D15 -> 10 L | F13: ='SAME R Results'!E15 -> 3 | G13: ='SAME R Results'!F15 -> 57 | H13: ='SAME R Results'!G15 -> High RT/R0 reburn sample | I13: ='SAME R Results'!H15 -> 210 | ... K13: ='SAME R Results'!J15 -> 0 | N13: ='SAME R Results'!K15 -> 8.1 | O13: ='SAME R Results'!L15 -> 1.252899 | P13: ='SAME R Results'!M15 -> 60 | Q13: ='SAME R Results'!N15 -> 11 | R13: ='SAME R Results'!O15 -> 8 | S13: ='SAME R Results'!P15 -> n | T13: ='SAME R Results'!Q15 -> n | U13: ='SAME R Results'!R15 -> n/a | ... AB13: ='SAME R Results'!Y15 -> y | AD13: ='SAME R Results'!Z15 -> y | AE13: ='SAME R Results'!AA15 -> 10 | AF13: ='SAME R Results'!AB15 -> y | AG13: ='SAME R Results'!AC15 -> 0.038527069 | AH13: ='SAME R Results'!AD15 -> 0 | AI13: ='SAME R Results'!AE15 -> 0 | AJ13: ='SAME R Results'!AF15 -> 0 | AK13: ='SAME R Results'!AG15 -> 0 | ... AT13: ='SAME R Results'!AP15 -> 0 | AV13: ='SAME R Results'!AQ15 -> 0 | AW13: ='SAME R Results'!AR15 -> 5.6770475 | AX13: ='SAME R Results'!AS15 -> 0 | AY13: ='SAME R Results'!AT15 -> 0 | BB13: ='SAME R Results'!AU15 -> 0 | BC13: ='SAME R Results'!AV15 -> 0 | BD13: ='SAME R Results'!AW15 -> 5.960251 | BE13: ='SAME R Results'!AX15 -> 4.701293 | BF13: ='SAME R Results'!AY15 -> 72415 | BG13: ='SAME R Results'!AZ15 -> 0 | BH13: ='SAME R Results'!BA15 -> 0 | BJ13: ='SAME R Results'!BB15 -> 16.87175 | BK13: ='SAME R Results'!BC15 -> 1.258958 | BL13: ='SAME R Results'!BD15 -> 2869058.8 | BM13: ='SAME R Results'!BE15 -> 244.52617 | BN13: ='SAME R Results'!BF15 -> 0 | BO13: ='SAME R Results'!BG15 -> 0 | BQ13: ='SAME R Results'!BH15 -> 13.244788 | BR13: ='SAME R Results'!BI15 -> 0.085228707 | BS13: ='SAME R Results'!BJ15 -> 0.20658668 | BT13: ='SAME R Results'!BL15 -> 0 | BU13: ='SAME R Results'!BM15 -> 2.5624076 | BV13: ='SAME R Results'!BN15 -> 0.054742886 | BW13: ='SAME R Results'!BO15 -> 2869058.8 | BX13: ='SAME R Results'!BP15 -> 2825828.3 | BY13: ='SAME R Results'!BQ15 -> 2577506.6 | BZ13: ='SAME R Results'!BR15 -> 244.52617 | CA13: ='SAME R Results'!BS15 -> 0.27944553 | CB13: ='SAME R Results'!BT15 -> 0.28 | CC13: ='SAME R Results'!BV15 -> 2.8036697 | CD13: ='SAME R Results'!BW15 -> 1
A14: 2 | B14: ='SAME R Results'!A54 -> 4 | C14: ='SAME R Results'!B54 -> Lampwick | D14: ='SAME R Results'!C54 -> L16 | E14: ='SAME R Results'!D54 -> 31 L | F14: ='SAME R Results'!E54 -> 1 | G14: ='SAME R Results'!F54 -> 78 | H14: ='SAME R Results'!G54 -> Baseline aging | I14: ='SAME R Results'!H54 -> 239 | ... K14: ='SAME R Results'!J54 -> 0 | N14: ='SAME R Results'!K54 -> 8.1 | O14: ='SAME R Results'!L54 -> 1.245 | P14: ='SAME R Results'!M54 -> 60 | Q14: ='SAME R Results'!N54 -> 11 | R14: ='SAME R Results'!O54 -> 8 | S14: ='SAME R Results'!P54 -> n | T14: ='SAME R Results'!Q54 -> n | U14: ='SAME R Results'!R54 -> 37.333333 | ... AB14: ='SAME R Results'!Y54 -> y | AD14: ='SAME R Results'!Z54 -> y | AE14: ='SAME R Results'!AA54 -> 10 | AF14: ='SAME R Results'!AB54 -> y | AG14: ='SAME R Results'!AC54 -> 0.038527069 | AH14: ='SAME R Results'!AD54 -> 0 | AI14: ='SAME R Results'!AE54 -> 58 | AJ14: ='SAME R Results'!AF54 -> 480 | AK14: ='SAME R Results'!AG54 -> 0 | ... AT14: ='SAME R Results'!AP54 -> 0 | AV14: ='SAME R Results'!AQ54 -> 0 | AW14: ='SAME R Results'!AR54 -> 6.2357345 | AX14: ='SAME R Results'!AS54 -> 0 | AY14: ='SAME R Results'!AT54 -> 0 | BB14: ='SAME R Results'!AU54 -> 1.675766 | BC14: ='SAME R Results'!AV54 -> 0.027755745 | BD14: ='SAME R Results'!AW54 -> 6.4490195 | BE14: ='SAME R Results'!AX54 -> 4.6564185 | BF14: ='SAME R Results'!AY54 -> 75130 | BG14: ='SAME R Results'!AZ54 -> 1.5975955 | BH14: ='SAME R Results'!BA54 -> 0.086288455 | BJ14: ='SAME R Results'!BB54 -> 39.574 | BK14: ='SAME R Results'!BC54 -> 1.792601 | BL14: ='SAME R Results'!BD54 -> 2987215.1 | BM14: ='SAME R Results'!BE54 -> 387.98535 | BN14: ='SAME R Results'!BF54 -> 1.6480103 | BO14: ='SAME R Results'!BG54 -> 0.37782676 | BQ14: ='SAME R Results'!BH54 -> 28.96737 | BR14: ='SAME R Results'!BI54 -> 0.12988196 | BS14: ='SAME R Results'!BJ54 -> 0.2645745 | BT14: ='SAME R Results'!BL54 -> 4.3618145 | BU14: ='SAME R Results'!BM54 -> 2.3244948 | BV14: ='SAME R Results'!BN54 -> 0.091001648 | BW14: ='SAME R Results'!BO54 -> 2987215.1 | BX14: ='SAME R Results'!BP54 -> 2942363.7 | BY14: ='SAME R Results'!BQ54 -> 2679437.5 | BZ14: ='SAME R Results'!BR54 -> 387.98535 | CA14: ='SAME R Results'!BS54 -> 0.39789599 | CB14: ='SAME R Results'!BT54 -> 0.28 | CC14: ='SAME R Results'!BV54 -> 2.6142137 | CD14: ='SAME R Results'!BW54 -> 1 | CE14: ='SAME R Results'!BZ54 -> 259.49131
A15: 2 | B15: ='SAME R Results'!A58 -> 4 | C15: ='SAME R Results'!B58 -> Lampwick | D15: ='SAME R Results'!C58 -> L18 | E15: ='SAME R Results'!D58 -> 33 L | F15: ='SAME R Results'!E58 -> 3 | G15: ='SAME R Results'!F58 -> 80 | H15: ='SAME R Results'!G58 -> High temp aging | I15: ='SAME R Results'!H58 -> 239 | ... K15: ='SAME R Results'!J58 -> 0 | N15: ='SAME R Results'!K58 -> 8.1 | O15: ='SAME R Results'!L58 -> 1.28 | P15: ='SAME R Results'!M58 -> 60 | Q15: ='SAME R Results'!N58 -> 11 | R15: ='SAME R Results'!O58 -> 8 | S15: ='SAME R Results'!P58 -> n | T15: ='SAME R Results'!Q58 -> n | U15: ='SAME R Results'!R58 -> 40.166667 | ... AB15: ='SAME R Results'!Y58 -> y | AD15: ='SAME R Results'!Z58 -> y | AE15: ='SAME R Results'!AA58 -> 10 | AF15: ='SAME R Results'!AB58 -> y | AG15: ='SAME R Results'!AC58 -> 0.038527069 | AH15: ='SAME R Results'!AD58 -> 0 | AI15: ='SAME R Results'!AE58 -> 58 | AJ15: ='SAME R Results'!AF58 -> 480 | AK15: ='SAME R Results'!AG58 -> 0 | ... AT15: ='SAME R Results'!AP58 -> 0 | AV15: ='SAME R Results'!AQ58 -> 0 | AW15: ='SAME R Results'!AR58 -> 6.2501535 | AX15: ='SAME R Results'!AS58 -> 0 | AY15: ='SAME R Results'!AT58 -> 0 | BB15: ='SAME R Results'!AU58 -> 3.7334895 | BC15: ='SAME R Results'!AV58 -> 0.02593995 | BD15: ='SAME R Results'!AW58 -> 7.1035615 | BE15: ='SAME R Results'!AX58 -> 4.6862035 | BF15: ='SAME R Results'!AY58 -> 113400 | BG15: ='SAME R Results'!AZ58 -> 3.414597 | BH15: ='SAME R Results'!BA58 -> 0.081069945 | BJ15: ='SAME R Results'!BB58 -> 86.8912 | BK15: ='SAME R Results'!BC58 -> 2.417358 | BL15: ='SAME R Results'!BD58 -> 4995552.6 | BM15: ='SAME R Results'!BE58 -> 620.92863 | BN15: ='SAME R Results'!BF58 -> 3.7075495 | BO15: ='SAME R Results'!BG58 -> 0.83338176 | BQ15: ='SAME R Results'!BH58 -> 63.4313 | BR15: ='SAME R Results'!BI58 -> 0.12429629 | BS15: ='SAME R Results'!BJ58 -> 0.28945018 | BT15: ='SAME R Results'!BL58 -> 4.4488009 | BU15: ='SAME R Results'!BM58 -> 2.5078108 | BV15: ='SAME R Results'!BN58 -> 0.081451731 | BW15: ='SAME R Results'!BO58 -> 4995552.6 | BX15: ='SAME R Results'!BP58 -> 4654737.7 | BY15: ='SAME R Results'!BQ58 -> 4144508.9 | BZ15: ='SAME R Results'!BR58 -> 620.92863 | CA15: ='SAME R Results'!BS58 -> 0.53657063 | CB15: ='SAME R Results'!BT58 -> 0.28 | CC15: ='SAME R Results'!BV58 -> 2.6071726 | CD15: ='SAME R Results'!BW58 -> 1 | CE15: ='SAME R Results'!BZ58 -> 293.02156 | CJ15: 3.2
A16: 2 | B16: ='SAME R Results'!A62 -> 4 | C16: ='SAME R Results'!B62 -> Lampwick | D16: ='SAME R Results'!C62 -> L17 | E16: ='SAME R Results'!D62 -> 35 L | F16: ='SAME R Results'!E62 -> 2 | G16: ='SAME R Results'!F62 -> 82 | H16: ='SAME R Results'!G62 -> Mid temp aging | I16: ='SAME R Results'!H62 -> 239 | ... K16: ='SAME R Results'!J62 -> 0 | N16: ='SAME R Results'!K62 -> 8.1 | O16: ='SAME R Results'!L62 -> 1.265 | P16: ='SAME R Results'!M62 -> 60 | Q16: ='SAME R Results'!N62 -> 11 | R16: ='SAME R Results'!O62 -> 8 | S16: ='SAME R Results'!P62 -> n | T16: ='SAME R Results'!Q62 -> n | U16: ='SAME R Results'!R62 -> 39 | ... AB16: ='SAME R Results'!Y62 -> y | AD16: ='SAME R Results'!Z62 -> y | AE16: ='SAME R Results'!AA62 -> 10 | AF16: ='SAME R Results'!AB62 -> y | AG16: ='SAME R Results'!AC62 -> 0.038527069 | AH16: ='SAME R Results'!AD62 -> 0 | AI16: ='SAME R Results'!AE62 -> 58 | AJ16: ='SAME R Results'!AF62 -> 480 | AK16: ='SAME R Results'!AG62 -> 0 | ... AT16: ='SAME R Results'!AP62 -> 0 | AV16: ='SAME R Results'!AQ62 -> 0 | AW16: ='SAME R Results'!AR62 -> 6.2503665 | AX16: ='SAME R Results'!AS62 -> 0 | AY16: ='SAME R Results'!AT62 -> 0 | BB16: ='SAME R Results'!AU62 -> 2.6140445 | BC16: ='SAME R Results'!AV62 -> 0.026229855 | BD16: ='SAME R Results'!AW62 -> 6.784058 | BE16: ='SAME R Results'!AX62 -> 4.7105095 | BF16: ='SAME R Results'!AY62 -> 85905 | BG16: ='SAME R Results'!AZ62 -> 2.395614 | BH16: ='SAME R Results'!BA62 -> 0.08052064 | BJ16: ='SAME R Results'!BB62 -> 60.406 | BK16: ='SAME R Results'!BC62 -> 2.0735485 | BL16: ='SAME R Results'!BD62 -> 3463686.4 | BM16: ='SAME R Results'!BE62 -> 481.15806 | BN16: ='SAME R Results'!BF62 -> 2.5878146 | BO16: ='SAME R Results'!BG62 -> 0.57877334 | BQ16: ='SAME R Results'!BH62 -> 44.111273 | BR16: ='SAME R Results'!BI62 -> 0.13891502 | BS16: ='SAME R Results'!BJ62 -> 0.28973712 | BT16: ='SAME R Results'!BL62 -> 4.4712057 | BU16: ='SAME R Results'!BM62 -> 2.3569927 | BV16: ='SAME R Results'!BN62 -> 0.096188185 | BW16: ='SAME R Results'!BO62 -> 3463686.4 | BX16: ='SAME R Results'!BP62 -> 3412402.6 | BY16: ='SAME R Results'!BQ62 -> 3087742.6 | BZ16: ='SAME R Results'!BR62 -> 481.15806 | CA16: ='SAME R Results'!BS62 -> 0.4602567 | CB16: ='SAME R Results'!BT62 -> 0.28 | CC16: ='SAME R Results'!BV62 -> 2.6080234 | CD16: ='SAME R Results'!BW62 -> 1 | CE16: ='SAME R Results'!BZ62 -> 282.58368 | CJ16: 3.2
A17: 2 | B17: ='SAME R Results'!A74 -> 7 (4) | C17: ='SAME R Results'!B74 -> Lampwick | D17: ='SAME R Results'!C74 -> L02 | E17: ='SAME R Results'!D74 -> 41 L | F17: ='SAME R Results'!E74 -> 0 | G17: ='SAME R Results'!F74 -> 88 | H17: ='SAME R Results'!G74 -> Baseline STS det | I17: ='SAME R Results'!H74 -> 242 | ... K17: ='SAME R Results'!J74 -> 0 | N17: ='SAME R Results'!K74 -> 8.1 | O17: ='SAME R Results'!L74 -> 1.245 | P17: ='SAME R Results'!M74 -> 60 | Q17: ='SAME R Results'!N74 -> 11 | R17: ='SAME R Results'!O74 -> 8 | S17: ='SAME R Results'!P74 -> n | T17: ='SAME R Results'!Q74 -> n | U17: ='SAME R Results'!R74 -> n/a | ... AB17: ='SAME R Results'!Y74 -> y | AD17: ='SAME R Results'!Z74 -> y | AE17: ='SAME R Results'!AA74 -> 10 | AF17: ='SAME R Results'!AB74 -> y | AG17: ='SAME R Results'!AC74 -> 0.038527069 | AH17: ='SAME R Results'!AD74 -> 0 | AI17: ='SAME R Results'!AE74 -> 0 | AJ17: ='SAME R Results'!AF74 -> 0 | AK17: ='SAME R Results'!AG74 -> 0 | ... AT17: ='SAME R Results'!AP74 -> 0 | AV17: ='SAME R Results'!AQ74 -> 0 | AW17: ='SAME R Results'!AR74 -> 6.2472695 | AX17: ='SAME R Results'!AS74 -> 4.5754395 | AY17: ='SAME R Results'!AT74 -> 5.109921 | BB17: ='SAME R Results'!AU74 -> 0 | BC17: ='SAME R Results'!AV74 -> 0 | BD17: ='SAME R Results'!AW74 -> 6.272231 | BE17: ='SAME R Results'!AX74 -> 4.5754857 | BF17: ='SAME R Results'!AY74 -> 72165 | BG17: ='SAME R Results'!AZ74 -> 0 | BH17: ='SAME R Results'!BA74 -> 0 | BJ17: ='SAME R Results'!BB74 -> 36.4622 | BK17: ='SAME R Results'!BC74 -> 1.6967453 | BL17: ='SAME R Results'!BD74 -> 2858217.4 | BM17: ='SAME R Results'!BE74 -> 359.41499 | BN17: ='SAME R Results'!BF74 -> 0 | BO17: ='SAME R Results'!BG74 -> 0 | BQ17: ='SAME R Results'!BH74 -> 23.805501 | BR17: ='SAME R Results'!BI74 -> 0.12574795 | BS17: ='SAME R Results'!BJ74 -> 0.25149411 | BT17: ='SAME R Results'!BL74 -> 0 | BU17: ='SAME R Results'!BM74 -> 2.2991749 | BV17: ='SAME R Results'!BN74 -> 0.088917549 | BW17: ='SAME R Results'!BO74 -> 2858217.4 | BX17: ='SAME R Results'!BP74 -> 2815136.1 | BY17: ='SAME R Results'!BQ74 -> 2568139.9 | BZ17: ='SAME R Results'!BR74 -> 359.41499 | CA17: ='SAME R Results'!BS74 -> 0.3766193 | CB17: ='SAME R Results'!BT74 -> 0.28 | CC17: ='SAME R Results'!BV74 -> 2.3317201 | CD17: ='SAME R Results'!BW74 -> 1 | CE17: ='SAME R Results'!BZ74 -> 255.11134 | CJ17: 3.2
A18: 2 | B18: ='SAME R Results'!A11 -> 2 | C18: ='SAME R Results'!B11 -> Lampwick | D18: ='SAME R Results'!C11 -> L14 | E18: ='SAME R Results'!D11 -> 7L | F18: ='SAME R Results'!E11 -> 3 | G18: ='SAME R Results'!F11 -> 54 | H18: ='SAME R Results'!G11 -> Baseline | I18: ='SAME R Results'!H11 -> 210 | ... K18: ='SAME R Results'!J11 -> 0 | N18: ='SAME R Results'!K11 -> 8.1 | O18: ='SAME R Results'!L11 -> 1.245 | P18: ='SAME R Results'!M11 -> 60 | Q18: ='SAME R Results'!N11 -> 11 | R18: ='SAME R Results'!O11 -> 8 | S18: ='SAME R Results'!P11 -> n | T18: ='SAME R Results'!Q11 -> n | U18: ='SAME R Results'!R11 -> 56.8 | ... AB18: ='SAME R Results'!Y11 -> y | AD18: ='SAME R Results'!Z11 -> y | AE18: ='SAME R Results'!AA11 -> 10 | AF18: ='SAME R Results'!AB11 -> y | AG18: ='SAME R Results'!AC11 -> 0.038527069 | AH18: ='SAME R Results'!AD11 -> 0 | AI18: ='SAME R Results'!AE11 -> 0 | AJ18: ='SAME R Results'!AF11 -> 0 | AK18: ='SAME R Results'!AG11 -> 0 | ... AT18: ='SAME R Results'!AP11 -> 0 | AV18: ='SAME R Results'!AQ11 -> 0 | AW18: ='SAME R Results'!AR11 -> 6.2525025 | AX18: ='SAME R Results'!AS11 -> 0 | AY18: ='SAME R Results'!AT11 -> 0 | BB18: ='SAME R Results'!AU11 -> 0 | BC18: ='SAME R Results'!AV11 -> 0 | BD18: ='SAME R Results'!AW11 -> 6.369522 | BE18: ='SAME R Results'!AX11 -> 4.703492 | BF18: ='SAME R Results'!AY11 -> 79925 | BG18: ='SAME R Results'!AZ11 -> 0 | BH18: ='SAME R Results'!BA11 -> 0 | BJ18: ='SAME R Results'!BB11 -> 34.2553 | BK18: ='SAME R Results'!BC11 -> 1.66603 | BL18: ='SAME R Results'!BD11 -> 3197761.8 | BM18: ='SAME R Results'!BE11 -> 350.55686 | BN18: ='SAME R Results'!BF11 -> 0 | BO18: ='SAME R Results'!BG11 -> 0 | BQ18: ='SAME R Results'!BH11 -> 26.963747 | BR18: ='SAME R Results'!BI11 -> 0.10962569 | BS18: ='SAME R Results'!BJ11 -> 0.25252934 | BT18: ='SAME R Results'!BL11 -> 0 | BU18: ='SAME R Results'!BM11 -> 2.4929966 | BV18: ='SAME R Results'!BN11 -> 0.072229169 | BW18: ='SAME R Results'!BO11 -> 3197761.8 | BX18: ='SAME R Results'!BP11 -> 3150048 | BY18: ='SAME R Results'!BQ11 -> 2860393.7 | BZ18: ='SAME R Results'!BR11 -> 350.55686 | CA18: ='SAME R Results'!BS11 -> 0.36980156 | CB18: ='SAME R Results'!BT11 -> 0.28 | CC18: ='SAME R Results'!BV11 -> 2.8112174 | CD18: ='SAME R Results'!BW11 -> 1 | CE18: ='SAME R Results'!BZ11 -> 264.66873 | CJ18: 3.2
A19: 2 | B19: ='SAME R Results'!A12 -> 2 | C19: ='SAME R Results'!B12 -> Lampwick | D19: ='SAME R Results'!C12 -> L15 | E19: ='SAME R Results'!D12 -> 8L | F19: ='SAME R Results'!E12 -> 4 | G19: ='SAME R Results'!F12 -> 55 | H19: ='SAME R Results'!G12 -> High RT/R0 test aging | I19: ='SAME R Results'!H12 -> 210 | ... K19: ='SAME R Results'!J12 -> 0 | N19: ='SAME R Results'!K12 -> 8.1 | O19: ='SAME R Results'!L12 -> 1.245 | P19: ='SAME R Results'!M12 -> 60 | Q19: ='SAME R Results'!N12 -> 11 | R19: ='SAME R Results'!O12 -> 8 | S19: ='SAME R Results'!P12 -> n | T19: ='SAME R Results'!Q12 -> n | U19: ='SAME R Results'!R12 -> 47.2 | ... AB19: ='SAME R Results'!Y12 -> y | AD19: ='SAME R Results'!Z12 -> y | AE19: ='SAME R Results'!AA12 -> 10 | AF19: ='SAME R Results'!AB12 -> y | AG19: ='SAME R Results'!AC12 -> 0.038527069 | AH19: ='SAME R Results'!AD12 -> 0 | AI19: ='SAME R Results'!AE12 -> 0 | AJ19: ='SAME R Results'!AF12 -> 0 | AK19: ='SAME R Results'!AG12 -> 0 | ... AT19: ='SAME R Results'!AP12 -> 0 | AV19: ='SAME R Results'!AQ12 -> 0 | AW19: ='SAME R Results'!AR12 -> 6.249 | AX19: ='SAME R Results'!AS12 -> 0 | AY19: ='SAME R Results'!AT12 -> 0 | BB19: ='SAME R Results'!AU12 -> 0 | BC19: ='SAME R Results'!AV12 -> 0 | BD19: ='SAME R Results'!AW12 -> 6.4745475 | BE19: ='SAME R Results'!AX12 -> 4.668045 | BF19: ='SAME R Results'!AY12 -> 83895 | BG19: ='SAME R Results'!AZ12 -> 0 | BH19: ='SAME R Results'!BA12 -> 0 | BJ19: ='SAME R Results'!BB12 -> 46.38855 | BK19: ='SAME R Results'!BC12 -> 1.8065025 | BL19: ='SAME R Results'!BD12 -> 3373889.5 | BM19: ='SAME R Results'!BE12 -> 392.2513 | BN19: ='SAME R Results'!BF12 -> 0 | BO19: ='SAME R Results'!BG12 -> 0 | BQ19: ='SAME R Results'!BH12 -> 36.637405 | BR19: ='SAME R Results'!BI12 -> 0.11626086 | BS19: ='SAME R Results'!BJ12 -> 0.27474623 | BT19: ='SAME R Results'!BL12 -> 0 | BU19: ='SAME R Results'!BM12 -> 2.5278471 | BV19: ='SAME R Results'!BN12 -> 0.075628316 | BW19: ='SAME R Results'!BO12 -> 3373889.5 | BX19: ='SAME R Results'!BP12 -> 3323805.6 | BY19: ='SAME R Results'!BQ12 -> 3011118.9 | BZ19: ='SAME R Results'!BR12 -> 392.2513 | CA19: ='SAME R Results'!BS12 -> 0.40098164 | CB19: ='SAME R Results'!BT12 -> 0.28 | CC19: ='SAME R Results'!BV12 -> 2.8206934 | CD19: ='SAME R Results'!BW12 -> 1 | CE19: ='SAME R Results'!BZ12 -> 262.89927 | CJ19: 3.2
A20: 2 | B20: ='SAME R Results'!A88 -> 8(4) | C20: ='SAME R Results'!B88 -> Lampwick | D20: ='SAME R Results'!C88 -> L03 | E20: ='SAME R Results'!D88 -> 49LA | F20: ='SAME R Results'!E88 -> 0 | G20: ='SAME R Results'!F88 -> 96a | H20: ='SAME R Results'!G88 -> aged | I20: ='SAME R Results'!H88 -> 250 | ... K20: ='SAME R Results'!J88 -> 0 | N20: ='SAME R Results'!K88 -> 0 | O20: ='SAME R Results'!L88 -> 1.245 | P20: ='SAME R Results'!M88 -> 0 | Q20: ='SAME R Results'!N88 -> 0 | R20: ='SAME R Results'!O88 -> 0 | S20: ='SAME R Results'!P88 -> 0 | T20: ='SAME R Results'!Q88 -> 0 | U20: ='SAME R Results'!R88 -> 581.71429 | ... AB20: ='SAME R Results'!Y88 -> y | AD20: ='SAME R Results'!Z88 -> y | AE20: ='SAME R Results'!AA88 -> 10 | AF20: ='SAME R Results'!AB88 -> y | AG20: ='SAME R Results'!AC88 -> 0.038527069 | AH20: ='SAME R Results'!AD88 -> 0 | AI20: ='SAME R Results'!AE88 -> 0 | AJ20: ='SAME R Results'!AF88 -> 0 | AK20: ='SAME R Results'!AG88 -> 0 | ... AT20: ='SAME R Results'!AP88 -> 0 | AV20: ='SAME R Results'!AQ88 -> 0 | AW20: ='SAME R Results'!AR88 -> 5.7411045 | AX20: ='SAME R Results'!AS88 -> 0 | AY20: ='SAME R Results'!AT88 -> 0 | BB20: ='SAME R Results'!AU88 -> 0.4140167 | BC20: ='SAME R Results'!AV88 -> 0.03381347 | BD20: ='SAME R Results'!AW88 -> 4.9102175 | BE20: ='SAME R Results'!AX88 -> 4.6621555 | BF20: ='SAME R Results'!AY88 -> 4853.5 | BG20: ='SAME R Results'!AZ88 -> 0.4752197 | BH20: ='SAME R Results'!BA88 -> 0.0845642 | BJ20: ='SAME R Results'!BB88 -> 11.335 | BK20: ='SAME R Results'!BC88 -> 0.248062 | BL20: ='SAME R Results'!BD88 -> 175271.79 | BM20: ='SAME R Results'!BE88 -> 41.531251 | BN20: ='SAME R Results'!BF88 -> 0.38020323 | BO20: ='SAME R Results'!BG88 -> 0.097663875 | BQ20: ='SAME R Results'!BH88 -> 8.4419365 | BR20: ='SAME R Results'!BI88 -> 0.23695342 | BS20: ='SAME R Results'!BJ88 -> 0.4514162 | BT20: ='SAME R Results'!BL88 -> 3.8929771 | BU20: ='SAME R Results'!BM88 -> 2.2318344 | BV20: ='SAME R Results'!BN88 -> 0.17167455 | BW20: ='SAME R Results'!BO88 -> 175271.79 | BX20: ='SAME R Results'!BP88 -> 172374.34 | BY20: ='SAME R Results'!BQ88 -> 164242.12 | BZ20: ='SAME R Results'!BR88 -> 41.531251 | CA20: ='SAME R Results'!BS88 -> 0.055061263 | CB20: ='SAME R Results'!BT88 -> 0.28 | CC20: ='SAME R Results'!BV88 -> 2.6598829 | CD20: ='SAME R Results'!BW88 -> 1 | CE20: ='SAME R Results'!BZ88 -> 260.32494 | CJ20: 3.2
A21: 2 | B21: ='SAME R Results'!A94 -> 9(4) | C21: ='SAME R Results'!B94 -> Lampwick | D21: ='SAME R Results'!C94 -> L04 | E21: ='SAME R Results'!D94 -> 51LA | F21: ='SAME R Results'!E94 -> 0 | G21: ='SAME R Results'!F94 -> 98a | H21: ='SAME R Results'!G94 -> aged | I21: ='SAME R Results'!H94 -> 251 | ... K21: ='SAME R Results'!J94 -> 0 | N21: ='SAME R Results'!K94 -> 0 | O21: ='SAME R Results'!L94 -> 1.28 | P21: ='SAME R Results'!M94 -> 0 | Q21: ='SAME R Results'!N94 -> 0 | R21: ='SAME R Results'!O94 -> 0 | S21: ='SAME R Results'!P94 -> 0 | T21: ='SAME R Results'!Q94 -> 0 | U21: ='SAME R Results'!R94 -> 585.28571 | ... AB21: ='SAME R Results'!Y94 -> y | AD21: ='SAME R Results'!Z94 -> y | AE21: ='SAME R Results'!AA94 -> 10 | AF21: ='SAME R Results'!AB94 -> y | AG21: ='SAME R Results'!AC94 -> 0.038527069 | AH21: ='SAME R Results'!AD94 -> 0 | AI21: ='SAME R Results'!AE94 -> 0 | AJ21: ='SAME R Results'!AF94 -> 0 | AK21: ='SAME R Results'!AG94 -> 0 | ... AT21: ='SAME R Results'!AP94 -> 90 | AV21: ='SAME R Results'!AQ94 -> 0 | AW21: ='SAME R Results'!AR94 -> 6.1840815 | AX21: ='SAME R Results'!AS94 -> 0 | AY21: ='SAME R Results'!AT94 -> 0 | BB21: ='SAME R Results'!AU94 -> 0.6730194 | BC21: ='SAME R Results'!AV94 -> 0.04135133 | BD21: ='SAME R Results'!AW94 -> 5.056307 | BE21: ='SAME R Results'!AX94 -> 4.696197 | BF21: ='SAME R Results'!AY94 -> 9058 | BG21: ='SAME R Results'!AZ94 -> 0.7846068 | BH21: ='SAME R Results'!BA94 -> 0.096283005 | BJ21: ='SAME R Results'!BB94 -> 18.9034 | BK21: ='SAME R Results'!BC94 -> 0.36011 | BL21: ='SAME R Results'!BD94 -> 329083.62 | BM21: ='SAME R Results'!BE94 -> 61.128591 | BN21: ='SAME R Results'!BF94 -> 0.63166807 | BO21: ='SAME R Results'!BG94 -> 0.17208095 | BQ21: ='SAME R Results'!BH94 -> 13.793562 | BR21: ='SAME R Results'!BI94 -> 0.18575398 | BS21: ='SAME R Results'!BJ94 -> 0.43098007 | BT21: ='SAME R Results'!BL94 -> 3.6707612 | BU21: ='SAME R Results'!BM94 -> 2.5027965 | BV21: ='SAME R Results'!BN94 -> 0.1219491 | BW21: ='SAME R Results'!BO94 -> 329083.62 | BX21: ='SAME R Results'!BP94 -> 323676.15 | BY21: ='SAME R Results'!BQ94 -> 307510.64 | BZ21: ='SAME R Results'!BR94 -> 61.128591 | CA21: ='SAME R Results'!BS94 -> 0.079932078 | CB21: ='SAME R Results'!BT94 -> 0.28 | CC21: ='SAME R Results'!BV94 -> 2.6060245 | CD21: ='SAME R Results'!BW94 -> 1 | CE21: ='SAME R Results'!BZ94 -> 295.67866
A22: 2 | B22: ='SAME R Results'!A111 -> 10 (4) | C22: ='SAME R Results'!B111 -> Lampwick | D22: ='SAME R Results'!C111 -> L05 | E22: ='SAME R Results'!D111 -> 59LA | F22: ='SAME R Results'!E111 -> 0 | G22: ='SAME R Results'!F111 -> 106a | H22: ='SAME R Results'!G111 -> aged | I22: ='SAME R Results'!H111 -> 252 | ... K22: ='SAME R Results'!J111 -> 0 | N22: ='SAME R Results'!K111 -> 0 | O22: ='SAME R Results'!L111 -> 1.28 | P22: ='SAME R Results'!M111 -> 0 | Q22: ='SAME R Results'!N111 -> 0 | R22: ='SAME R Results'!O111 -> 0 | S22: ='SAME R Results'!P111 -> 0 | T22: ='SAME R Results'!Q111 -> 0 | U22: ='SAME R Results'!R111 -> 558.28571 | ... AB22: ='SAME R Results'!Y111 -> n | AD22: ='SAME R Results'!Z111 -> y | AE22: ='SAME R Results'!AA111 -> 10 | AF22: ='SAME R Results'!AB111 -> y | AG22: ='SAME R Results'!AC111 -> 0.078816037 | AH22: ='SAME R Results'!AD111 -> 0 | AI22: ='SAME R Results'!AE111 -> 0 | AJ22: ='SAME R Results'!AF111 -> 0 | AK22: ='SAME R Results'!AG111 -> 0 | ... AT22: ='SAME R Results'!AP111 -> 0 | AV22: ='SAME R Results'!AQ111 -> 0 | AW22: ='SAME R Results'!AR111 -> 6.246781 | AX22: ='SAME R Results'!AS111 -> 0 | AY22: ='SAME R Results'!AT111 -> 0 | BB22: ='SAME R Results'!AU111 -> 0.74006645 | BC22: ='SAME R Results'!AV111 -> 0.032775885 | BD22: ='SAME R Results'!AW111 -> 4.93399 | BE22: ='SAME R Results'!AX111 -> 4.700211 | BF22: ='SAME R Results'!AY111 -> 5490 | BG22: ='SAME R Results'!AZ111 -> 0.797348 | BH22: ='SAME R Results'!BA111 -> 0.08181762 | BJ22: ='SAME R Results'!BB111 -> 38.5418 | BK22: ='SAME R Results'!BC111 -> 0.233779 | BL22: ='SAME R Results'!BD111 -> 97001.378 | BM22: ='SAME R Results'!BE111 -> 39.072659 | BN22: ='SAME R Results'!BF111 -> 0.70729057 | BO22: ='SAME R Results'!BG111 -> 0.1788826 | BQ22: ='SAME R Results'!BH111 -> 10.791704 | BR22: ='SAME R Results'!BI111 -> 0.40280519 | BS22: ='SAME R Results'!BJ111 -> 0.59672079 | BT22: ='SAME R Results'!BL111 -> 3.9539373 | BU22: ='SAME R Results'!BM111 -> 1.871788 | BV22: ='SAME R Results'!BN111 -> 0.3309459 | BW22: ='SAME R Results'!BO111 -> 97001.378 | BX22: ='SAME R Results'!BP111 -> 95399.293 | BY22: ='SAME R Results'!BQ111 -> 90858.427 | BZ22: ='SAME R Results'!BR111 -> 39.072659 | CA22: ='SAME R Results'!BS111 -> 0.051890926 | CB22: ='SAME R Results'!BT111 -> 0.28 | CC22: ='SAME R Results'!BV111 -> 1 | CD22: ='SAME R Results'!BW111 -> 1 | CE22: ='SAME R Results'!BZ111 -> 296.85202
A23: 2 | B23: ='SAME R Results'!A55 -> 4 | C23: ='SAME R Results'!B55 -> Lampwick | D23: ='SAME R Results'!C55 -> L16 | E23: ='SAME R Results'!D55 -> 31 La | F23: ='SAME R Results'!E55 -> 1 | G23: ='SAME R Results'!F55 -> 78a | H23: ='SAME R Results'!G55 -> aged | I23: ='SAME R Results'!H55 -> 239 | ... K23: ='SAME R Results'!J55 -> 0 | N23: ='SAME R Results'!K55 -> 8.1 | O23: ='SAME R Results'!L55 -> 1.245 | P23: ='SAME R Results'!M55 -> 0 | Q23: ='SAME R Results'!N55 -> 0 | R23: ='SAME R Results'!O55 -> 0 | S23: ='SAME R Results'!P55 -> 0 | T23: ='SAME R Results'!Q55 -> 0 | U23: ='SAME R Results'!R55 -> 581.16667 | ... AB23: ='SAME R Results'!Y55 -> y | AD23: ='SAME R Results'!Z55 -> y | AE23: ='SAME R Results'!AA55 -> 10 | AF23: ='SAME R Results'!AB55 -> y | AG23: ='SAME R Results'!AC55 -> 0.038527069 | AH23: ='SAME R Results'!AD55 -> 0 | AI23: ='SAME R Results'!AE55 -> 0 | AJ23: ='SAME R Results'!AF55 -> 0 | AK23: ='SAME R Results'!AG55 -> 0 | ... AT23: ='SAME R Results'!AP55 -> 90 | AV23: ='SAME R Results'!AQ55 -> 0 | AW23: ='SAME R Results'!AR55 -> 6.2396855 | AX23: ='SAME R Results'!AS55 -> 0 | AY23: ='SAME R Results'!AT55 -> 0 | BB23: ='SAME R Results'!AU55 -> 1.593871 | BC23: ='SAME R Results'!AV55 -> 0.058166515 | BD23: ='SAME R Results'!AW55 -> 5.9977885 | BE23: ='SAME R Results'!AX55 -> 4.6788795 | BF23: ='SAME R Results'!AY55 -> 30925 | BG23: ='SAME R Results'!AZ55 -> 1.5262455 | BH23: ='SAME R Results'!BA55 -> 0.11311344 | BJ23: ='SAME R Results'!BB55 -> 37.66245 | BK23: ='SAME R Results'!BC55 -> 1.318909 | BL23: ='SAME R Results'!BD55 -> 1158631.9 | BM23: ='SAME R Results'!BE55 -> 258.97177 | BN23: ='SAME R Results'!BF55 -> 1.5357045 | BO23: ='SAME R Results'!BG55 -> 0.35328302 | BQ23: ='SAME R Results'!BH55 -> 27.169016 | BR23: ='SAME R Results'!BI55 -> 0.22351514 | BS23: ='SAME R Results'!BJ55 -> 0.3551212 | BT23: ='SAME R Results'!BL55 -> 4.3469525 | BU23: ='SAME R Results'!BM55 -> 1.9747194 | BV23: ='SAME R Results'!BN55 -> 0.17732588 | BW23: ='SAME R Results'!BO55 -> 1158631.9 | BX23: ='SAME R Results'!BP55 -> 1140170.2 | BY23: ='SAME R Results'!BQ55 -> 1067427.1 | BZ23: ='SAME R Results'!BR55 -> 258.97177 | CA23: ='SAME R Results'!BS55 -> 0.2927526 | CB23: ='SAME R Results'!BT55 -> 0.28 | CC23: ='SAME R Results'!BV55 -> 2.5763645 | CD23: ='SAME R Results'!BW55 -> 1 | CE23: ='SAME R Results'!BZ55 -> 259.49131
A24: 2 | B24: ='SAME R Results'!A59 -> 4 | C24: ='SAME R Results'!B59 -> Lampwick | D24: ='SAME R Results'!C59 -> L18 | E24: ='SAME R Results'!D59 -> 33LA | F24: ='SAME R Results'!E59 -> 3 | G24: ='SAME R Results'!F59 -> 80a | H24: ='SAME R Results'!G59 -> aged | I24: ='SAME R Results'!H59 -> 239 | ... K24: ='SAME R Results'!J59 -> 0 | N24: ='SAME R Results'!K59 -> 8.1 | O24: ='SAME R Results'!L59 -> 1.28 | P24: ='SAME R Results'!M59 -> 0 | Q24: ='SAME R Results'!N59 -> 0 | R24: ='SAME R Results'!O59 -> 0 | S24: ='SAME R Results'!P59 -> 0 | T24: ='SAME R Results'!Q59 -> 0 | U24: ='SAME R Results'!R59 -> 580.33333 | ... AB24: ='SAME R Results'!Y59 -> y | AD24: ='SAME R Results'!Z59 -> y | AE24: ='SAME R Results'!AA59 -> 10 | AF24: ='SAME R Results'!AB59 -> y | AG24: ='SAME R Results'!AC59 -> 0.038527069 | AH24: ='SAME R Results'!AD59 -> 0 | AI24: ='SAME R Results'!AE59 -> 0 | AJ24: ='SAME R Results'!AF59 -> 0 | AK24: ='SAME R Results'!AG59 -> 0 | ... AT24: ='SAME R Results'!AP59 -> 90 | AV24: ='SAME R Results'!AQ59 -> 0 | AW24: ='SAME R Results'!AR59 -> 6.2508695 | AX24: ='SAME R Results'!AS59 -> 0 | AY24: ='SAME R Results'!AT59 -> 0 | BB24: ='SAME R Results'!AU59 -> 3.288771 | BC24: ='SAME R Results'!AV59 -> 0.09861755 | BD24: ='SAME R Results'!AW59 -> 6.5057075 | BE24: ='SAME R Results'!AX59 -> 4.750794 | BF24: ='SAME R Results'!AY59 -> 39135 | BG24: ='SAME R Results'!AZ59 -> 3.008987 | BH24: ='SAME R Results'!BA59 -> 0.14303591 | BJ24: ='SAME R Results'!BB59 -> 76.599 | BK24: ='SAME R Results'!BC59 -> 1.7549135 | BL24: ='SAME R Results'!BD59 -> 1482905.7 | BM24: ='SAME R Results'!BE59 -> 376.57962 | BN24: ='SAME R Results'!BF59 -> 3.1901534 | BO24: ='SAME R Results'!BG59 -> 0.71648777 | BQ24: ='SAME R Results'!BH59 -> 55.126607 | BR24: ='SAME R Results'!BI59 -> 0.25394711 | BS24: ='SAME R Results'!BJ59 -> 0.41407883 | BT24: ='SAME R Results'!BL59 -> 4.4524883 | BU24: ='SAME R Results'!BM59 -> 2.0122139 | BV24: ='SAME R Results'!BN59 -> 0.19887188 | BW24: ='SAME R Results'!BO59 -> 1482905.7 | BX24: ='SAME R Results'!BP59 -> 1459542.8 | BY24: ='SAME R Results'!BQ59 -> 1359148.3 | BZ24: ='SAME R Results'!BR59 -> 376.57962 | CA24: ='SAME R Results'!BS59 -> 0.38953065 | CB24: ='SAME R Results'!BT59 -> 0.28 | CC24: ='SAME R Results'!BV59 -> 2.5702782 | CD24: ='SAME R Results'!BW59 -> 1 | CE24: ='SAME R Results'!BZ59 -> 293.02156
