Workbook

Sheet Smoke Point Datasheet
A1: Master Sheets of ISS Tests for SPICE
AO2: 1500 | AR2: Peter's 2nd Attempt
A3: GMT | B3: GMT | C3: GMT | D3: GMT | E3: No. | F3: TP | G3: Fuel | H3: Nozzle | I3: Pressure | J3: MWmix | K3: MWf | L3: Xf | M3: Fuel | N3: Air | O3: Fan | P3: Rad | Q3: Gain | R3: Pixel | S3: smk pt | T3: Pixel | U3: flame w | V3: HC Density | W3: Tad | X3: Viscosity | Y3: Net K. Viscosity | Z3: Total Fuel Rate | AA3: HC Only Rate | AB3: mdotburner | AC3: mdotHC | AD3: uair | AE3: ufuel | AF3: 2 ufuel | AG3: uair/2ufuel | AH3: Re | AI3: Re | AJ3: Re | AK3: Re/Zst | AL3: Re/Zst | AM3: mf/Zst | AN3: SH/d | AO3: visc-air,Roper | AQ3: uf/air | AR3: Iu | AS3: z0 | AT3: Tres | AU3: Tres(reduced) | AX3: Tform | AY3: Toxid | AZ3: Tform/Toxid
A4: date | B4: ignite | C4: flame off | D4: data | F4: # | H4: (mm) | I4: (Pa) | J4: g/mol | K4: g/mol | M4: Display | N4: Display | R4: length | S4: mm | T4: width | U4: mm | V4: g/m^3 | W4: K | X4: m/g-s | Y4: m^2/s | Z4: sccm | AA4: sccm | AB4: (mg/s) | AC4: (mg/s) | AD4: (cm/s) | AE4: (cm/s) | AF4: (cm/s) | AH4: (Air Viscosity) | AI4: (Amb. Air Visc.) | AJ4: (Fuel Viscosity) | AK4: (Air Viscosity) | AL4: (Amb. Air Visc.) | AO4: m2/s | AR4: m^2/s | AS4: m | AT4: ms | AU4: ms | AX4: ms | AY4: ms | BF4: u_a/2u_f | BG4: u_a/u_f | BH4: SP | BI4: mf/Zst
A5: 45 | B5: 0.6252662 | C5: 0.62822917 | D5: 0.62725694 | E5: 3 | F5: E16-1 | G5: Ethylene | H5: 1.6002 | I5: 101325 | J5: 28.05 | K5: 28.05 | L5: 1 | M5: 285 | N5: 68 | O5: 141 | P5: 4.1 | R5: 193 | S5: =R5*Reference!$B$23+Reference!$B$24 -> 75.354799 | T5: 28 | U5: =T5*-Reference!$B$23 -> 6.4326677 | V5: =Reference!$L$20 -> 1162.2987 | W5: 2367.4 | X5: =Reference!$W$20 -> 0.050086 | Y5: =(20*10^-6)*(600/298)^(1.67) -> 6.4357835e-05 | Z5: =M5*Reference!$L$5 -> 171 | AA5: =Z5 -> 171 | AB5: =Z5*Reference!$L$20/(60*10^3) -> 3.3125514 | AC5: =AB5 -> 3.3125514 | AD5: =N5*Reference!$F$10+Reference!$F$11 -> 58.016277 | AE5: =(Z5/(PI()/4*((H5/10)^2)*60)) -> 141.71194 | AF5: =AE5*2 -> 283.42388 | AG5: =AD5/(2*AE5) -> 0.20469791 | AH5: =(AE5/100)*Reference!$L$20*(H5/1000)/(Reference!$W$20) -> 52.623791 | AI5: =(AE5/100)*Reference!$L$20*(H5/1000)/(Reference!$P$26) -> 140.19762 | AJ5: =(AE5/100)*Reference!$L$20*(H5/1000)/(Reference!$P$20) -> 257.55545 | AK5: =AH5/(Reference!$R$20) -> 825.76916 | AL5: =AI5/(Reference!$R$20) -> 2199.972 | AM5: =AB5/(Reference!$R$20) -> 51.980345 | AN5: =S5/H5 -> 47.090863 | AO5: =0.00002*(AO$2/293)^1.67 -> 0.00030579718 | AQ5: =AE5/AD5 -> 2.4426239 | AR5: =(1/0.0557)*(H5/1000)^2*V5*(AE5/100)/6*((AE5/100)-(AD5/100)*0.75) -> 0.012393005 | AS5: =0.75*AR5/(2*(AE5/100)-(AD5/100)) -> 0.0041235314 | AT5: =1000*(S5/1000)/(AD5/100)-(0.75*AR5/(AD5/100)^2)*LN(ABS(1+((AD5/100)*(S5/1000)/(0.75*AR5))*(1-((AD5/100)/(2*(AE5/100)))))) -> 129.84264 | AU5: =1/(AD5/100)*LN((4*AD5/100*(S5/1000+AS5)+3*AR5)/(4*AD5/100*AS5+3*AR5)) -> 2.6823312 | AV5: =1/(AD5/100)*LN((4*AD5/100*(S5/2000+AS5)+3*AR5)/(4*AD5/100*AS5+3*AR5)) -> 1.8174851 | AW5: =AU5-AV5 -> 0.8648461 | AX5: =1000*(S5/2000)/(AD5/100)-(0.75*AR5/(AD5/100)^2)*LN(ABS(1+((AD5/100)*(S5/2000)/(0.75*AR5))*(1-((AD5/100)/(2*(AE5/100)))))) -> 64.913691 | AY5: =AT5-AX5 -> 64.928953 | AZ5: =AX5/AY5 -> 0.99976494 | BD5: 75.354799 | BE5: 0.20469791 | BF5: 0.20469791 | BG5: =BF5*2 -> 0.40939582 | BH5: 75.354799 | BI5: 51.980345
A6: 45 | B6: 0.60912037 | C6: 0.61670139 | D6: 0.60967593 | E6: 1 | F6: E16-2 | G6: Ethylene | H6: 1.6002 | I6: 101325 | J6: 28.05 | K6: 28.05 | L6: 1 | M6: 207 | N6: 42 | O6: 99 | P6: 0.28 | R6: 286 | S6: =R6*Reference!$B$23+Reference!$B$24 -> 53.989152 | T6: 26 | U6: =T6*-Reference!$B$23 -> 5.9731915 | V6: =Reference!$L$20 -> 1162.2987 | W6: 2367.4 | X6: =Reference!$W$20 -> 0.050086 | Y6: =(20*10^-6)*(600/298)^(1.67) -> 6.4357835e-05 | Z6: =M6*Reference!$L$5 -> 124.2 | AA6: =Z6 -> 124.2 | AB6: =Z6*Reference!$L$20/(60*10^3) -> 2.4059584 | AC6: =AB6 -> 2.4059584 | AD6: =N6*Reference!$F$10+Reference!$F$11 -> 33.570677 | AE6: =(Z6/(PI()/4*((H6/10)^2)*60)) -> 102.92762 | AF6: =AE6*2 -> 205.85524 | AG6: =AD6/(2*AE6) -> 0.16307905 | AH6: =(AE6/100)*Reference!$L$20*(H6/1000)/(Reference!$W$20) -> 38.22149 | AI6: =(AE6/100)*Reference!$L$20*(H6/1000)/(Reference!$P$26) -> 101.82774 | AJ6: =(AE6/100)*Reference!$L$20*(H6/1000)/(Reference!$P$20) -> 187.06659 | AK6: =AH6/(Reference!$R$20) -> 599.76918 | AL6: =AI6/(Reference!$R$20) -> 1597.8744 | AM6: =AB6/(Reference!$R$20) -> 37.754145 | AN6: =S6/H6 -> 33.739003 | AO6: =0.00002*(AO$2/293)^1.67 -> 0.00030579718 | AQ6: =AE6/AD6 -> 3.0659978 | AR6: =(1/0.0557)*(H6/1000)^2*V6*(AE6/100)/6*((AE6/100)-(AD6/100)*0.75) -> 0.0071267253 | AS6: =0.75*AR6/(2*(AE6/100)-(AD6/100)) -> 0.0031024509 | AT6: =1000*(S6/1000)/(AD6/100)-(0.75*AR6/(AD6/100)^2)*LN(ABS(1+((AD6/100)*(S6/1000)/(0.75*AR6))*(1-((AD6/100)/(2*(AE6/100)))))) -> 160.75857 | AU6: =1/(AD6/100)*LN((4*AD6/100*(S6/1000+AS6)+3*AR6)/(4*AD6/100*AS6+3*AR6)) -> 4.0062639 | AV6: =1/(AD6/100)*LN((4*AD6/100*(S6/2000+AS6)+3*AR6)/(4*AD6/100*AS6+3*AR6)) -> 2.631276 | AW6: =AU6-AV6 -> 1.3749878 | AX6: =1000*(S6/2000)/(AD6/100)-(0.75*AR6/(AD6/100)^2)*LN(ABS(1+((AD6/100)*(S6/2000)/(0.75*AR6))*(1-((AD6/100)/(2*(AE6/100)))))) -> 80.369282 | AY6: =AT6-AX6 -> 80.389285 | AZ6: =AX6/AY6 -> 0.99975118 | BD6: 53.989152 | BE6: 0.16307905 | BF6: 0.16307905 | BG6: =BF6*2 -> 0.32615809 | BH6: 53.989152 | BI6: 37.754145
A7: 45 | B7: 0.61813657 | C7: 0.61957176 | D7: 0.61842593 | F7: E16-3 | G7: Ethylene | H7: 1.6002 | I7: 101325 | J7: 28.05 | K7: 28.05 | L7: 1 | M7: 211 | N7: 48 | O7: 48 | P7: 100 | R7: 278 | S7: =R7*Reference!$B$23+Reference!$B$24 -> 55.827057 | T7: 28 | U7: =T7*-Reference!$B$23 -> 6.4326677 | V7: =Reference!$L$20 -> 1162.2987 | W7: 2367.4 | X7: =Reference!$W$20 -> 0.050086 | Y7: =(20*10^-6)*(600/298)^(1.67) -> 6.4357835e-05 | Z7: =M7*Reference!$L$5 -> 126.6 | AA7: =Z7 -> 126.6 | AB7: =Z7*Reference!$L$20/(60*10^3) -> 2.4524503 | AC7: =AB7 -> 2.4524503 | AD7: =N7*Reference!$F$10+Reference!$F$11 -> 39.211969 | AE7: =(Z7/(PI()/4*((H7/10)^2)*60)) -> 104.91656 | AF7: =AE7*2 -> 209.83312 | AG7: =AD7/(2*AE7) -> 0.18687216 | AH7: =(AE7/100)*Reference!$L$20*(H7/1000)/(Reference!$W$20) -> 38.96007 | AI7: =(AE7/100)*Reference!$L$20*(H7/1000)/(Reference!$P$26) -> 103.79543 | AJ7: =(AE7/100)*Reference!$L$20*(H7/1000)/(Reference!$P$20) -> 190.68141 | AK7: =AH7/(Reference!$R$20) -> 611.35892 | AL7: =AI7/(Reference!$R$20) -> 1628.7512 | AM7: =AB7/(Reference!$R$20) -> 38.483694 | AN7: =S7/H7 -> 34.88755 | AO7: =0.00002*(AO$2/293)^1.67 -> 0.00030579718 | AQ7: =AE7/AD7 -> 2.6756259 | AR7: =(1/0.0557)*(H7/1000)^2*V7*(AE7/100)/6*((AE7/100)-(AD7/100)*0.75) -> 0.0070549585 | AS7: =0.75*AR7/(2*(AE7/100)-(AD7/100)) -> 0.0031011506 | AT7: =1000*(S7/1000)/(AD7/100)-(0.75*AR7/(AD7/100)^2)*LN(ABS(1+((AD7/100)*(S7/1000)/(0.75*AR7))*(1-((AD7/100)/(2*(AE7/100)))))) -> 142.32179 | AU7: =1/(AD7/100)*LN((4*AD7/100*(S7/1000+AS7)+3*AR7)/(4*AD7/100*AS7+3*AR7)) -> 3.7575458 | AV7: =1/(AD7/100)*LN((4*AD7/100*(S7/2000+AS7)+3*AR7)/(4*AD7/100*AS7+3*AR7)) -> 2.5160123 | AW7: =AU7-AV7 -> 1.2415336 | AX7: =1000*(S7/2000)/(AD7/100)-(0.75*AR7/(AD7/100)^2)*LN(ABS(1+((AD7/100)*(S7/2000)/(0.75*AR7))*(1-((AD7/100)/(2*(AE7/100)))))) -> 71.152295 | AY7: =AT7-AX7 -> 71.169493 | AZ7: =AX7/AY7 -> 0.99975836 | BD7: 55.827057 | BE7: 0.18687216 | BF7: 0.18687216 | BG7: =BF7*2 -> 0.37374433 | BH7: 55.827057 | BI7: 38.483694
A8: 168 | B8: 0.40917824 | C8: 0.41018519 | D8: 0.4100463 | F8: E16-4 | G8: Ethylene | H8: 1.6002 | I8: 101325 | J8: 28.05 | K8: 28.05 | L8: 1 | M8: 209 | N8: 45 | O8: 96 | P8: 0.17361111 | Q8: 250 | R8: 271 | S8: =R8*Reference!$R$60+Reference!$R$61 -> 57.504494 | T8: 31 | U8: =T8*-Reference!$R$60 -> 7.1228728 | V8: =Reference!$L$20 -> 1162.2987 | W8: 2367.4 | X8: =Reference!$W$20 -> 0.050086 | Y8: =(20*10^-6)*(600/298)^(1.67) -> 6.4357835e-05 | Z8: =M8*Reference!$L$5 -> 125.4 | AA8: =Z8 -> 125.4 | AB8: =Z8*Reference!$L$20/(60*10^3) -> 2.4292044 | AC8: =AB8 -> 2.4292044 | AD8: =N8*Reference!$F$10+Reference!$F$11 -> 36.391323 | AE8: =(Z8/(PI()/4*((H8/10)^2)*60)) -> 103.92209 | AF8: =AE8*2 -> 207.84418 | AG8: =AD8/(2*AE8) -> 0.17508945 | AH8: =(AE8/100)*Reference!$L$20*(H8/1000)/(Reference!$W$20) -> 38.59078 | AI8: =(AE8/100)*Reference!$L$20*(H8/1000)/(Reference!$P$26) -> 102.81159 | AJ8: =(AE8/100)*Reference!$L$20*(H8/1000)/(Reference!$P$20) -> 188.874 | AK8: =AH8/(Reference!$R$20) -> 605.56405 | AL8: =AI8/(Reference!$R$20) -> 1613.3128 | AM8: =AB8/(Reference!$R$20) -> 38.118919 | AN8: =S8/H8 -> 35.935817 | AO8: =0.00002*(AO$2/293)^1.67 -> 0.00030579718 | AQ8: =AE8/AD8 -> 2.8556832 | AR8: =(1/0.0557)*(H8/1000)^2*V8*(AE8/100)/6*((AE8/100)-(AD8/100)*0.75) -> 0.0070918347 | AS8: =0.75*AR8/(2*(AE8/100)-(AD8/100)) -> 0.0031022382 | AT8: =1000*(S8/1000)/(AD8/100)-(0.75*AR8/(AD8/100)^2)*LN(ABS(1+((AD8/100)*(S8/1000)/(0.75*AR8))*(1-((AD8/100)/(2*(AE8/100)))))) -> 157.95898 | AU8: =1/(AD8/100)*LN((4*AD8/100*(S8/1000+AS8)+3*AR8)/(4*AD8/100*AS8+3*AR8)) -> 3.9731131 | AV8: =1/(AD8/100)*LN((4*AD8/100*(S8/2000+AS8)+3*AR8)/(4*AD8/100*AS8+3*AR8)) -> 2.6496166 | AW8: =AU8-AV8 -> 1.3234965 | AX8: =1000*(S8/2000)/(AD8/100)-(0.75*AR8/(AD8/100)^2)*LN(ABS(1+((AD8/100)*(S8/2000)/(0.75*AR8))*(1-((AD8/100)/(2*(AE8/100)))))) -> 78.969798 | AY8: =AT8-AX8 -> 78.98918 | AZ8: =AX8/AY8 -> 0.99975462 | BD8: 57.504494 | BE8: 0.17508945 | BF8: 0.17508945 | BG8: =BF8*2 -> 0.3501789 | BH8: 57.504494 | BI8: 38.118919
A9: 45 | B9: 0.65878472 | C9: 0.65924769 | D9: 0.65887731 | E9: 5 | F9: E16-5 | G9: Ethylene | H9: 1.6002 | I9: 101325 | J9: 28.05 | K9: 28.05 | L9: 1 | M9: 140 | N9: 26 | O9: 65 | P9: 4.1 | R9: 360 | S9: =R9*Reference!$B$23+Reference!$B$24 -> 36.98853 | T9: 25 | U9: =T9*-Reference!$B$23 -> 5.7434533 | V9: =Reference!$L$20 -> 1162.2987 | W9: 2367.4 | X9: =Reference!$W$20 -> 0.050086 | Y9: =(20*10^-6)*(600/298)^(1.67) -> 6.4357835e-05 | Z9: =M9*Reference!$L$5 -> 84 | AA9: =Z9 -> 84 | AB9: =Z9*Reference!$L$20/(60*10^3) -> 1.6272182 | AC9: =AB9 -> 1.6272182 | AD9: =N9*Reference!$F$10+Reference!$F$11 -> 18.52723 | AE9: =(Z9/(PI()/4*((H9/10)^2)*60)) -> 69.612883 | AF9: =AE9*2 -> 139.22577 | AG9: =AD9/(2*AE9) -> 0.13307329 | AH9: =(AE9/100)*Reference!$L$20*(H9/1000)/(Reference!$W$20) -> 25.850283 | AI9: =(AE9/100)*Reference!$L$20*(H9/1000)/(Reference!$P$26) -> 68.869005 | AJ9: =(AE9/100)*Reference!$L$20*(H9/1000)/(Reference!$P$20) -> 126.51847 | AK9: =AH9/(Reference!$R$20) -> 405.64099 | AL9: =AI9/(Reference!$R$20) -> 1080.688 | AM9: =AB9/(Reference!$R$20) -> 25.534204 | AN9: =S9/H9 -> 23.114942 | AO9: =0.00002*(AO$2/293)^1.67 -> 0.00030579718 | AQ9: =AE9/AD9 -> 3.7573281 | AR9: =(1/0.0557)*(H9/1000)^2*V9*(AE9/100)/6*((AE9/100)-(AD9/100)*0.75) -> 0.0034541468 | AS9: =0.75*AR9/(2*(AE9/100)-(AD9/100)) -> 0.0021463476 | AT9: =1000*(S9/1000)/(AD9/100)-(0.75*AR9/(AD9/100)^2)*LN(ABS(1+((AD9/100)*(S9/1000)/(0.75*AR9))*(1-((AD9/100)/(2*(AE9/100)))))) -> 199.55419 | AU9: =1/(AD9/100)*LN((4*AD9/100*(S9/1000+AS9)+3*AR9)/(4*AD9/100*AS9+3*AR9)) -> 6.4331545 | AV9: =1/(AD9/100)*LN((4*AD9/100*(S9/2000+AS9)+3*AR9)/(4*AD9/100*AS9+3*AR9)) -> 4.1231465 | AW9: =AU9-AV9 -> 2.310008 | AX9: =1000*(S9/2000)/(AD9/100)-(0.75*AR9/(AD9/100)^2)*LN(ABS(1+((AD9/100)*(S9/2000)/(0.75*AR9))*(1-((AD9/100)/(2*(AE9/100)))))) -> 99.764419 | AY9: =AT9-AX9 -> 99.789771 | AZ9: =AX9/AY9 -> 0.99974594 | BD9: 36.98853 | BE9: 0.13307329 | BF9: 0.13307329 | BG9: =BF9*2 -> 0.26614657 | BH9: 36.98853 | BI9: 25.534204
A10: 45 | B10: 0.72763889 | C10: 0.72802083 | D10: 0.72811343 | F10: E7-1 | G10: Ethylene | H10: 0.762 | I10: 101325 | J10: 28.05 | K10: 28.05 | L10: 1 | M10: 335 | N10: 25 | O10: 66 | P10: 4.1 | Q10: 250 | R10: 63 | S10: =R10*Reference!$B$23+Reference!$B$24 -> 105.22076 | T10: 27 | U10: =T10*-Reference!$B$23 -> 6.2029296 | V10: =Reference!$L$20 -> 1162.2987 | W10: 2367.4 | X10: =Reference!$W$20 -> 0.050086 | Y10: =(20*10^-6)*(600/298)^(1.67) -> 6.4357835e-05 | Z10: =M10*Reference!$L$5 -> 201 | AA10: =Z10 -> 201 | AB10: =Z10*Reference!$L$20/(60*10^3) -> 3.8937008 | AC10: =AB10 -> 3.8937008 | AD10: =N10*Reference!$F$10+Reference!$F$11 -> 17.587015 | AE10: =(Z10/(PI()/4*((H10/10)^2)*60)) -> 734.58995 | AF10: =AE10*2 -> 1469.1799 | AG10: =AD10/(2*AE10) -> 0.011970634 | AH10: =(AE10/100)*Reference!$L$20*(H10/1000)/(Reference!$W$20) -> 129.89767 | AI10: =(AE10/100)*Reference!$L$20*(H10/1000)/(Reference!$P$26) -> 346.06675 | AJ10: =(AE10/100)*Reference!$L$20*(H10/1000)/(Reference!$P$20) -> 635.7553 | AK10: =AH10/(Reference!$R$20) -> 2038.346 | AL10: =AI10/(Reference!$R$20) -> 5430.4572 | AM10: =AB10/(Reference!$R$20) -> 61.099703 | AN10: =S10/H10 -> 138.08498 | AO10: =0.00002*(AO$2/293)^1.67 -> 0.00030579718 | AQ10: =AE10/AD10 -> 41.768882 | AR10: =(1/0.0557)*(H10/1000)^2*V10*(AE10/100)/6*((AE10/100)-(AD10/100)*0.75) -> 0.10701439 | AS10: =0.75*AR10/(2*(AE10/100)-(AD10/100)) -> 0.0055291533 | AT10: =1000*(S10/1000)/(AD10/100)-(0.75*AR10/(AD10/100)^2)*LN(ABS(1+((AD10/100)*(S10/1000)/(0.75*AR10))*(1-((AD10/100)/(2*(AE10/100)))))) -> 597.75407 | AU10: =1/(AD10/100)*LN((4*AD10/100*(S10/1000+AS10)+3*AR10)/(4*AD10/100*AS10+3*AR10)) -> 1.1669212 | AV10: =1/(AD10/100)*LN((4*AD10/100*(S10/2000+AS10)+3*AR10)/(4*AD10/100*AS10+3*AR10)) -> 0.61334363 | AW10: =AU10-AV10 -> 0.55357758 | AX10: =1000*(S10/2000)/(AD10/100)-(0.75*AR10/(AD10/100)^2)*LN(ABS(1+((AD10/100)*(S10/2000)/(0.75*AR10))*(1-((AD10/100)/(2*(AE10/100)))))) -> 298.8634 | AY10: =AT10-AX10 -> 298.89067 | AZ10: =AX10/AY10 -> 0.99990875 | BD10: 105.22076 | BE10: 0.011970634
A11: 48 | B11: 0.70399306 | C11: 0.70496528 | D11: 0.70447917 | E11: 19 | F11: P16-1 | G11: Propane | H11: 1.6002 | I11: 101325 | J11: 44.1 | K11: 44.1 | L11: 1 | M11: 276 | N11: 54 | O11: 100 | P11: 1.73 | R11: 216 | S11: =R11*Reference!$B$42+Reference!$B$43 -> 71.383568 | T11: 29 | U11: =T11*-Reference!$B$42 -> 6.7649833 | V11: =Reference!$L$21 -> 1826.8482 | W11: 2264.12 | X11: =Reference!$W$21 -> 0.048845 | Y11: =(20*10^-6)*(600/298)^(1.67) -> 6.4357835e-05 | Z11: =M11*Reference!$L$6 -> 99.36 | AA11: =Z11 -> 99.36 | AB11: =Z11*Reference!$L$21/(60*10^3) -> 3.0252607 | AC11: =AB11 -> 3.0252607 | AD11: =N11*Reference!$F$10+Reference!$F$11 -> 44.853261 | AE11: =(Z11/(PI()/4*((H11/10)^2)*60)) -> 82.342096 | AF11: =AE11*2 -> 164.68419 | AG11: =AD11/(2*AE11) -> 0.27235924 | AH11: =(AE11/100)*Reference!$L$21*(H11/1000)/(Reference!$W$21) -> 49.28089 | AI11: =(AE11/100)*Reference!$L$21*(H11/1000)/(Reference!$P$26) -> 128.03857 | AJ11: =(AE11/100)*Reference!$L$21*(H11/1000)/(Reference!$P$21) -> 296.06919 | AK11: =AH11/Reference!$R$21 -> 816.98411 | AL11: =AI11/(Reference!$R$21) -> 2122.6377 | AM11: =AB11/(Reference!$R$21) -> 50.15311 | AN11: =S11/H11 -> 44.609154 | AO11: =0.00002*(AO$2/293)^1.67 -> 0.00030579718 | AQ11: =AE11/AD11 -> 1.8358107 | AR11: =(1/0.0557)*(H11/1000)^2*V11*(AE11/100)/6*((AE11/100)-(AD11/100)*0.75) -> 0.005613253 | AS11: =0.75*AR11/(2*(AE11/100)-(AD11/100)) -> 0.0035132329 | AT11: =1000*(S11/1000)/(AD11/100)-(0.75*AR11/(AD11/100)^2)*LN(ABS(1+((AD11/100)*(S11/1000)/(0.75*AR11))*(1-((AD11/100)/(2*(AE11/100)))))) -> 159.10984 | AU11: =1/(AD11/100)*LN((4*AD11/100*(S11/1000+AS11)+3*AR11)/(4*AD11/100*AS11+3*AR11)) -> 4.1847751 | AV11: =1/(AD11/100)*LN((4*AD11/100*(S11/2000+AS11)+3*AR11)/(4*AD11/100*AS11+3*AR11)) -> 2.956907 | AW11: =AU11-AV11 -> 1.2278681 | AX11: =1000*(S11/2000)/(AD11/100)-(0.75*AR11/(AD11/100)^2)*LN(ABS(1+((AD11/100)*(S11/2000)/(0.75*AR11))*(1-((AD11/100)/(2*(AE11/100)))))) -> 79.546804 | AY11: =AT11-AX11 -> 79.563032 | AZ11: =AX11/AY11 -> 0.99979603 | BD11: 71.383568 | BE11: 0.27235924 | BF11: 0.27235924 | BG11: =BF11*2 -> 0.54471848 | BH11: 71.383568 | BI11: 50.15311
A12: 48 | B12: 0.71621528 | C12: 0.71774306 | D12: 0.71675926 | E12: 21 | F12: P16-2 | G12: Propane | H12: 1.6002 | I12: 101325 | J12: 44.1 | K12: 44.1 | L12: 1 | M12: 230 | N12: 45 | O12: 85 | P12: 1.43 | R12: 260 | S12: =R12*Reference!$B$42+Reference!$B$43 -> 61.119455 | T12: 29 | U12: =T12*-Reference!$B$42 -> 6.7649833 | V12: =Reference!$L$21 -> 1826.8482 | W12: 2264.12 | X12: =Reference!$W$21 -> 0.048845 | Y12: =(20*10^-6)*(600/298)^(1.67) -> 6.4357835e-05 | Z12: =M12*Reference!$L$6 -> 82.8 | AA12: =Z12 -> 82.8 | AB12: =Z12*Reference!$L$21/(60*10^3) -> 2.5210506 | AC12: =AB12 -> 2.5210506 | AD12: =N12*Reference!$F$10+Reference!$F$11 -> 36.391323 | AE12: =(Z12/(PI()/4*((H12/10)^2)*60)) -> 68.618414 | AF12: =AE12*2 -> 137.23683 | AG12: =AD12/(2*AE12) -> 0.2651717 | AH12: =(AE12/100)*Reference!$L$21*(H12/1000)/(Reference!$W$21) -> 41.067408 | AI12: =(AE12/100)*Reference!$L$21*(H12/1000)/(Reference!$P$26) -> 106.69881 | AJ12: =(AE12/100)*Reference!$L$21*(H12/1000)/(Reference!$P$21) -> 246.72433 | AK12: =AH12/Reference!$R$21 -> 680.82009 | AL12: =AI12/(Reference!$R$21) -> 1768.8648 | AM12: =AB12/(Reference!$R$21) -> 41.794259 | AN12: =S12/H12 -> 38.194885 | AO12: =0.00002*(AO$2/293)^1.67 -> 0.00030579718 | AQ12: =AE12/AD12 -> 1.8855707 | AR12: =(1/0.0557)*(H12/1000)^2*V12*(AE12/100)/6*((AE12/100)-(AD12/100)*0.75) -> 0.0039691478 | AS12: =0.75*AR12/(2*(AE12/100)-(AD12/100)) -> 0.0029519024 | AT12: =1000*(S12/1000)/(AD12/100)-(0.75*AR12/(AD12/100)^2)*LN(ABS(1+((AD12/100)*(S12/1000)/(0.75*AR12))*(1-((AD12/100)/(2*(AE12/100)))))) -> 167.90859 | AU12: =1/(AD12/100)*LN((4*AD12/100*(S12/1000+AS12)+3*AR12)/(4*AD12/100*AS12+3*AR12)) -> 5.139482 | AV12: =1/(AD12/100)*LN((4*AD12/100*(S12/2000+AS12)+3*AR12)/(4*AD12/100*AS12+3*AR12)) -> 3.6285467 | AW12: =AU12-AV12 -> 1.5109352 | AX12: =1000*(S12/2000)/(AD12/100)-(0.75*AR12/(AD12/100)^2)*LN(ABS(1+((AD12/100)*(S12/2000)/(0.75*AR12))*(1-((AD12/100)/(2*(AE12/100)))))) -> 83.945632 | AY12: =AT12-AX12 -> 83.962955 | AZ12: =AX12/AY12 -> 0.99979369 | BD12: 61.119455 | BE12: 0.2651717 | BF12: 0.2651717 | BG12: =BF12*2 -> 0.5303434 | BH12: 61.119455 | BI12: 41.794259
A13: 48 | B13: 0.7393287 | C13: 0.74075231 | D13: 0.73978009 | E13: 23 | F13: P16-3 | G13: Propane | H13: 1.6002 | I13: 101325 | J13: 44.1 | K13: 44.1 | L13: 1 | M13: 164 | N13: 30 | O13: 65 | P13: 1 | R13: 325 | S13: =R13*Reference!$N$78+Reference!$N$79 -> 45.522586 | T13: 34 | U13: =T13*-Reference!$N$78 -> 6.8706197 | V13: =Reference!$L$21 -> 1826.8482 | W13: 2264.12 | X13: =Reference!$W$21 -> 0.048845 | Y13: =(20*10^-6)*(600/298)^(1.67) -> 6.4357835e-05 | Z13: =M13*Reference!$L$6 -> 59.04 | AA13: =Z13 -> 59.04 | AB13: =Z13*Reference!$L$21/(60*10^3) -> 1.7976187 | AC13: =AB13 -> 1.7976187 | AD13: =N13*Reference!$F$10+Reference!$F$11 -> 22.288092 | AE13: =(Z13/(PI()/4*((H13/10)^2)*60)) -> 48.927912 | AF13: =AE13*2 -> 97.855825 | AG13: =AD13/(2*AE13) -> 0.22776459 | AH13: =(AE13/100)*Reference!$L$21*(H13/1000)/(Reference!$W$21) -> 29.282848 | AI13: =(AE13/100)*Reference!$L$21*(H13/1000)/(Reference!$P$26) -> 76.080888 | AJ13: =(AE13/100)*Reference!$L$21*(H13/1000)/(Reference!$P$21) -> 175.92517 | AK13: =AH13/Reference!$R$21 -> 485.45433 | AL13: =AI13/(Reference!$R$21) -> 1261.2775 | AM13: =AB13/(Reference!$R$21) -> 29.801124 | AN13: =S13/H13 -> 28.44806 | AO13: =0.00002*(AO$2/293)^1.67 -> 0.00030579718 | AQ13: =AE13/AD13 -> 2.195249 | AR13: =(1/0.0557)*(H13/1000)^2*V13*(AE13/100)/6*((AE13/100)-(AD13/100)*0.75) -> 0.0022060575 | AS13: =0.75*AR13/(2*(AE13/100)-(AD13/100)) -> 0.0021894836 | AT13: =1000*(S13/1000)/(AD13/100)-(0.75*AR13/(AD13/100)^2)*LN(ABS(1+((AD13/100)*(S13/1000)/(0.75*AR13))*(1-((AD13/100)/(2*(AE13/100)))))) -> 204.18805 | AU13: =1/(AD13/100)*LN((4*AD13/100*(S13/1000+AS13)+3*AR13)/(4*AD13/100*AS13+3*AR13)) -> 7.8368556 | AV13: =1/(AD13/100)*LN((4*AD13/100*(S13/2000+AS13)+3*AR13)/(4*AD13/100*AS13+3*AR13)) -> 5.4479941 | AW13: =AU13-AV13 -> 2.3888615 | AX13: =1000*(S13/2000)/(AD13/100)-(0.75*AR13/(AD13/100)^2)*LN(ABS(1+((AD13/100)*(S13/2000)/(0.75*AR13))*(1-((AD13/100)/(2*(AE13/100)))))) -> 102.08267 | AY13: =AT13-AX13 -> 102.10538 | AZ13: =AX13/AY13 -> 0.99977759 | BD13: 45.522586 | BE13: 0.22776459 | BF13: 0.22776459 | BG13: =BF13*2 -> 0.45552918 | BH13: 45.522586 | BI13: 29.801124 | BK13: u_a/2u_f | BL13: u_a/u_f | BM13: SP | BN13: mf/Zst
A14: 52 | B14: 0.4853125 | C14: 0.48664352 | D14: 0.48574074 | E14: 25 | F14: P7-1 | G14: Propane | H14: 0.762 | I14: 101325 | J14: 44.1 | K14: 44.1 | L14: 1 | M14: 350 | N14: 42 | O14: 85 | P14: 4.1 | Q14: 250 | R14: 62 | S14: =R14*Reference!$F$42+Reference!$F$43 -> 105.45049 | T14: 34 | U14: =T14*-Reference!$F$42 -> 7.8110965 | V14: =Reference!$L$21 -> 1826.8482 | W14: 2264.12 | X14: =Reference!$W$21 -> 0.048845 | Y14: =(20*10^-6)*(600/298)^(1.67) -> 6.4357835e-05 | Z14: =M14*Reference!$L$6 -> 126 | AA14: =Z14 -> 126 | AB14: =Z14*Reference!$L$21/(60*10^3) -> 3.8363813 | AC14: =AB14 -> 3.8363813 | AD14: =N14*Reference!$F$10+Reference!$F$11 -> 33.570677 | AE14: =(Z14/(PI()/4*((H14/10)^2)*60)) -> 460.48922 | AF14: =AE14*2 -> 920.97845 | AG14: =AD14/(2*AE14) -> 0.036451099 | AH14: =(AE14/100)*Reference!$L$21*(H14/1000)/(Reference!$W$21) -> 131.23715 | AI14: =(AE14/100)*Reference!$L$21*(H14/1000)/(Reference!$P$26) -> 340.97227 | AJ14: =(AE14/100)*Reference!$L$21*(H14/1000)/(Reference!$P$21) -> 788.44513 | AK14: =AH14/Reference!$R$21 -> 2175.6642 | AL14: =AI14/(Reference!$R$21) -> 5652.6765 | AM14: =AB14/(Reference!$R$21) -> 63.599959 | AN14: =S14/H14 -> 138.38648 | AO14: =0.00002*(AO$2/293)^1.67 -> 0.00030579718 | AQ14: =AE14/AD14 -> 13.717008 | AR14: =(1/0.0557)*(H14/1000)^2*V14*(AE14/100)/6*((AE14/100)-(AD14/100)*0.75) -> 0.063624634 | AS14: =0.75*AR14/(2*(AE14/100)-(AD14/100)) -> 0.0053772885 | AT14: =1000*(S14/1000)/(AD14/100)-(0.75*AR14/(AD14/100)^2)*LN(ABS(1+((AD14/100)*(S14/1000)/(0.75*AR14))*(1-((AD14/100)/(2*(AE14/100)))))) -> 313.88654 | AU14: =1/(AD14/100)*LN((4*AD14/100*(S14/1000+AS14)+3*AR14)/(4*AD14/100*AS14+3*AR14)) -> 1.6064835 | AV14: =1/(AD14/100)*LN((4*AD14/100*(S14/2000+AS14)+3*AR14)/(4*AD14/100*AS14+3*AR14)) -> 0.91025272 | AW14: =AU14-AV14 -> 0.69623074 | AX14: =1000*(S14/2000)/(AD14/100)-(0.75*AR14/(AD14/100)^2)*LN(ABS(1+((AD14/100)*(S14/2000)/(0.75*AR14))*(1-((AD14/100)/(2*(AE14/100)))))) -> 156.92806 | AY14: =AT14-AX14 -> 156.95848 | AZ14: =AX14/AY14 -> 0.99980618 | BD14: 105.45049 | BE14: 0.036451099 | BK14: 0.036451099 | BL14: =BK14*2 -> 0.072902198 | BM14: 105.45049 | BN14: 63.599959
A15: 52 | B15: 0.4880787 | C15: 0.48913194 | D15: 0.48825231 | E15: 27 | F15: P7-2 | G15: Propane | H15: 0.762 | I15: 101325 | J15: 44.1 | K15: 44.1 | L15: 1 | M15: 240 | N15: 29 | O15: 66 | P15: 4.1 | Q15: 250 | R15: 192 | S15: =R15*Reference!$F$42+Reference!$F$43 -> 75.584537 | T15: 30 | U15: =T15*-Reference!$F$42 -> 6.892144 | V15: =Reference!$L$21 -> 1826.8482 | W15: 2264.12 | X15: =Reference!$W$21 -> 0.048845 | Y15: =(20*10^-6)*(600/298)^(1.67) -> 6.4357835e-05 | Z15: =M15*Reference!$L$6 -> 86.4 | AA15: =Z15 -> 86.4 | AB15: =Z15*Reference!$L$21/(60*10^3) -> 2.6306615 | AC15: =AB15 -> 2.6306615 | AD15: =N15*Reference!$F$10+Reference!$F$11 -> 21.347877 | AE15: =(Z15/(PI()/4*((H15/10)^2)*60)) -> 315.76404 | AF15: =AE15*2 -> 631.52808 | AG15: =AD15/(2*AE15) -> 0.033803527 | AH15: =(AE15/100)*Reference!$L$21*(H15/1000)/(Reference!$W$21) -> 89.991191 | AI15: =(AE15/100)*Reference!$L$21*(H15/1000)/(Reference!$P$26) -> 233.80956 | AJ15: =(AE15/100)*Reference!$L$21*(H15/1000)/(Reference!$P$21) -> 540.64809 | AK15: =AH15/Reference!$R$21 -> 1491.884 | AL15: =AI15/(Reference!$R$21) -> 3876.121 | AM15: =AB15/(Reference!$R$21) -> 43.6114 | AN15: =S15/H15 -> 99.192305 | AO15: =0.00002*(AO$2/293)^1.67 -> 0.00030579718 | AQ15: =AE15/AD15 -> 14.791356 | AR15: =(1/0.0557)*(H15/1000)^2*V15*(AE15/100)/6*((AE15/100)-(AD15/100)*0.75) -> 0.030042244 | AS15: =0.75*AR15/(2*(AE15/100)-(AD15/100)) -> 0.0036926277 | AT15: =1000*(S15/1000)/(AD15/100)-(0.75*AR15/(AD15/100)^2)*LN(ABS(1+((AD15/100)*(S15/1000)/(0.75*AR15))*(1-((AD15/100)/(2*(AE15/100)))))) -> 353.80116 | AU15: =1/(AD15/100)*LN((4*AD15/100*(S15/1000+AS15)+3*AR15)/(4*AD15/100*AS15+3*AR15)) -> 2.4633239 | AV15: =1/(AD15/100)*LN((4*AD15/100*(S15/2000+AS15)+3*AR15)/(4*AD15/100*AS15+3*AR15)) -> 1.3917526 | AW15: =AU15-AV15 -> 1.0715713 | AX15: =1000*(S15/2000)/(AD15/100)-(0.75*AR15/(AD15/100)^2)*LN(ABS(1+((AD15/100)*(S15/2000)/(0.75*AR15))*(1-((AD15/100)/(2*(AE15/100)))))) -> 176.88368 | AY15: =AT15-AX15 -> 176.91747 | AZ15: =AX15/AY15 -> 0.99980899 | BD15: 75.584537 | BE15: 0.033803527 | BK15: 0.033803527 | BL15: =BK15*2 -> 0.067607054 | BM15: 75.584537 | BN15: 43.6114
A16: 52 | B16: 0.4927662 | C16: 0.49356481 | D16: 0.4928588 | E16: 29 | F16: P7-3 | G16: Propane | H16: 0.762 | I16: 101325 | J16: 44.1 | K16: 44.1 | L16: 1 | M16: 206 | N16: 24 | O16: 57 | P16: 4.1 | Q16: 50 | R16: 241 | S16: =R16*Reference!$F$42+Reference!$F$43 -> 64.327368 | T16: 29 | U16: =T16*-Reference!$F$42 -> 6.6624059 | V16: =Reference!$L$21 -> 1826.8482 | W16: 2264.12 | X16: =Reference!$W$21 -> 0.048845 | Y16: =(20*10^-6)*(600/298)^(1.67) -> 6.4357835e-05 | Z16: =M16*Reference!$L$6 -> 74.16 | AA16: =Z16 -> 74.16 | AB16: =Z16*Reference!$L$21/(60*10^3) -> 2.2579844 | AC16: =AB16 -> 2.2579844 | AD16: =N16*Reference!$F$10+Reference!$F$11 -> 16.6468 | AE16: =(Z16/(PI()/4*((H16/10)^2)*60)) -> 271.0308 | AF16: =AE16*2 -> 542.0616 | AG16: =AD16/(2*AE16) -> 0.030710162 | AH16: =(AE16/100)*Reference!$L$21*(H16/1000)/(Reference!$W$21) -> 77.242439 | AI16: =(AE16/100)*Reference!$L$21*(H16/1000)/(Reference!$P$26) -> 200.68654 | AJ16: =(AE16/100)*Reference!$L$21*(H16/1000)/(Reference!$P$21) -> 464.05628 | AK16: =AH16/Reference!$R$21 -> 1280.5338 | AL16: =AI16/(Reference!$R$21) -> 3327.0039 | AM16: =AB16/(Reference!$R$21) -> 37.433119 | AN16: =S16/H16 -> 84.419118 | AO16: =0.00002*(AO$2/293)^1.67 -> 0.00030579718 | AQ16: =AE16/AD16 -> 16.281256 | AR16: =(1/0.0557)*(H16/1000)^2*V16*(AE16/100)/6*((AE16/100)-(AD16/100)*0.75) -> 0.022241391 | AS16: =0.75*AR16/(2*(AE16/100)-(AD16/100)) -> 0.0031748331 | AT16: =1000*(S16/1000)/(AD16/100)-(0.75*AR16/(AD16/100)^2)*LN(ABS(1+((AD16/100)*(S16/1000)/(0.75*AR16))*(1-((AD16/100)/(2*(AE16/100)))))) -> 386.13361 | AU16: =1/(AD16/100)*LN((4*AD16/100*(S16/1000+AS16)+3*AR16)/(4*AD16/100*AS16+3*AR16)) -> 2.9063069 | AV16: =1/(AD16/100)*LN((4*AD16/100*(S16/2000+AS16)+3*AR16)/(4*AD16/100*AS16+3*AR16)) -> 1.627227 | AW16: =AU16-AV16 -> 1.2790799 | AX16: =1000*(S16/2000)/(AD16/100)-(0.75*AR16/(AD16/100)^2)*LN(ABS(1+((AD16/100)*(S16/2000)/(0.75*AR16))*(1-((AD16/100)/(2*(AE16/100)))))) -> 193.04936 | AY16: =AT16-AX16 -> 193.08425 | AZ16: =AX16/AY16 -> 0.99981932 | BD16: 64.327368 | BE16: 0.030710162 | BK16: 0.030710162 | BL16: =BK16*2 -> 0.061420324 | BM16: 64.327368 | BN16: 37.433119
A17: 52 | B17: 0.67644676 | C17: 0.67743056 | D17: 0.67650463 | F17: 75P16-1 | G17: 75 % Propylene | H17: 1.6002 | I17: 101325 | J17: =0.75*42.08+0.25*28.0134 -> 38.56335 | K17: 42.08 | L17: 0.75 | M17: 149 | N17: 75 | O17: 139 | P17: 3.05 | Q17: 250 | R17: 357 | S17: =R17*Reference!$F$42+Reference!$F$43 -> 37.677745 | T17: 23 | U17: =T17*-Reference!$F$42 -> 5.2839771 | V17: =Reference!$L$22 -> 1743.4481 | W17: 2317.4 | X17: =Reference!$W$23 -> 0.049485 | Y17: =(20*10^-6)*(600/298)^(1.67) -> 6.4357835e-05 | Z17: =M17*Reference!$L$8 -> 71.659824 | AA17: =Z17*0.75 -> 53.744868 | AB17: =Z17*Reference!$L$23/(60*10^3) -> 1.908064 | AC17: =AA17*Reference!$L$22/(60*1000) -> 1.5616898 | AD17: =N17*Reference!$F$10+Reference!$F$11 -> 64.597784 | AE17: =(Z17/(PI()/4*((H17/10)^2)*60)) -> 59.386273 | AF17: =AE17*2 -> 118.77255 | AG17: =AD17/(2*AE17) -> 0.54387808 | AH17: =(AE17/100)*Reference!$L$23*(H17/1000)/(Reference!$W$20) -> 30.31185 | AI17: =(AE17/100)*Reference!$L$23*(H17/1000)/(Reference!$P$26) -> 80.755282 | AJ17: =(AE17/100)*Reference!$L$23*(H17/1000)/(Reference!$P$23) -> 144.10545 | AK17: =AH17/Reference!$R$23 -> 394.77503 | AL17: =AI17/(Reference!$R$23) -> 1051.7395 | AM17: =AB17/(Reference!$R$23) -> 24.850217 | AN17: =S17/H17 -> 23.545647 | AO17: =0.00002*(AO$2/293)^1.67 -> 0.00030579718 | AQ17: =AE17/AD17 -> 0.91932369 | AR17: =(1/0.0557)*(H17/1000)^2*V17*(AE17/100)/6*((AE17/100)-(AD17/100)*0.75) -> 0.00086770587 | AS17: =0.75*AR17/(2*(AE17/100)-(AD17/100)) -> 0.0012012594 | AT17: =1000*(S17/1000)/(AD17/100)-(0.75*AR17/(AD17/100)^2)*LN(ABS(1+((AD17/100)*(S17/1000)/(0.75*AR17))*(1-((AD17/100)/(2*(AE17/100)))))) -> 58.32217 | AU17: =1/(AD17/100)*LN((4*AD17/100*(S17/1000+AS17)+3*AR17)/(4*AD17/100*AS17+3*AR17)) -> 4.4794659 | AV17: =1/(AD17/100)*LN((4*AD17/100*(S17/2000+AS17)+3*AR17)/(4*AD17/100*AS17+3*AR17)) -> 3.4898785 | AW17: =AU17-AV17 -> 0.98958732 | AX17: =1000*(S17/2000)/(AD17/100)-(0.75*AR17/(AD17/100)^2)*LN(ABS(1+((AD17/100)*(S17/2000)/(0.75*AR17))*(1-((AD17/100)/(2*(AE17/100)))))) -> 29.159826 | AY17: =AT17-AX17 -> 29.162344 | AZ17: =AX17/AY17 -> 0.99991363 | BD17: 37.677745 | BE17: 0.54387808 | BF17: 0.54387808 | BG17: =BF17*2 -> 1.0877562 | BH17: 37.677745 | BI17: 24.850217 | BK17: 0.071272374 | BL17: =BK17*2 -> 0.14254475 | BM17: 39.51565 | BN17: 24.850217
A18: 173 | B18: 0.4428588 | C18: 0.44347222 | D18: 0.44332176 | F18: 75P16-2 | G18: 75 % Propylene | H18: 1.6002 | I18: 101325 | J18: =0.75*42.08+0.25*28.0134 -> 38.56335 | K18: 42.08 | L18: 0.75 | M18: 147 | N18: 69 | O18: 139 | P18: 3.24 | Q18: 250 | R18: 365 | S18: =R18*Reference!$B$23+Reference!$B$24 -> 35.83984 | T18: 24 | U18: =T18*-Reference!$B$23 -> 5.5137152 | V18: =Reference!$L$22 -> 1743.4481 | W18: 2317.4 | X18: =Reference!$W$23 -> 0.049485 | Y18: =(20*10^-6)*(600/298)^(1.67) -> 6.4357835e-05 | Z18: =M18*Reference!$L$8 -> 70.697947 | AA18: =Z18*0.75 -> 53.02346 | AB18: =Z18*Reference!$L$23/(60*10^3) -> 1.8824524 | AC18: =AA18*Reference!$L$22/(60*1000) -> 1.5407275 | AD18: =N18*Reference!$F$10+Reference!$F$11 -> 58.956492 | AE18: =(Z18/(PI()/4*((H18/10)^2)*60)) -> 58.589142 | AF18: =AE18*2 -> 117.17828 | AG18: =AD18/(2*AE18) -> 0.50313496 | AH18: =(AE18/100)*Reference!$L$23*(H18/1000)/(Reference!$W$20) -> 29.904979 | AI18: =(AE18/100)*Reference!$L$23*(H18/1000)/(Reference!$P$26) -> 79.671318 | AJ18: =(AE18/100)*Reference!$L$23*(H18/1000)/(Reference!$P$23) -> 142.17114 | AK18: =AH18/Reference!$R$23 -> 389.47604 | AL18: =AI18/(Reference!$R$23) -> 1037.6222 | AM18: =AB18/(Reference!$R$23) -> 24.516657 | AN18: =S18/H18 -> 22.3971 | AO18: =0.00002*(AO$2/293)^1.67 -> 0.00030579718 | AQ18: =AE18/AD18 -> 0.99376914 | AR18: =(1/0.0557)*(H18/1000)^2*V18*(AE18/100)/6*((AE18/100)-(AD18/100)*0.75) -> 0.0011248086 | AS18: =0.75*AR18/(2*(AE18/100)-(AD18/100)) -> 0.001448953 | AT18: =1000*(S18/1000)/(AD18/100)-(0.75*AR18/(AD18/100)^2)*LN(ABS(1+((AD18/100)*(S18/1000)/(0.75*AR18))*(1-((AD18/100)/(2*(AE18/100)))))) -> 60.784012 | AU18: =1/(AD18/100)*LN((4*AD18/100*(S18/1000+AS18)+3*AR18)/(4*AD18/100*AS18+3*AR18)) -> 4.4076744 | AV18: =1/(AD18/100)*LN((4*AD18/100*(S18/2000+AS18)+3*AR18)/(4*AD18/100*AS18+3*AR18)) -> 3.353666 | AW18: =AU18-AV18 -> 1.0540083 | AX18: =1000*(S18/2000)/(AD18/100)-(0.75*AR18/(AD18/100)^2)*LN(ABS(1+((AD18/100)*(S18/2000)/(0.75*AR18))*(1-((AD18/100)/(2*(AE18/100)))))) -> 30.390361 | AY18: =AT18-AX18 -> 30.393651 | AZ18: =AX18/AY18 -> 0.99989173 | BD18: 35.83984 | BE18: 0.50313496 | BF18: 0.50313496 | BG18: =BF18*2 -> 1.0062699 | BH18: 35.83984 | BI18: 24.516657 | BK18: 0.060007742 | BL18: =BK18*2 -> 0.12001548 | BM18: 21.973157 | BN18: 11.674598
A19: 52 | B19: Ku LOS | C19: 0.68560185 | D19: 0.68527778 | F19: 75P16-3 | G19: 75 % Propylene | H19: 1.6002 | I19: 101325 | J19: =0.75*42.08+0.25*28.0134 -> 38.56335 | K19: 42.08 | L19: 0.75 | M19: 117 | N19: 61 | O19: 119 | P19: 2.9 | Q19: 250 | R19: 383 | S19: =R19*Reference!$F$42+Reference!$F$43 -> 31.704553 | T19: 26 | U19: =T19*-Reference!$F$42 -> 5.9731915 | V19: =Reference!$L$22 -> 1743.4481 | W19: 2317.4 | X19: =Reference!$W$23 -> 0.049485 | Y19: =(20*10^-6)*(600/298)^(1.67) -> 6.4357835e-05 | Z19: =M19*Reference!$L$8 -> 56.269795 | AA19: =Z19*0.75 -> 42.202346 | AB19: =Z19*Reference!$L$23/(60*10^3) -> 1.4982784 | AC19: =AA19*Reference!$L$22/(60*1000) -> 1.2262933 | AD19: =N19*Reference!$F$10+Reference!$F$11 -> 51.434769 | AE19: =(Z19/(PI()/4*((H19/10)^2)*60)) -> 46.632174 | AF19: =AE19*2 -> 93.264349 | AG19: =AD19/(2*AE19) -> 0.55149443 | AH19: =(AE19/100)*Reference!$L$23*(H19/1000)/(Reference!$W$20) -> 23.801922 | AI19: =(AE19/100)*Reference!$L$23*(H19/1000)/(Reference!$P$26) -> 63.411866 | AJ19: =(AE19/100)*Reference!$L$23*(H19/1000)/(Reference!$P$23) -> 113.15662 | AK19: =AH19/Reference!$R$23 -> 309.99113 | AL19: =AI19/(Reference!$R$23) -> 825.86255 | AM19: =AB19/(Reference!$R$23) -> 19.513257 | AN19: =S19/H19 -> 19.812869 | AO19: =0.00002*(AO$2/293)^1.67 -> 0.00030579718 | AQ19: =AE19/AD19 -> 0.90662747 | AR19: =(1/0.0557)*(H19/1000)^2*V19*(AE19/100)/6*((AE19/100)-(AD19/100)*0.75) -> 0.00050183565 | AS19: =0.75*AR19/(2*(AE19/100)-(AD19/100)) -> 0.00089978608 | AT19: =1000*(S19/1000)/(AD19/100)-(0.75*AR19/(AD19/100)^2)*LN(ABS(1+((AD19/100)*(S19/1000)/(0.75*AR19))*(1-((AD19/100)/(2*(AE19/100)))))) -> 61.636022 | AU19: =1/(AD19/100)*LN((4*AD19/100*(S19/1000+AS19)+3*AR19)/(4*AD19/100*AS19+3*AR19)) -> 5.8659065 | AV19: =1/(AD19/100)*LN((4*AD19/100*(S19/2000+AS19)+3*AR19)/(4*AD19/100*AS19+3*AR19)) -> 4.6111814 | AW19: =AU19-AV19 -> 1.2547251 | AX19: =1000*(S19/2000)/(AD19/100)-(0.75*AR19/(AD19/100)^2)*LN(ABS(1+((AD19/100)*(S19/2000)/(0.75*AR19))*(1-((AD19/100)/(2*(AE19/100)))))) -> 30.816783 | AY19: =AT19-AX19 -> 30.819239 | AZ19: =AX19/AY19 -> 0.99992031 | BD19: 31.704553 | BE19: 0.55149443 | BF19: 0.55149443 | BG19: =BF19*2 -> 1.1029889 | BH19: 31.704553 | BI19: 19.513257 | BK19: 0.061772675 | BL19: =BK19*2 -> 0.12354535 | BM19: 20.154749 | BN19: 11.341038
A20: 173 | B20: 0.46402778 | C20: 0.46506944 | D20: 0.46489583 | F20: 75P16-4 | G20: 75 % Propylene | H20: 1.6002 | I20: 101325 | J20: =0.75*42.08+0.25*28.0134 -> 38.56335 | K20: 42.08 | L20: 0.75 | M20: 105 | N20: 51 | O20: 98 | P20: 2.29 | Q20: 250 | R20: 405 | S20: =R20*Reference!$B$23+Reference!$B$24 -> 26.650314 | T20: 23 | U20: =T20*-Reference!$B$23 -> 5.2839771 | V20: =Reference!$L$22 -> 1743.4481 | W20: 2317.4 | X20: =Reference!$W$23 -> 0.049485 | Y20: =(20*10^-6)*(600/298)^(1.67) -> 6.4357835e-05 | Z20: =M20*Reference!$L$8 -> 50.498534 | AA20: =Z20*0.75 -> 37.8739 | AB20: =Z20*Reference!$L$23/(60*10^3) -> 1.3446089 | AC20: =AA20*Reference!$L$22/(60*1000) -> 1.1005197 | AD20: =N20*Reference!$F$10+Reference!$F$11 -> 42.032615 | AE20: =(Z20/(PI()/4*((H20/10)^2)*60)) -> 41.849387 | AF20: =AE20*2 -> 83.698775 | AG20: =AD20/(2*AE20) -> 0.50218913 | AH20: =(AE20/100)*Reference!$L$23*(H20/1000)/(Reference!$W$20) -> 21.360699 | AI20: =(AE20/100)*Reference!$L$23*(H20/1000)/(Reference!$P$26) -> 56.908085 | AJ20: =(AE20/100)*Reference!$L$23*(H20/1000)/(Reference!$P$23) -> 101.55082 | AK20: =AH20/Reference!$R$23 -> 278.19717 | AL20: =AI20/(Reference!$R$23) -> 741.1587 | AM20: =AB20/(Reference!$R$23) -> 17.511898 | AN20: =S20/H20 -> 16.654365 | AO20: =0.00002*(AO$2/293)^1.67 -> 0.00030579718 | AQ20: =AE20/AD20 -> 0.99564082 | AR20: =(1/0.0557)*(H20/1000)^2*V20*(AE20/100)/6*((AE20/100)-(AD20/100)*0.75) -> 0.00057720112 | AS20: =0.75*AR20/(2*(AE20/100)-(AD20/100)) -> 0.0010389747 | AT20: =1000*(S20/1000)/(AD20/100)-(0.75*AR20/(AD20/100)^2)*LN(ABS(1+((AD20/100)*(S20/1000)/(0.75*AR20))*(1-((AD20/100)/(2*(AE20/100)))))) -> 63.397448 | AU20: =1/(AD20/100)*LN((4*AD20/100*(S20/1000+AS20)+3*AR20)/(4*AD20/100*AS20+3*AR20)) -> 6.2583622 | AV20: =1/(AD20/100)*LN((4*AD20/100*(S20/2000+AS20)+3*AR20)/(4*AD20/100*AS20+3*AR20)) -> 4.7747878 | AW20: =AU20-AV20 -> 1.4835744 | AX20: =1000*(S20/2000)/(AD20/100)-(0.75*AR20/(AD20/100)^2)*LN(ABS(1+((AD20/100)*(S20/2000)/(0.75*AR20))*(1-((AD20/100)/(2*(AE20/100)))))) -> 31.697029 | AY20: =AT20-AX20 -> 31.700419 | AZ20: =AX20/AY20 -> 0.99989307 | BD20: 26.650314 | BE20: 0.50218913 | BF20: 0.50218913 | BG20: =BF20*2 -> 1.0043783 | BH20: 26.650314 | BI20: 17.511898 | BK20: 0.069788742 | BL20: =BK20*2 -> 0.13957748 | BM20: 43.976158 | BN20: 26.017676
A21: 52 | B21: 0.6821412 | C21: 0.68333333 | D21: 0.68287037 | F21: 75P16-5 | G21: 75 % Propylene | H21: 1.6002 | I21: 101325 | J21: =0.75*42.08+0.25*28.0134 -> 38.56335 | K21: 42.08 | L21: 0.75 | M21: 79 | N21: 37 | O21: 81 | P21: 1.66 | Q21: 250 | R21: 429 | S21: =R21*Reference!$F$42+Reference!$F$43 -> 21.136599 | T21: 29 | U21: =T21*-Reference!$F$42 -> 6.6624059 | V21: =Reference!$L$22 -> 1743.4481 | W21: 2317.4 | X21: =Reference!$W$23 -> 0.049485 | Y21: =(20*10^-6)*(600/298)^(1.67) -> 6.4357835e-05 | Z21: =M21*Reference!$L$8 -> 37.994135 | AA21: =Z21*0.75 -> 28.495601 | AB21: =Z21*Reference!$L$23/(60*10^3) -> 1.0116581 | AC21: =AA21*Reference!$L$22/(60*1000) -> 0.82801004 | AD21: =N21*Reference!$F$10+Reference!$F$11 -> 28.8696 | AE21: =(Z21/(PI()/4*((H21/10)^2)*60)) -> 31.486682 | AF21: =AE21*2 -> 62.973364 | AG21: =AD21/(2*AE21) -> 0.45844144 | AH21: =(AE21/100)*Reference!$L$23*(H21/1000)/(Reference!$W$20) -> 16.071383 | AI21: =(AE21/100)*Reference!$L$23*(H21/1000)/(Reference!$P$26) -> 42.816559 | AJ21: =(AE21/100)*Reference!$L$23*(H21/1000)/(Reference!$P$23) -> 76.4049 | AK21: =AH21/Reference!$R$23 -> 209.31025 | AL21: =AI21/(Reference!$R$23) -> 557.63369 | AM21: =AB21/(Reference!$R$23) -> 13.175618 | AN21: =S21/H21 -> 13.208723 | AO21: =0.00002*(AO$2/293)^1.67 -> 0.00030579718 | AQ21: =AE21/AD21 -> 1.0906518 | AR21: =(1/0.0557)*(H21/1000)^2*V21*(AE21/100)/6*((AE21/100)-(AD21/100)*0.75) -> 0.00041364665 | AS21: =0.75*AR21/(2*(AE21/100)-(AD21/100)) -> 0.0009096796 | AT21: =1000*(S21/1000)/(AD21/100)-(0.75*AR21/(AD21/100)^2)*LN(ABS(1+((AD21/100)*(S21/1000)/(0.75*AR21))*(1-((AD21/100)/(2*(AE21/100)))))) -> 73.204896 | AU21: =1/(AD21/100)*LN((4*AD21/100*(S21/1000+AS21)+3*AR21)/(4*AD21/100*AS21+3*AR21)) -> 8.5054055 | AV21: =1/(AD21/100)*LN((4*AD21/100*(S21/2000+AS21)+3*AR21)/(4*AD21/100*AS21+3*AR21)) -> 6.3896518 | AW21: =AU21-AV21 -> 2.1157537 | AX21: =1000*(S21/2000)/(AD21/100)-(0.75*AR21/(AD21/100)^2)*LN(ABS(1+((AD21/100)*(S21/2000)/(0.75*AR21))*(1-((AD21/100)/(2*(AE21/100)))))) -> 36.600152 | AY21: =AT21-AX21 -> 36.604745 | AZ21: =AX21/AY21 -> 0.99987453 | BD21: 21.136599 | BE21: 0.45844144 | BF21: 0.45844144 | BG21: =BF21*2 -> 0.91688288 | BH21: 21.136599 | BI21: 13.175618 | BK21: 0.058961771 | BL21: =BK21*2 -> 0.11792354 | BM21: 14.213981 | BN21: 7.6642196
A22: 52 | B22: no ku | C22: 0.6741088 | D22: 0.67359954 | F22: 75P16-6 | G22: 75 % Propylene | H22: 1.6002 | I22: 101325 | J22: =0.75*42.08+0.25*28.0134 -> 38.56335 | K22: 42.08 | L22: 0.75 | M22: 50 | N22: 20 | O22: 55 | P22: 1.12 | Q22: 250 | R22: 458 | S22: =R22*Reference!$F$42+Reference!$F$43 -> 14.474193 | T22: 27 | U22: =T22*-Reference!$F$42 -> 6.2029296 | V22: =Reference!$L$22 -> 1743.4481 | W22: 2317.4 | X22: =Reference!$W$23 -> 0.049485 | Y22: =(20*10^-6)*(600/298)^(1.67) -> 6.4357835e-05 | Z22: =M22*Reference!$L$8 -> 24.046921 | AA22: =Z22*0.75 -> 18.035191 | AB22: =Z22*Reference!$L$23/(60*10^3) -> 0.64028993 | AC22: =AA22*Reference!$L$22/(60*1000) -> 0.52405698 | AD22: =N22*Reference!$F$10+Reference!$F$11 -> 12.885938 | AE22: =(Z22/(PI()/4*((H22/10)^2)*60)) -> 19.92828 | AF22: =AE22*2 -> 39.856559 | AG22: =AD22/(2*AE22) -> 0.32330784 | AH22: =(AE22/100)*Reference!$L$23*(H22/1000)/(Reference!$W$20) -> 10.171762 | AI22: =(AE22/100)*Reference!$L$23*(H22/1000)/(Reference!$P$26) -> 27.099088 | AJ22: =(AE22/100)*Reference!$L$23*(H22/1000)/(Reference!$P$23) -> 48.357532 | AK22: =AH22/Reference!$R$23 -> 132.47484 | AL22: =AI22/(Reference!$R$23) -> 352.93271 | AM22: =AB22/(Reference!$R$23) -> 8.3389988 | AN22: =S22/H22 -> 9.0452402 | AO22: =0.00002*(AO$2/293)^1.67 -> 0.00030579718 | AQ22: =AE22/AD22 -> 1.5465137 | AR22: =(1/0.0557)*(H22/1000)^2*V22*(AE22/100)/6*((AE22/100)-(AD22/100)*0.75) -> 0.00027323115 | AS22: =0.75*AR22/(2*(AE22/100)-(AD22/100)) -> 0.00075980216 | AT22: =1000*(S22/1000)/(AD22/100)-(0.75*AR22/(AD22/100)^2)*LN(ABS(1+((AD22/100)*(S22/1000)/(0.75*AR22))*(1-((AD22/100)/(2*(AE22/100)))))) -> 112.3012 | AU22: =1/(AD22/100)*LN((4*AD22/100*(S22/1000+AS22)+3*AR22)/(4*AD22/100*AS22+3*AR22)) -> 15.275334 | AV22: =1/(AD22/100)*LN((4*AD22/100*(S22/2000+AS22)+3*AR22)/(4*AD22/100*AS22+3*AR22)) -> 10.910919 | AW22: =AU22-AV22 -> 4.3644152 | AX22: =1000*(S22/2000)/(AD22/100)-(0.75*AR22/(AD22/100)^2)*LN(ABS(1+((AD22/100)*(S22/2000)/(0.75*AR22))*(1-((AD22/100)/(2*(AE22/100)))))) -> 56.145394 | AY22: =AT22-AX22 -> 56.155805 | AZ22: =AX22/AY22 -> 0.99981461 | BD22: 14.474193 | BE22: 0.32330784 | BF22: 0.32330784 | BG22: =BF22*2 -> 0.64661568 | BH22: 14.474193 | BI22: 8.3389988
A23: 119 | B23: 0.43630787 | C23: 0.43809028 | D23: 0.43715278 | F23: 75P16-7 | G23: 75 % Propylene | H23: 1.6002 | I23: 101325 | J23: =0.75*42.08+0.25*28.0134 -> 38.56335 | K23: 42.08 | L23: 0.75 | M23: 49 | N23: 20 | O23: 79 | P23: 1.18 | Q23: ? | R23: 458 | S23: =R23*Reference!$K$78+Reference!$K$79 -> 14.158541 | T23: 32 | U23: =T23*-Reference!$K$78 -> 7.3546803 | V23: =Reference!$L$22 -> 1743.4481 | W23: 2317.4 | X23: =Reference!$W$23 -> 0.049485 | Y23: =(20*10^-6)*(600/298)^(1.67) -> 6.4357835e-05 | Z23: =M23*Reference!$L$8 -> 23.565982 | AA23: =0.75*Z23 -> 17.674487 | AB23: =Z23*Reference!$L$23/(60*10^3) -> 0.62748413 | AC23: =AA23*Reference!$L$22/(60*1000) -> 0.51357584 | AD23: =N23*Reference!$F$10+Reference!$F$11 -> 12.885938 | AE23: =(Z23/(PI()/4*((H23/10)^2)*60)) -> 19.529714 | AF23: =AE23*2 -> 39.059428 | AG23: =AD23/(2*AE23) -> 0.32990596 | AH23: =(AE23/100)*Reference!$L$23*(H23/1000)/(Reference!$W$20) -> 9.9683264 | AI23: =(AE23/100)*Reference!$L$23*(H23/1000)/(Reference!$P$26) -> 26.557106 | AJ23: =(AE23/100)*Reference!$L$23*(H23/1000)/(Reference!$P$23) -> 47.390381 | AK23: =AH23/Reference!$R$23 -> 129.82535 | AL23: =AI23/(Reference!$R$23) -> 345.87406 | AM23: =AB23/(Reference!$R$23) -> 8.1722189 | AN23: =S23/H23 -> 8.847982 | AO23: =0.00002*(AO$2/293)^1.67 -> 0.00030579718 | AQ23: =AE23/AD23 -> 1.5155834 | AR23: =(1/0.0557)*(H23/1000)^2*V23*(AE23/100)/6*((AE23/100)-(AD23/100)*0.75) -> 0.0002573686 | AS23: =0.75*AR23/(2*(AE23/100)-(AD23/100)) -> 0.00073748838 | AT23: =1000*(S23/1000)/(AD23/100)-(0.75*AR23/(AD23/100)^2)*LN(ABS(1+((AD23/100)*(S23/1000)/(0.75*AR23))*(1-((AD23/100)/(2*(AE23/100)))))) -> 109.85274 | AU23: =1/(AD23/100)*LN((4*AD23/100*(S23/1000+AS23)+3*AR23)/(4*AD23/100*AS23+3*AR23)) -> 15.462376 | AV23: =1/(AD23/100)*LN((4*AD23/100*(S23/2000+AS23)+3*AR23)/(4*AD23/100*AS23+3*AR23)) -> 11.075277 | AW23: =AU23-AV23 -> 4.3870989 | AX23: =1000*(S23/2000)/(AD23/100)-(0.75*AR23/(AD23/100)^2)*LN(ABS(1+((AD23/100)*(S23/2000)/(0.75*AR23))*(1-((AD23/100)/(2*(AE23/100)))))) -> 54.921361 | AY23: =AT23-AX23 -> 54.93138 | AZ23: =AX23/AY23 -> 0.99981762 | BD23: 14.158541 | BE23: 0.32990596 | BF23: 0.32990596 | BG23: =BF23*2 -> 0.65981192 | BH23: 14.158541 | BI23: 8.1722189
A24: 119 | B24: 0.44344907 | C24: 0.44457176 | D24: 0.44366898 | F24: 75P16-8 | G24: 75 % Propylene | H24: 1.6002 | I24: 101325 | J24: =0.75*42.08+0.25*28.0134 -> 38.56335 | K24: 42.08 | L24: 0.75 | M24: 72 | N24: 35 | O24: 117 | P24: 1.4 | R24: 431 | S24: =R24*Reference!$K$78+Reference!$K$79 -> 20.364052 | T24: 30 | U24: =T24*-Reference!$K$78 -> 6.8950128 | V24: =Reference!$L$22 -> 1743.4481 | W24: 2317.4 | X24: =Reference!$W$23 -> 0.049485 | Y24: =(20*10^-6)*(600/298)^(1.67) -> 6.4357835e-05 | Z24: =M24*Reference!$L$8 -> 34.627566 | AA24: =0.75*Z24 -> 25.970674 | AB24: =Z24*Reference!$L$23/(60*10^3) -> 0.9220175 | AC24: =AA24*Reference!$L$22/(60*1000) -> 0.75464206 | AD24: =N24*Reference!$F$10+Reference!$F$11 -> 26.989169 | AE24: =(Z24/(PI()/4*((H24/10)^2)*60)) -> 28.696723 | AF24: =AE24*2 -> 57.393445 | AG24: =AD24/(2*AE24) -> 0.47024828 | AH24: =(AE24/100)*Reference!$L$23*(H24/1000)/(Reference!$W$20) -> 14.647337 | AI24: =(AE24/100)*Reference!$L$23*(H24/1000)/(Reference!$P$26) -> 39.022687 | AJ24: =(AE24/100)*Reference!$L$23*(H24/1000)/(Reference!$P$23) -> 69.634846 | AK24: =AH24/Reference!$R$23 -> 190.76378 | AL24: =AI24/(Reference!$R$23) -> 508.22311 | AM24: =AB24/(Reference!$R$23) -> 12.008158 | AN24: =S24/H24 -> 12.725942 | AO24: =0.00002*(AO$2/293)^1.67 -> 0.00030579718 | AQ24: =AE24/AD24 -> 1.0632681 | AR24: =(1/0.0557)*(H24/1000)^2*V24*(AE24/100)/6*((AE24/100)-(AD24/100)*0.75) -> 0.00032410753 | AS24: =0.75*AR24/(2*(AE24/100)-(AD24/100)) -> 0.00079949492 | AT24: =1000*(S24/1000)/(AD24/100)-(0.75*AR24/(AD24/100)^2)*LN(ABS(1+((AD24/100)*(S24/1000)/(0.75*AR24))*(1-((AD24/100)/(2*(AE24/100)))))) -> 75.44413 | AU24: =1/(AD24/100)*LN((4*AD24/100*(S24/1000+AS24)+3*AR24)/(4*AD24/100*AS24+3*AR24)) -> 9.4972815 | AV24: =1/(AD24/100)*LN((4*AD24/100*(S24/2000+AS24)+3*AR24)/(4*AD24/100*AS24+3*AR24)) -> 7.204077 | AW24: =AU24-AV24 -> 2.2932045 | AX24: =1000*(S24/2000)/(AD24/100)-(0.75*AR24/(AD24/100)^2)*LN(ABS(1+((AD24/100)*(S24/2000)/(0.75*AR24))*(1-((AD24/100)/(2*(AE24/100)))))) -> 37.719854 | AY24: =AT24-AX24 -> 37.724277 | AZ24: =AX24/AY24 -> 0.99988275 | BD24: 20.364052 | BE24: 0.47024828 | BF24: 0.47024828 | BG24: =BF24*2 -> 0.94049655 | BH24: 20.364052 | BI24: 12.008158
A25: 136 | B25: 0.66488426 | C25: 0.66622685 | D25: 0.66518519 | F25: 75P16-9 | G25: 75 % Propylene | H25: 1.6002 | I25: 101325 | J25: =0.75*42.08+0.25*28.0134 -> 38.56335 | K25: 42.08 | L25: 0.75 | M25: 52 | N25: 24 | O25: 131 | P25: 1.27 | Q25: 250 | R25: 451 | S25: =R25*Reference!$F$60+Reference!$F$61 -> 15.608728 | T25: 36 | U25: =T25*-Reference!$F$60 -> 8.1828378 | V25: =Reference!$L$22 -> 1743.4481 | W25: 2317.4 | X25: =Reference!$W$23 -> 0.049485 | Y25: =(20*10^-6)*(600/298)^(1.67) -> 6.4357835e-05 | Z25: =M25*Reference!$L$8 -> 25.008798 | AA25: =0.75*Z25 -> 18.756598 | AB25: =Z25*Reference!$L$23/(60*10^3) -> 0.66590153 | AC25: =AA25*Reference!$L$22/(60*1000) -> 0.54501926 | AD25: =N25*Reference!$F$10+Reference!$F$11 -> 16.6468 | AE25: =(Z25/(PI()/4*((H25/10)^2)*60)) -> 20.725411 | AF25: =AE25*2 -> 41.450822 | AG25: =AD25/(2*AE25) -> 0.40160361 | AH25: =(AE25/100)*Reference!$L$23*(H25/1000)/(Reference!$W$20) -> 10.578632 | AI25: =(AE25/100)*Reference!$L$23*(H25/1000)/(Reference!$P$26) -> 28.183051 | AJ25: =(AE25/100)*Reference!$L$23*(H25/1000)/(Reference!$P$23) -> 50.291833 | AK25: =AH25/Reference!$R$23 -> 137.77384 | AL25: =AI25/(Reference!$R$23) -> 367.05002 | AM25: =AB25/(Reference!$R$23) -> 8.6725588 | AN25: =S25/H25 -> 9.7542356 | AO25: =0.00002*(AO$2/293)^1.67 -> 0.00030579718 | AQ25: =AE25/AD25 -> 1.2450087 | AR25: =(1/0.0557)*(H25/1000)^2*V25*(AE25/100)/6*((AE25/100)-(AD25/100)*0.75) -> 0.00022813813 | AS25: =0.75*AR25/(2*(AE25/100)-(AD25/100)) -> 0.00068982198 | AT25: =1000*(S25/1000)/(AD25/100)-(0.75*AR25/(AD25/100)^2)*LN(ABS(1+((AD25/100)*(S25/1000)/(0.75*AR25))*(1-((AD25/100)/(2*(AE25/100)))))) -> 93.749865 | AU25: =1/(AD25/100)*LN((4*AD25/100*(S25/1000+AS25)+3*AR25)/(4*AD25/100*AS25+3*AR25)) -> 13.884129 | AV25: =1/(AD25/100)*LN((4*AD25/100*(S25/2000+AS25)+3*AR25)/(4*AD25/100*AS25+3*AR25)) -> 10.288106 | AW25: =AU25-AV25 -> 3.5960234 | AX25: =1000*(S25/2000)/(AD25/100)-(0.75*AR25/(AD25/100)^2)*LN(ABS(1+((AD25/100)*(S25/2000)/(0.75*AR25))*(1-((AD25/100)/(2*(AE25/100)))))) -> 46.871493 | AY25: =AT25-AX25 -> 46.878372 | AZ25: =AX25/AY25 -> 0.99985327 | BD25: 15.608728 | BE25: 0.40160361 | BF25: 0.40160361 | BG25: =BF25*2 -> 0.80320722 | BH25: 15.608728 | BI25: 8.6725588
A26: 136 | B26: 0.66111111 | C26: 0.66283565 | D26: 0.66222222 | F26: 75P16-10 | G26: 75 % Propylene | H26: 1.6002 | I26: 101325 | J26: =0.75*42.08+0.25*28.0134 -> 38.56335 | K26: 42.08 | L26: 0.75 | M26: 61 | N26: 31 | O26: 131 | P26: 1.5 | Q26: 250 | R26: 441 | S26: =R26*Reference!$F$60+Reference!$F$61 -> 17.881738 | T26: 36 | U26: =T26*-Reference!$F$60 -> 8.1828378 | V26: =Reference!$L$22 -> 1743.4481 | W26: 2317.4 | X26: =Reference!$W$23 -> 0.049485 | Y26: =(20*10^-6)*(600/298)^(1.67) -> 6.4357835e-05 | Z26: =M26*Reference!$L$8 -> 29.337243 | AA26: =0.75*Z26 -> 22.002933 | AB26: =Z26*Reference!$L$23/(60*10^3) -> 0.78115371 | AC26: =AA26*Reference!$L$22/(60*1000) -> 0.63934952 | AD26: =N26*Reference!$F$10+Reference!$F$11 -> 23.228307 | AE26: =(Z26/(PI()/4*((H26/10)^2)*60)) -> 24.312501 | AF26: =AE26*2 -> 48.625002 | AG26: =AD26/(2*AE26) -> 0.47770295 | AH26: =(AE26/100)*Reference!$L$23*(H26/1000)/(Reference!$W$20) -> 12.409549 | AI26: =(AE26/100)*Reference!$L$23*(H26/1000)/(Reference!$P$26) -> 33.060887 | AJ26: =(AE26/100)*Reference!$L$23*(H26/1000)/(Reference!$P$23) -> 58.996189 | AK26: =AH26/Reference!$R$23 -> 161.61931 | AL26: =AI26/(Reference!$R$23) -> 430.57791 | AM26: =AB26/(Reference!$R$23) -> 10.173579 | AN26: =S26/H26 -> 11.17469 | AO26: =0.00002*(AO$2/293)^1.67 -> 0.00030579718 | AQ26: =AE26/AD26 -> 1.0466755 | AR26: =(1/0.0557)*(H26/1000)^2*V26*(AE26/100)/6*((AE26/100)-(AD26/100)*0.75) -> 0.0002238103 | AS26: =0.75*AR26/(2*(AE26/100)-(AD26/100)) -> 0.00066094318 | AT26: =1000*(S26/1000)/(AD26/100)-(0.75*AR26/(AD26/100)^2)*LN(ABS(1+((AD26/100)*(S26/1000)/(0.75*AR26))*(1-((AD26/100)/(2*(AE26/100)))))) -> 76.974335 | AU26: =1/(AD26/100)*LN((4*AD26/100*(S26/1000+AS26)+3*AR26)/(4*AD26/100*AS26+3*AR26)) -> 11.338011 | AV26: =1/(AD26/100)*LN((4*AD26/100*(S26/2000+AS26)+3*AR26)/(4*AD26/100*AS26+3*AR26)) -> 8.6525315 | AW26: =AU26-AV26 -> 2.6854795 | AX26: =1000*(S26/2000)/(AD26/100)-(0.75*AR26/(AD26/100)^2)*LN(ABS(1+((AD26/100)*(S26/2000)/(0.75*AR26))*(1-((AD26/100)/(2*(AE26/100)))))) -> 38.485012 | AY26: =AT26-AX26 -> 38.489324 | AZ26: =AX26/AY26 -> 0.99988797 | BD26: 17.881738 | BE26: 0.47770295 | BF26: 0.47770295 | BG26: =BF26*2 -> 0.95540591 | BH26: 17.881738 | BI26: 10.173579
A27: 52 | B27: 0.729375 | C27: 0.73003472 | D27: 0.72938657 | F27: 75P7-1 | G27: 75 % Propylene | H27: 0.762 | I27: 101325 | J27: =0.75*42.08+0.25*28.0134 -> 38.56335 | K27: 42.08 | L27: 0.75 | M27: 149 | N27: 46 | O27: 97 | P27: 3.4 | R27: 349 | S27: =R27*Reference!$F$42+Reference!$F$43 -> 39.51565 | T27: 21 | U27: =T27*-Reference!$F$42 -> 4.8245008 | V27: =Reference!$L$22 -> 1743.4481 | W27: 2317.4 | X27: =Reference!$W$23 -> 0.049485 | Y27: =(20*10^-6)*(600/298)^(1.67) -> 6.4357835e-05 | Z27: =M27*Reference!$L$8 -> 71.659824 | AA27: =Z27*0.75 -> 53.744868 | AB27: =Z27*Reference!$L$23/(60*10^3) -> 1.908064 | AC27: =AA27*Reference!$L$22/(60*1000) -> 1.5616898 | AD27: =N27*Reference!$F$10+Reference!$F$11 -> 37.331538 | AE27: =(Z27/(PI()/4*((H27/10)^2)*60)) -> 261.89347 | AF27: =AE27*2 -> 523.78693 | AG27: =AD27/(2*AE27) -> 0.071272374 | AH27: =(AE27/100)*Reference!$L$23*(H27/1000)/(Reference!$W$20) -> 63.654884 | AI27: =(AE27/100)*Reference!$L$23*(H27/1000)/(Reference!$P$26) -> 169.58609 | AJ27: =(AE27/100)*Reference!$L$23*(H27/1000)/(Reference!$P$23) -> 302.62143 | AK27: =AH27/Reference!$R$23 -> 829.02757 | AL27: =AI27/(Reference!$R$23) -> 2208.6529 | AM27: =AB27/(Reference!$R$23) -> 24.850217 | AN27: =S27/H27 -> 51.857808 | AO27: =0.00002*(AO$2/293)^1.67 -> 0.00030579718 | AQ27: =AE27/AD27 -> 7.0153409 | AR27: =(1/0.0557)*(H27/1000)^2*V27*(AE27/100)/6*((AE27/100)-(AD27/100)*0.75) -> 0.018554864 | AS27: =0.75*AR27/(2*(AE27/100)-(AD27/100)) -> 0.0028607244 | AT27: =1000*(S27/1000)/(AD27/100)-(0.75*AR27/(AD27/100)^2)*LN(ABS(1+((AD27/100)*(S27/1000)/(0.75*AR27))*(1-((AD27/100)/(2*(AE27/100)))))) -> 105.78214 | AU27: =1/(AD27/100)*LN((4*AD27/100*(S27/1000+AS27)+3*AR27)/(4*AD27/100*AS27+3*AR27)) -> 1.8358885 | AV27: =1/(AD27/100)*LN((4*AD27/100*(S27/2000+AS27)+3*AR27)/(4*AD27/100*AS27+3*AR27)) -> 1.0722408 | AW27: =AU27-AV27 -> 0.76364766 | AX27: =1000*(S27/2000)/(AD27/100)-(0.75*AR27/(AD27/100)^2)*LN(ABS(1+((AD27/100)*(S27/2000)/(0.75*AR27))*(1-((AD27/100)/(2*(AE27/100)))))) -> 52.88532 | AY27: =AT27-AX27 -> 52.896824 | AZ27: =AX27/AY27 -> 0.99978253 | BD27: 39.51565 | BE27: 0.071272374
A28: 136 | B28: 0.72329861 | C28: 0.72488426 | D28: 0.72465278 | F28: 75P7-2 | G28: 75 % Propylene | H28: 0.762 | I28: 101325 | J28: =0.75*42.08+0.25*28.0134 -> 38.56335 | K28: 42.08 | L28: 0.75 | M28: 70 | N28: 22 | O28: 134 | P28: 1.54 | Q28: 250 | R28: 423 | S28: =R28*Reference!$F$60+Reference!$F$61 -> 21.973157 | T28: 36 | U28: =T28*-Reference!$F$60 -> 8.1828378 | V28: =Reference!$L$22 -> 1743.4481 | W28: 2317.4 | X28: =Reference!$W$23 -> 0.049485 | Y28: =(20*10^-6)*(600/298)^(1.67) -> 6.4357835e-05 | Z28: =M28*Reference!$L$8 -> 33.665689 | AA28: =Z28*0.75 -> 25.249267 | AB28: =Z28*Reference!$L$23/(60*10^3) -> 0.8964059 | AC28: =AA28*Reference!$L$22/(60*1000) -> 0.73367978 | AD28: =N28*Reference!$F$10+Reference!$F$11 -> 14.766369 | AE28: =(Z28/(PI()/4*((H28/10)^2)*60)) -> 123.0372 | AF28: =AE28*2 -> 246.0744 | AG28: =AD28/(2*AE28) -> 0.060007742 | AH28: =(AE28/100)*Reference!$L$23*(H28/1000)/(Reference!$W$20) -> 29.904979 | AI28: =(AE28/100)*Reference!$L$23*(H28/1000)/(Reference!$P$26) -> 79.671318 | AJ28: =(AE28/100)*Reference!$L$23*(H28/1000)/(Reference!$P$23) -> 142.17114 | AK28: =AH28/Reference!$R$23 -> 389.47604 | AL28: =AI28/(Reference!$R$23) -> 1037.6222 | AM28: =AB28/(Reference!$R$23) -> 11.674598 | AN28: =S28/H28 -> 28.836164 | AO28: =0.00002*(AO$2/293)^1.67 -> 0.00030579718 | AQ28: =AE28/AD28 -> 8.3322582 | AR28: =(1/0.0557)*(H28/1000)^2*V28*(AE28/100)/6*((AE28/100)-(AD28/100)*0.75) -> 0.0041727392 | AS28: =0.75*AR28/(2*(AE28/100)-(AD28/100)) -> 0.0013529813 | AT28: =1000*(S28/1000)/(AD28/100)-(0.75*AR28/(AD28/100)^2)*LN(ABS(1+((AD28/100)*(S28/1000)/(0.75*AR28))*(1-((AD28/100)/(2*(AE28/100)))))) -> 148.70777 | AU28: =1/(AD28/100)*LN((4*AD28/100*(S28/1000+AS28)+3*AR28)/(4*AD28/100*AS28+3*AR28)) -> 4.6073945 | AV28: =1/(AD28/100)*LN((4*AD28/100*(S28/2000+AS28)+3*AR28)/(4*AD28/100*AS28+3*AR28)) -> 2.6881928 | AW28: =AU28-AV28 -> 1.9192017 | AX28: =1000*(S28/2000)/(AD28/100)-(0.75*AR28/(AD28/100)^2)*LN(ABS(1+((AD28/100)*(S28/2000)/(0.75*AR28))*(1-((AD28/100)/(2*(AE28/100)))))) -> 74.345737 | AY28: =AT28-AX28 -> 74.362035 | AZ28: =AX28/AY28 -> 0.99978083 | BD28: 21.973157 | BE28: 0.060007742
A29: 136 | B29: 0.72329861 | C29: 0.72488426 | D29: 0.72351852 | F29: 75P7-3 | G29: 75 % Propylene | H29: 0.762 | I29: 101325 | J29: =0.75*42.08+0.25*28.0134 -> 38.56335 | K29: 42.08 | L29: 0.75 | M29: 68 | N29: 22 | O29: 134 | P29: 1.54 | Q29: 250 | R29: 431 | S29: =R29*Reference!$F$60+Reference!$F$61 -> 20.154749 | T29: 29 | U29: =T29*-Reference!$F$60 -> 6.5917305 | V29: =Reference!$L$22 -> 1743.4481 | W29: 2317.4 | X29: =Reference!$W$23 -> 0.049485 | Y29: =(20*10^-6)*(600/298)^(1.67) -> 6.4357835e-05 | Z29: =M29*Reference!$L$8 -> 32.703812 | AA29: =Z29*0.75 -> 24.527859 | AB29: =Z29*Reference!$L$23/(60*10^3) -> 0.8707943 | AC29: =AA29*Reference!$L$22/(60*1000) -> 0.7127175 | AD29: =N29*Reference!$F$10+Reference!$F$11 -> 14.766369 | AE29: =(Z29/(PI()/4*((H29/10)^2)*60)) -> 119.52185 | AF29: =AE29*2 -> 239.0437 | AG29: =AD29/(2*AE29) -> 0.061772675 | AH29: =(AE29/100)*Reference!$L$23*(H29/1000)/(Reference!$W$20) -> 29.050551 | AI29: =(AE29/100)*Reference!$L$23*(H29/1000)/(Reference!$P$26) -> 77.394995 | AJ29: =(AE29/100)*Reference!$L$23*(H29/1000)/(Reference!$P$23) -> 138.10911 | AK29: =AH29/Reference!$R$23 -> 378.34815 | AL29: =AI29/(Reference!$R$23) -> 1007.9758 | AM29: =AB29/(Reference!$R$23) -> 11.341038 | AN29: =S29/H29 -> 26.449802 | AO29: =0.00002*(AO$2/293)^1.67 -> 0.00030579718 | AQ29: =AE29/AD29 -> 8.0941937 | AR29: =(1/0.0557)*(H29/1000)^2*V29*(AE29/100)/6*((AE29/100)-(AD29/100)*0.75) -> 0.0039262475 | AS29: =0.75*AR29/(2*(AE29/100)-(AD29/100)) -> 0.0013129662 | AT29: =1000*(S29/1000)/(AD29/100)-(0.75*AR29/(AD29/100)^2)*LN(ABS(1+((AD29/100)*(S29/1000)/(0.75*AR29))*(1-((AD29/100)/(2*(AE29/100)))))) -> 136.40083 | AU29: =1/(AD29/100)*LN((4*AD29/100*(S29/1000+AS29)+3*AR29)/(4*AD29/100*AS29+3*AR29)) -> 4.5165377 | AV29: =1/(AD29/100)*LN((4*AD29/100*(S29/2000+AS29)+3*AR29)/(4*AD29/100*AS29+3*AR29)) -> 2.6280169 | AW29: =AU29-AV29 -> 1.8885208 | AX29: =1000*(S29/2000)/(AD29/100)-(0.75*AR29/(AD29/100)^2)*LN(ABS(1+((AD29/100)*(S29/2000)/(0.75*AR29))*(1-((AD29/100)/(2*(AE29/100)))))) -> 68.193039 | AY29: =AT29-AX29 -> 68.207786 | AZ29: =AX29/AY29 -> 0.99978379 | BD29: 20.154749 | BE29: 0.061772675
A30: 173 | B30: 0.52741898 | C30: 0.52868056 | D30: 0.52828704 | F30: 75P7-4 | G30: 75 % Propylene | H30: 0.762 | I30: 101325 | J30: =0.75*42.08+0.25*28.0134 -> 38.56335 | K30: 42.08 | L30: 0.75 | M30: 156 | N30: 47 | O30: 101 | P30: 3.72 | Q30: 250 | R30: 328 | S30: =R30*Reference!$B$78+Reference!$B$79 -> 43.976158 | T30: 25 | U30: =T30*-Reference!$B$78 -> 5.6474599 | V30: =Reference!$L$22 -> 1743.4481 | W30: 2317.4 | X30: =Reference!$W$23 -> 0.049485 | Y30: =(20*10^-6)*(600/298)^(1.67) -> 6.4357835e-05 | Z30: =M30*Reference!$L$8 -> 75.026393 | AA30: =Z30*0.75 -> 56.269795 | AB30: =Z30*Reference!$L$23/(60*10^3) -> 1.9977046 | AC30: =AA30*Reference!$L$22/(60*1000) -> 1.6350578 | AD30: =N30*Reference!$F$10+Reference!$F$11 -> 38.271753 | AE30: =(Z30/(PI()/4*((H30/10)^2)*60)) -> 274.19719 | AF30: =AE30*2 -> 548.39437 | AG30: =AD30/(2*AE30) -> 0.069788742 | AH30: =(AE30/100)*Reference!$L$23*(H30/1000)/(Reference!$W$20) -> 66.645382 | AI30: =(AE30/100)*Reference!$L$23*(H30/1000)/(Reference!$P$26) -> 177.55322 | AJ30: =(AE30/100)*Reference!$L$23*(H30/1000)/(Reference!$P$23) -> 316.83855 | AK30: =AH30/Reference!$R$23 -> 867.97518 | AL30: =AI30/(Reference!$R$23) -> 2312.4151 | AM30: =AB30/(Reference!$R$23) -> 26.017676 | AN30: =S30/H30 -> 57.711494 | AO30: =0.00002*(AO$2/293)^1.67 -> 0.00030579718 | AQ30: =AE30/AD30 -> 7.1644793 | AR30: =(1/0.0557)*(H30/1000)^2*V30*(AE30/100)/6*((AE30/100)-(AD30/100)*0.75) -> 0.020389909 | AS30: =0.75*AR30/(2*(AE30/100)-(AD30/100)) -> 0.0029977953 | AT30: =1000*(S30/1000)/(AD30/100)-(0.75*AR30/(AD30/100)^2)*LN(ABS(1+((AD30/100)*(S30/1000)/(0.75*AR30))*(1-((AD30/100)/(2*(AE30/100)))))) -> 114.8314 | AU30: =1/(AD30/100)*LN((4*AD30/100*(S30/1000+AS30)+3*AR30)/(4*AD30/100*AS30+3*AR30)) -> 1.8419854 | AV30: =1/(AD30/100)*LN((4*AD30/100*(S30/2000+AS30)+3*AR30)/(4*AD30/100*AS30+3*AR30)) -> 1.0800547 | AW30: =AU30-AV30 -> 0.76193068 | AX30: =1000*(S30/2000)/(AD30/100)-(0.75*AR30/(AD30/100)^2)*LN(ABS(1+((AD30/100)*(S30/2000)/(0.75*AR30))*(1-((AD30/100)/(2*(AE30/100)))))) -> 57.409344 | AY30: =AT30-AX30 -> 57.422055 | AZ30: =AX30/AY30 -> 0.99977863 | BD30: 43.976158 | BE30: 0.069788742
A31: 055 | B31: 0.40224537 | C31: 0.4033912 | D31: 0.40292824 | E31: 60E | F31: 50P16-1 | G31: 50 % Propylene | H31: 1.6002 | I31: 101325 | J31: =0.5*42.08+0.5*28.0134 -> 35.0467 | K31: 42.08 | L31: 0.5 | M31: 205 | N31: 49 | O31: 106 | P31: 3.78 | Q31: 250 | R31: 338 | S31: =R31*Reference!$J$42+Reference!$F$43 -> 41.728081 | T31: 26 | U31: =T31*-Reference!$J$42 -> 5.9973982 | V31: =Reference!$L$22 -> 1743.4481 | W31: 2288.3 | X31: =Reference!$W$24 -> 0.049136 | Y31: =(20*10^-6)*(600/298)^(1.67) -> 6.4357835e-05 | Z31: =M31*Reference!$L$9 -> 119.21986 | AA31: =Z31*0.5 -> 59.609929 | AB31: =Z31*Reference!$L$24/(60*10^3) -> 2.8846334 | AC31: =AA31*Reference!$L$22/(60*1000) -> 1.7321136 | AD31: =N31*Reference!$F$10+Reference!$F$11 -> 40.152184 | AE31: =(Z31/(PI()/4*((H31/10)^2)*60)) -> 98.800453 | AF31: =AE31*2 -> 197.60091 | AG31: =AD31/(2*AE31) -> 0.20319838 | AH31: =(AE31/100)*Reference!$L$24*(H31/1000)/(Reference!$W$24) -> 46.711808 | AI31: =(AE31/100)*Reference!$L$24*(H31/1000)/(Reference!$P$26) -> 122.08678 | AJ31: =(AE31/100)*Reference!$L$24*(H31/1000)/(Reference!$P$24) -> 181.00981 | AK31: =AH31/Reference!$R$24 -> 458.7179 | AL31: =AI31/(Reference!$R$24) -> 1198.9129 | AM31: =AB31/(Reference!$R$24) -> 28.32759 | AN31: =S31/H31 -> 26.076791 | AO31: =0.00002*(AO$2/293)^1.67 -> 0.00030579718 | AQ31: =AE31/AD31 -> 2.4606495 | AR31: =(1/0.0557)*(H31/1000)^2*V31*(AE31/100)/6*((AE31/100)-(AD31/100)*0.75) -> 0.0090652601 | AS31: =0.75*AR31/(2*(AE31/100)-(AD31/100)) -> 0.0043181964 | AT31: =1000*(S31/1000)/(AD31/100)-(0.75*AR31/(AD31/100)^2)*LN(ABS(1+((AD31/100)*(S31/1000)/(0.75*AR31))*(1-((AD31/100)/(2*(AE31/100)))))) -> 103.87899 | AU31: =1/(AD31/100)*LN((4*AD31/100*(S31/1000+AS31)+3*AR31)/(4*AD31/100*AS31+3*AR31)) -> 2.705692 | AV31: =1/(AD31/100)*LN((4*AD31/100*(S31/2000+AS31)+3*AR31)/(4*AD31/100*AS31+3*AR31)) -> 1.7035133 | AW31: =AU31-AV31 -> 1.0021787 | AX31: =1000*(S31/2000)/(AD31/100)-(0.75*AR31/(AD31/100)^2)*LN(ABS(1+((AD31/100)*(S31/2000)/(0.75*AR31))*(1-((AD31/100)/(2*(AE31/100)))))) -> 51.933559 | AY31: =AT31-AX31 -> 51.945435 | AZ31: =AX31/AY31 -> 0.99977138 | BD31: 41.728081 | BE31: 0.20319838 | BF31: 0.20319838 | BG31: =BF31*2 -> 0.40639676 | BH31: 41.728081 | BI31: 28.32759
A32: 055 | B32: 0.40016204 | C32: 0.40131944 | D32: 0.40103009 | E32: 59 | F32: 50P16-2 | G32: 50 % Propylene | H32: 1.6002 | I32: 101325 | J32: =0.5*42.08+0.5*28.0134 -> 35.0467 | K32: 42.08 | L32: 0.5 | M32: 156 | N32: 34 | O32: 81 | P32: 2.78 | Q32: 250 | R32: 378 | S32: =R32*Reference!$J$42+Reference!$F$43 -> 32.501315 | T32: 24 | U32: =T32*-Reference!$J$42 -> 5.5360599 | V32: =Reference!$L$22 -> 1743.4481 | W32: 2288.3 | X32: =Reference!$W$24 -> 0.049136 | Y32: =(20*10^-6)*(600/298)^(1.67) -> 6.4357835e-05 | Z32: =M32*Reference!$L$9 -> 90.723404 | AA32: =Z32*0.5 -> 45.361702 | AB32: =Z32*Reference!$L$24/(60*10^3) -> 2.1951356 | AC32: =AA32*Reference!$L$22/(60*1000) -> 1.3180962 | AD32: =N32*Reference!$F$10+Reference!$F$11 -> 26.048953 | AE32: =(Z32/(PI()/4*((H32/10)^2)*60)) -> 75.184735 | AF32: =AE32*2 -> 150.36947 | AG32: =AD32/(2*AE32) -> 0.17323299 | AH32: =(AE32/100)*Reference!$L$24*(H32/1000)/(Reference!$W$24) -> 35.546546 | AI32: =(AE32/100)*Reference!$L$24*(H32/1000)/(Reference!$P$26) -> 92.905058 | AJ32: =(AE32/100)*Reference!$L$24*(H32/1000)/(Reference!$P$24) -> 137.74405 | AK32: =AH32/Reference!$R$24 -> 349.07313 | AL32: =AI32/(Reference!$R$24) -> 912.34348 | AM32: =AB32/(Reference!$R$24) -> 21.556605 | AN32: =S32/H32 -> 20.310783 | AO32: =0.00002*(AO$2/293)^1.67 -> 0.00030579718 | AQ32: =AE32/AD32 -> 2.8862862 | AR32: =(1/0.0557)*(H32/1000)^2*V32*(AE32/100)/6*((AE32/100)-(AD32/100)*0.75) -> 0.0055889536 | AS32: =0.75*AR32/(2*(AE32/100)-(AD32/100)) -> 0.0033717003 | AT32: =1000*(S32/1000)/(AD32/100)-(0.75*AR32/(AD32/100)^2)*LN(ABS(1+((AD32/100)*(S32/1000)/(0.75*AR32))*(1-((AD32/100)/(2*(AE32/100)))))) -> 124.70947 | AU32: =1/(AD32/100)*LN((4*AD32/100*(S32/1000+AS32)+3*AR32)/(4*AD32/100*AS32+3*AR32)) -> 3.769939 | AV32: =1/(AD32/100)*LN((4*AD32/100*(S32/2000+AS32)+3*AR32)/(4*AD32/100*AS32+3*AR32)) -> 2.3302624 | AW32: =AU32-AV32 -> 1.4396766 | AX32: =1000*(S32/2000)/(AD32/100)-(0.75*AR32/(AD32/100)^2)*LN(ABS(1+((AD32/100)*(S32/2000)/(0.75*AR32))*(1-((AD32/100)/(2*(AE32/100)))))) -> 62.34757 | AY32: =AT32-AX32 -> 62.361901 | AZ32: =AX32/AY32 -> 0.9997702 | BD32: 32.501315 | BE32: 0.17323299 | BF32: 0.17323299 | BG32: =BF32*2 -> 0.34646599 | BH32: 32.501315 | BI32: 21.556605
A33: 167 | B33: 0.38902778 | C33: 0.39153935 | D33: 0.39138889 | F33: 50P16-3 | G33: 50 % Propylene | H33: 1.6002 | I33: 101325 | J33: =0.5*42.08+0.5*28.0134 -> 35.0467 | K33: 42.08 | L33: 0.5 | M33: 115 | N33: 20 | O33: 55 | P33: 2.16 | Q33: 250 | R33: 406 | S33: =R33*Reference!$N$60+Reference!$N$61 -> 26.515626 | T33: 37 | U33: =T33*-Reference!$N$60 -> 8.5062294 | V33: =Reference!$L$22 -> 1743.4481 | W33: 2288.3 | X33: =Reference!$W$24 -> 0.049136 | Y33: =(20*10^-6)*(600/298)^(1.67) -> 6.4357835e-05 | Z33: =M33*Reference!$L$9 -> 66.879433 | AA33: =Z33*0.5 -> 33.439716 | AB33: =Z33*Reference!$L$24/(60*10^3) -> 1.618209 | AC33: =AA33*Reference!$L$22/(60*1000) -> 0.97167351 | AD33: =N33*Reference!$F$10+Reference!$F$11 -> 12.885938 | AE33: =(Z33/(PI()/4*((H33/10)^2)*60)) -> 55.424645 | AF33: =AE33*2 -> 110.84929 | AG33: =AD33/(2*AE33) -> 0.11624737 | AH33: =(AE33/100)*Reference!$L$24*(H33/1000)/(Reference!$W$24) -> 26.204185 | AI33: =(AE33/100)*Reference!$L$24*(H33/1000)/(Reference!$P$26) -> 68.487703 | AJ33: =(AE33/100)*Reference!$L$24*(H33/1000)/(Reference!$P$24) -> 101.54209 | AK33: =AH33/Reference!$R$24 -> 257.32955 | AL33: =AI33/(Reference!$R$24) -> 672.5609 | AM33: =AB33/(Reference!$R$24) -> 15.891087 | AN33: =S33/H33 -> 16.570195 | AO33: =0.00002*(AO$2/293)^1.67 -> 0.00030579718 | AQ33: =AE33/AD33 -> 4.3011726 | AR33: =(1/0.0557)*(H33/1000)^2*V33*(AE33/100)/6*((AE33/100)-(AD33/100)*0.75) -> 0.003387988 | AS33: =0.75*AR33/(2*(AE33/100)-(AD33/100)) -> 0.0025938179 | AT33: =1000*(S33/1000)/(AD33/100)-(0.75*AR33/(AD33/100)^2)*LN(ABS(1+((AD33/100)*(S33/1000)/(0.75*AR33))*(1-((AD33/100)/(2*(AE33/100)))))) -> 205.65195 | AU33: =1/(AD33/100)*LN((4*AD33/100*(S33/1000+AS33)+3*AR33)/(4*AD33/100*AS33+3*AR33)) -> 6.0775497 | AV33: =1/(AD33/100)*LN((4*AD33/100*(S33/2000+AS33)+3*AR33)/(4*AD33/100*AS33+3*AR33)) -> 3.6191184 | AW33: =AU33-AV33 -> 2.4584313 | AX33: =1000*(S33/2000)/(AD33/100)-(0.75*AR33/(AD33/100)^2)*LN(ABS(1+((AD33/100)*(S33/2000)/(0.75*AR33))*(1-((AD33/100)/(2*(AE33/100)))))) -> 102.81453 | AY33: =AT33-AX33 -> 102.83742 | AZ33: =AX33/AY33 -> 0.99977744 | BD33: 26.515626 | BE33: 0.11624737 | BF33: 0.11624737 | BG33: =BF33*2 -> 0.23249474 | BH33: 26.515626 | BI33: 15.891087
A34: 167 | B34: 0.39672454 | C34: 0.39787037 | D34: 0.39777778 | F34: 50P16-4 | G34: 50 % Propylene | H34: 1.6002 | I34: 101325 | J34: =0.5*42.08+0.5*28.0134 -> 35.0467 | K34: 42.08 | L34: 0.5 | M34: 155 | N34: 34 | O34: 73 | P34: 2.69 | Q34: 250 | R34: 376 | S34: =R34*Reference!$N$60+Reference!$N$61 -> 33.412569 | T34: 31 | U34: =T34*-Reference!$N$60 -> 7.1268408 | V34: =Reference!$L$22 -> 1743.4481 | W34: 2288.3 | X34: =Reference!$W$24 -> 0.049136 | Y34: =(20*10^-6)*(600/298)^(1.67) -> 6.4357835e-05 | Z34: =M34*Reference!$L$9 -> 90.141844 | AA34: =Z34*0.5 -> 45.070922 | AB34: =Z34*Reference!$L$24/(60*10^3) -> 2.1810642 | AC34: =AA34*Reference!$L$22/(60*1000) -> 1.3096469 | AD34: =N34*Reference!$F$10+Reference!$F$11 -> 26.048953 | AE34: =(Z34/(PI()/4*((H34/10)^2)*60)) -> 74.702782 | AF34: =AE34*2 -> 149.40556 | AG34: =AD34/(2*AE34) -> 0.17435063 | AH34: =(AE34/100)*Reference!$L$24*(H34/1000)/(Reference!$W$24) -> 35.318684 | AI34: =(AE34/100)*Reference!$L$24*(H34/1000)/(Reference!$P$26) -> 92.309513 | AJ34: =(AE34/100)*Reference!$L$24*(H34/1000)/(Reference!$P$24) -> 136.86108 | AK34: =AH34/Reference!$R$24 -> 346.83548 | AL34: =AI34/(Reference!$R$24) -> 906.49512 | AM34: =AB34/(Reference!$R$24) -> 21.418422 | AN34: =S34/H34 -> 20.880246 | AO34: =0.00002*(AO$2/293)^1.67 -> 0.00030579718 | AQ34: =AE34/AD34 -> 2.8677844 | AR34: =(1/0.0557)*(H34/1000)^2*V34*(AE34/100)/6*((AE34/100)-(AD34/100)*0.75) -> 0.0055050328 | AS34: =0.75*AR34/(2*(AE34/100)-(AD34/100)) -> 0.0033470234 | AT34: =1000*(S34/1000)/(AD34/100)-(0.75*AR34/(AD34/100)^2)*LN(ABS(1+((AD34/100)*(S34/1000)/(0.75*AR34))*(1-((AD34/100)/(2*(AE34/100)))))) -> 128.20703 | AU34: =1/(AD34/100)*LN((4*AD34/100*(S34/1000+AS34)+3*AR34)/(4*AD34/100*AS34+3*AR34)) -> 3.8701796 | AV34: =1/(AD34/100)*LN((4*AD34/100*(S34/2000+AS34)+3*AR34)/(4*AD34/100*AS34+3*AR34)) -> 2.4034469 | AW34: =AU34-AV34 -> 1.4667327 | AX34: =1000*(S34/2000)/(AD34/100)-(0.75*AR34/(AD34/100)^2)*LN(ABS(1+((AD34/100)*(S34/2000)/(0.75*AR34))*(1-((AD34/100)/(2*(AE34/100)))))) -> 64.096092 | AY34: =AT34-AX34 -> 64.110939 | AZ34: =AX34/AY34 -> 0.99976842 | BD34: 33.412569 | BE34: 0.17435063 | BF34: 0.17435063 | BG34: =BF34*2 -> 0.34870125 | BH34: 33.412569 | BI34: 21.418422 | BK34: u_a/u_f | BL34: u_a/u_f | BM34: SP | BN34: mf/Zst
A35: 167 | B35: 0.40240741 | C35: 0.40393519 | D35: 0.4034838 | F35: 50P16-5 | G35: 50 % Propylene | H35: 1.6002 | I35: 101325 | J35: =0.5*42.08+0.5*28.0134 -> 35.0467 | K35: 42.08 | L35: 0.5 | M35: 207 | N35: 49 | O35: 97 | P35: 3.57 | Q35: 250 | R35: 337 | S35: =R35*Reference!$N$60+Reference!$N$61 -> 42.378595 | T35: 27 | U35: =T35*-Reference!$N$60 -> 6.2072485 | V35: =Reference!$L$22 -> 1743.4481 | W35: 2288.3 | X35: =Reference!$W$24 -> 0.049136 | Y35: =(20*10^-6)*(600/298)^(1.67) -> 6.4357835e-05 | Z35: =M35*Reference!$L$9 -> 120.38298 | AA35: =Z35*0.5 -> 60.191489 | AB35: =Z35*Reference!$L$24/(60*10^3) -> 2.9127761 | AC35: =AA35*Reference!$L$22/(60*1000) -> 1.7490123 | AD35: =N35*Reference!$F$10+Reference!$F$11 -> 40.152184 | AE35: =(Z35/(PI()/4*((H35/10)^2)*60)) -> 99.76436 | AF35: =AE35*2 -> 199.52872 | AG35: =AD35/(2*AE35) -> 0.20123511 | AH35: =(AE35/100)*Reference!$L$24*(H35/1000)/(Reference!$W$24) -> 47.167533 | AI35: =(AE35/100)*Reference!$L$24*(H35/1000)/(Reference!$P$26) -> 123.27787 | AJ35: =(AE35/100)*Reference!$L$24*(H35/1000)/(Reference!$P$24) -> 182.77576 | AK35: =AH35/Reference!$R$24 -> 463.19319 | AL35: =AI35/(Reference!$R$24) -> 1210.6096 | AM35: =AB35/(Reference!$R$24) -> 28.603957 | AN35: =S35/H35 -> 26.483311 | AO35: =0.00002*(AO$2/293)^1.67 -> 0.00030579718 | AQ35: =AE35/AD35 -> 2.4846559 | AR35: =(1/0.0557)*(H35/1000)^2*V35*(AE35/100)/6*((AE35/100)-(AD35/100)*0.75) -> 0.0092821598 | AS35: =0.75*AR35/(2*(AE35/100)-(AD35/100)) -> 0.0043680331 | AT35: =1000*(S35/1000)/(AD35/100)-(0.75*AR35/(AD35/100)^2)*LN(ABS(1+((AD35/100)*(S35/1000)/(0.75*AR35))*(1-((AD35/100)/(2*(AE35/100)))))) -> 105.49818 | AU35: =1/(AD35/100)*LN((4*AD35/100*(S35/1000+AS35)+3*AR35)/(4*AD35/100*AS35+3*AR35)) -> 2.696271 | AV35: =1/(AD35/100)*LN((4*AD35/100*(S35/2000+AS35)+3*AR35)/(4*AD35/100*AS35+3*AR35)) -> 1.6964726 | AW35: =AU35-AV35 -> 0.99979839 | AX35: =1000*(S35/2000)/(AD35/100)-(0.75*AR35/(AD35/100)^2)*LN(ABS(1+((AD35/100)*(S35/2000)/(0.75*AR35))*(1-((AD35/100)/(2*(AE35/100)))))) -> 52.743051 | AY35: =AT35-AX35 -> 52.75513 | AZ35: =AX35/AY35 -> 0.99977104 | BD35: 42.378595 | BE35: 0.20123511 | BF35: 0.20123511 | BG35: =BF35*2 -> 0.40247022 | BH35: 42.378595 | BI35: 28.603957 | BK35: 0.011970634 | BL35: =BK35*2 -> 0.023941268 | BM35: 105.22076 | BN35: 61.099703
A36: 167 | B36: 0.40615741 | C36: 0.40743056 | D36: 0.40666667 | F36: 50P16-6 | G36: 50 % Propylene | H36: 1.6002 | I36: 101325 | J36: =0.5*42.08+0.5*28.0134 -> 35.0467 | K36: 42.08 | L36: 0.5 | M36: 234 | N36: 58 | O36: 110 | P36: 3.77 | Q36: 250 | R36: 306 | S36: =R36*Reference!$N$60+Reference!$N$61 -> 49.505436 | T36: 26 | U36: =T36*-Reference!$N$60 -> 5.9773504 | V36: =Reference!$L$22 -> 1743.4481 | W36: 2288.3 | X36: =Reference!$W$24 -> 0.049136 | Y36: =(20*10^-6)*(600/298)^(1.67) -> 6.4357835e-05 | Z36: =M36*Reference!$L$9 -> 136.08511 | AA36: =Z36*0.5 -> 68.042553 | AB36: =Z36*Reference!$L$24/(60*10^3) -> 3.2927034 | AC36: =AA36*Reference!$L$22/(60*1000) -> 1.9771444 | AD36: =N36*Reference!$F$10+Reference!$F$11 -> 48.614123 | AE36: =(Z36/(PI()/4*((H36/10)^2)*60)) -> 112.7771 | AF36: =AE36*2 -> 225.55421 | AG36: =AD36/(2*AE36) -> 0.21553188 | AH36: =(AE36/100)*Reference!$L$24*(H36/1000)/(Reference!$W$24) -> 53.319819 | AI36: =(AE36/100)*Reference!$L$24*(H36/1000)/(Reference!$P$26) -> 139.35759 | AJ36: =(AE36/100)*Reference!$L$24*(H36/1000)/(Reference!$P$24) -> 206.61607 | AK36: =AH36/Reference!$R$24 -> 523.6097 | AL36: =AI36/(Reference!$R$24) -> 1368.5152 | AM36: =AB36/(Reference!$R$24) -> 32.334908 | AN36: =S36/H36 -> 30.93703 | AO36: =0.00002*(AO$2/293)^1.67 -> 0.00030579718 | AQ36: =AE36/AD36 -> 2.3198424 | AR36: =(1/0.0557)*(H36/1000)^2*V36*(AE36/100)/6*((AE36/100)-(AD36/100)*0.75) -> 0.011497159 | AS36: =0.75*AR36/(2*(AE36/100)-(AD36/100)) -> 0.0048733274 | AT36: =1000*(S36/1000)/(AD36/100)-(0.75*AR36/(AD36/100)^2)*LN(ABS(1+((AD36/100)*(S36/1000)/(0.75*AR36))*(1-((AD36/100)/(2*(AE36/100)))))) -> 101.79113 | AU36: =1/(AD36/100)*LN((4*AD36/100*(S36/1000+AS36)+3*AR36)/(4*AD36/100*AS36+3*AR36)) -> 2.3858385 | AV36: =1/(AD36/100)*LN((4*AD36/100*(S36/2000+AS36)+3*AR36)/(4*AD36/100*AS36+3*AR36)) -> 1.5210124 | AW36: =AU36-AV36 -> 0.86482613 | AX36: =1000*(S36/2000)/(AD36/100)-(0.75*AR36/(AD36/100)^2)*LN(ABS(1+((AD36/100)*(S36/2000)/(0.75*AR36))*(1-((AD36/100)/(2*(AE36/100)))))) -> 50.889743 | AY36: =AT36-AX36 -> 50.901382 | AZ36: =AX36/AY36 -> 0.99977134 | BD36: 49.505436 | BE36: 0.21553188 | BF36: 0.21553188 | BG36: =BF36*2 -> 0.43106377 | BH36: 49.505436 | BI36: 32.334908 | BK36: 0.018835852 | BL36: =BK36*2 -> 0.037671705 | BM36: 53.283645 | BN36: 25.422777
A37: 055 | B37: 0.37240741 | C37: 0.37398148 | D37: 0.3725463 | E37: 55B | F37: 50P16-7 | G37: 50 % Propylene | H37: 1.6002 | I37: 101325 | J37: =0.5*42.08+0.5*28.0134 -> 35.0467 | K37: 42.08 | L37: 0.5 | M37: 103 | N37: 18 | O37: 56 | P37: 0.49 | Q37: 250 | R37: 423 | S37: =R37*Reference!$J$42+Reference!$F$43 -> 22.121202 | T37: 23 | U37: =T37*-Reference!$J$42 -> 5.3053908 | V37: =Reference!$L$22 -> 1743.4481 | W37: 2288.3 | X37: =Reference!$W$24 -> 0.049136 | Y37: =(20*10^-6)*(600/298)^(1.67) -> 6.4357835e-05 | Z37: =M37*Reference!$L$9 -> 59.900709 | AA37: =Z37*0.5 -> 29.950355 | AB37: =Z37*Reference!$L$24/(60*10^3) -> 1.4493524 | AC37: =AA37*Reference!$L$22/(60*1000) -> 0.87028149 | AD37: =N37*Reference!$F$10+Reference!$F$11 -> 11.005507 | AE37: =(Z37/(PI()/4*((H37/10)^2)*60)) -> 49.641203 | AF37: =AE37*2 -> 99.282407 | AG37: =AD37/(2*AE37) -> 0.11085053 | AH37: =(AE37/100)*Reference!$L$24*(H37/1000)/(Reference!$W$24) -> 23.469835 | AI37: =(AE37/100)*Reference!$L$24*(H37/1000)/(Reference!$P$26) -> 61.34116 | AJ37: =(AE37/100)*Reference!$L$24*(H37/1000)/(Reference!$P$24) -> 90.946392 | AK37: =AH37/Reference!$R$24 -> 230.47777 | AL37: =AI37/(Reference!$R$24) -> 602.38063 | AM37: =AB37/(Reference!$R$24) -> 14.232887 | AN37: =S37/H37 -> 13.824023 | AO37: =0.00002*(AO$2/293)^1.67 -> 0.00030579718 | AQ37: =AE37/AD37 -> 4.5105784 | AR37: =(1/0.0557)*(H37/1000)^2*V37*(AE37/100)/6*((AE37/100)-(AD37/100)*0.75) -> 0.0027444677 | AS37: =0.75*AR37/(2*(AE37/100)-(AD37/100)) -> 0.0023316981 | AT37: =1000*(S37/1000)/(AD37/100)-(0.75*AR37/(AD37/100)^2)*LN(ABS(1+((AD37/100)*(S37/1000)/(0.75*AR37))*(1-((AD37/100)/(2*(AE37/100)))))) -> 200.87908 | AU37: =1/(AD37/100)*LN((4*AD37/100*(S37/1000+AS37)+3*AR37)/(4*AD37/100*AS37+3*AR37)) -> 6.5298928 | AV37: =1/(AD37/100)*LN((4*AD37/100*(S37/2000+AS37)+3*AR37)/(4*AD37/100*AS37+3*AR37)) -> 3.8393286 | AW37: =AU37-AV37 -> 2.6905642 | AX37: =1000*(S37/2000)/(AD37/100)-(0.75*AR37/(AD37/100)^2)*LN(ABS(1+((AD37/100)*(S37/2000)/(0.75*AR37))*(1-((AD37/100)/(2*(AE37/100)))))) -> 100.4288 | AY37: =AT37-AX37 -> 100.45028 | AZ37: =AX37/AY37 -> 0.99978611 | BD37: 22.121202 | BE37: 0.11085053 | BF37: 0.11085053 | BG37: =BF37*2 -> 0.22170106 | BH37: 22.121202 | BI37: 14.232887 | BK37: 0.012403091 | BL37: =BK37*2 -> 0.024806183 | BM37: 46.960231 | BN37: 21.123337
A38: 058 | B38: 0.41340278 | C38: 0.41423611 | D38: 0.41356481 | E38: 78C | F38: P16-1 | G38: Propylene | H38: 1.6002 | I38: 101325 | J38: 42.08 | K38: 42.08 | L38: 1 | M38: 84 | N38: 61 | O38: 139 | P38: 2.08 | Q38: 250 | R38: 414 | S38: =R38*Reference!$N$42+Reference!$N$43 -> 25.731628 | T38: 20 | U38: =T38*-Reference!$N$42 -> 4.5167241 | V38: =Reference!$L$22 -> 1743.4481 | W38: 2331.98 | X38: =Reference!$W$22 -> 0.04966 | Y38: =(20*10^-6)*(600/298)^(1.67) -> 6.4357835e-05 | Z38: =M38*Reference!$L$7 -> 34.44 | AA38: =Z38 -> 34.44 | AB38: =Z38*Reference!$L$22/(60*10^3) -> 1.0007392 | AC38: =AB38 -> 1.0007392 | AD38: =N38*Reference!$F$10+Reference!$F$11 -> 51.434769 | AE38: =(Z38/(PI()/4*((H38/10)^2)*60)) -> 28.541282 | AF38: =AE38*2 -> 57.082564 | AG38: =AD38/(2*AE38) -> 0.90105918 | AH38: =(AE38/100)*Reference!$L$22*(H38/1000)/(Reference!$W$22) -> 16.034302 | AI38: =(AE38/100)*Reference!$L$22*(H38/1000)/(Reference!$P$26) -> 42.354438 | AJ38: =(AE38/100)*Reference!$L$22*(H38/1000)/(Reference!$P$22) -> 92.718828 | AK38: =AH38/Reference!$R$22 -> 251.5895 | AL38: =AI38/(Reference!$R$22) -> 664.57098 | AM38: =AB38/(Reference!$R$22) -> 15.702304 | AN38: =S38/H38 -> 16.080257 | AO38: =0.00002*(AO$2/293)^1.67 -> 0.00030579718 | AQ38: =AE38/AD38 -> 0.55490251 | AR38: =(1/0.0557)*(H38/1000)^2*V38*(AE38/100)/6*((AE38/100)-(AD38/100)*0.75) -> -0.00038258953 | AS38: =0.75*AR38/(2*(AE38/100)-(AD38/100)) -> -0.0050806044 | AT38: =1000*(S38/1000)/(AD38/100)-(0.75*AR38/(AD38/100)^2)*LN(ABS(1+((AD38/100)*(S38/1000)/(0.75*AR38))*(1-((AD38/100)/(2*(AE38/100)))))) -> 50.02907 | AU38: =1/(AD38/100)*LN((4*AD38/100*(S38/1000+AS38)+3*AR38)/(4*AD38/100*AS38+3*AR38)) -> #NUM! | AV38: =1/(AD38/100)*LN((4*AD38/100*(S38/2000+AS38)+3*AR38)/(4*AD38/100*AS38+3*AR38)) -> #NUM! | AW38: =AU38-AV38 -> #NUM! | AX38: =1000*(S38/2000)/(AD38/100)-(0.75*AR38/(AD38/100)^2)*LN(ABS(1+((AD38/100)*(S38/2000)/(0.75*AR38))*(1-((AD38/100)/(2*(AE38/100)))))) -> 25.014115 | AY38: =AT38-AX38 -> 25.014955 | AZ38: =AX38/AY38 -> 0.99996643 | BD38: 25.731628 | BE38: 0.90105918 | BF38: 0.90105918 | BG38: =BF38*2 -> 1.8021184 | BH38: 25.731628 | BI38: 15.702304 | BK38: 0.0065885986 | BL38: =BK38*2 -> 0.013177197 | BM38: 59.185917 | BN38: 27.105167
A39: 058 | B39: 0.40769676 | C39: 0.40846065 | D39: 0.40797454 | E39: 77 | F39: P16-2 | G39: Propylene | H39: 1.6002 | I39: 101325 | J39: 42.08 | K39: 42.08 | L39: 1 | M39: 61 | N39: 42 | O39: 105 | P39: 1.3 | Q39: 250 | R39: 441 | S39: =R39*Reference!$N$42+Reference!$N$43 -> 19.63405 | T39: 24 | U39: =T39*-Reference!$N$42 -> 5.4200689 | V39: =Reference!$L$22 -> 1743.4481 | W39: 2331.98 | X39: =Reference!$W$22 -> 0.04966 | Y39: =(20*10^-6)*(600/298)^(1.67) -> 6.4357835e-05 | Z39: =M39*Reference!$L$7 -> 25.01 | AA39: =Z39 -> 25.01 | AB39: =Z39*Reference!$L$22/(60*10^3) -> 0.72672729 | AC39: =AB39 -> 0.72672729 | AD39: =N39*Reference!$F$10+Reference!$F$11 -> 33.570677 | AE39: =(Z39/(PI()/4*((H39/10)^2)*60)) -> 20.726407 | AF39: =AE39*2 -> 41.452815 | AG39: =AD39/(2*AE39) -> 0.80985277 | AH39: =(AE39/100)*Reference!$L$22*(H39/1000)/(Reference!$W$22) -> 11.643957 | AI39: =(AE39/100)*Reference!$L$22*(H39/1000)/(Reference!$P$26) -> 30.757389 | AJ39: =(AE39/100)*Reference!$L$22*(H39/1000)/(Reference!$P$22) -> 67.33153 | AK39: =AH39/Reference!$R$22 -> 182.7019 | AL39: =AI39/(Reference!$R$22) -> 482.60512 | AM39: =AB39/(Reference!$R$22) -> 11.402863 | AN39: =S39/H39 -> 12.269748 | AO39: =0.00002*(AO$2/293)^1.67 -> 0.00030579718 | AQ39: =AE39/AD39 -> 0.61739617 | AR39: =(1/0.0557)*(H39/1000)^2*V39*(AE39/100)/6*((AE39/100)-(AD39/100)*0.75) -> -0.00012325124 | AS39: =0.75*AR39/(2*(AE39/100)-(AD39/100)) -> -0.0011727583 | AT39: =1000*(S39/1000)/(AD39/100)-(0.75*AR39/(AD39/100)^2)*LN(ABS(1+((AD39/100)*(S39/1000)/(0.75*AR39))*(1-((AD39/100)/(2*(AE39/100)))))) -> 58.48779 | AU39: =1/(AD39/100)*LN((4*AD39/100*(S39/1000+AS39)+3*AR39)/(4*AD39/100*AS39+3*AR39)) -> #NUM! | AV39: =1/(AD39/100)*LN((4*AD39/100*(S39/2000+AS39)+3*AR39)/(4*AD39/100*AS39+3*AR39)) -> #NUM! | AW39: =AU39-AV39 -> #NUM! | AX39: =1000*(S39/2000)/(AD39/100)-(0.75*AR39/(AD39/100)^2)*LN(ABS(1+((AD39/100)*(S39/2000)/(0.75*AR39))*(1-((AD39/100)/(2*(AE39/100)))))) -> 29.244296 | AY39: =AT39-AX39 -> 29.243494 | AZ39: =AX39/AY39 -> 1.0000274 | BD39: 19.63405 | BE39: 0.80985277 | BF39: 0.80985277 | BG39: =BF39*2 -> 1.6197055 | BH39: 19.63405 | BI39: 11.402863 | BK39: 0.0055341768 | BL39: =BK39*2 -> 0.011068354 | BM39: 37.700947 | BN39: 17.197761
A40: 058 | B40: 0.40575231 | C40: 0.4066088 | D40: 0.40603009 | E40: 75 | F40: P16-3 | G40: Propylene | H40: 1.6002 | I40: 101325 | J40: 42.08 | K40: 42.08 | L40: 1 | M40: 46 | N40: 30 | O40: 81 | P40: 1.24 | Q40: 250 | R40: 458 | S40: =R40*Reference!$N$42+Reference!$N$43 -> 15.794835 | T40: 26 | U40: =T40*-Reference!$N$42 -> 5.8717414 | V40: =Reference!$L$22 -> 1743.4481 | W40: 2331.98 | X40: =Reference!$W$22 -> 0.04966 | Y40: =(20*10^-6)*(600/298)^(1.67) -> 6.4357835e-05 | Z40: =M40*Reference!$L$7 -> 18.86 | AA40: =Z40 -> 18.86 | AB40: =Z40*Reference!$L$22/(60*10^3) -> 0.54802386 | AC40: =AB40 -> 0.54802386 | AD40: =N40*Reference!$F$10+Reference!$F$11 -> 22.288092 | AE40: =(Z40/(PI()/4*((H40/10)^2)*60)) -> 15.62975 | AF40: =AE40*2 -> 31.259499 | AG40: =AD40/(2*AE40) -> 0.7130022 | AH40: =(AE40/100)*Reference!$L$22*(H40/1000)/(Reference!$W$22) -> 8.7806891 | AI40: =(AE40/100)*Reference!$L$22*(H40/1000)/(Reference!$P$26) -> 23.194097 | AJ40: =(AE40/100)*Reference!$L$22*(H40/1000)/(Reference!$P$22) -> 50.774596 | AK40: =AH40/Reference!$R$22 -> 137.7752 | AL40: =AI40/(Reference!$R$22) -> 363.93173 | AM40: =AB40/(Reference!$R$22) -> 8.5988806 | AN40: =S40/H40 -> 9.8705378 | AO40: =0.00002*(AO$2/293)^1.67 -> 0.00030579718 | AQ40: =AE40/AD40 -> 0.70126011 | AR40: =(1/0.0557)*(H40/1000)^2*V40*(AE40/100)/6*((AE40/100)-(AD40/100)*0.75) -> -2.2680916e-05 | AS40: =0.75*AR40/(2*(AE40/100)-(AD40/100)) -> -0.00018961002 | AT40: =1000*(S40/1000)/(AD40/100)-(0.75*AR40/(AD40/100)^2)*LN(ABS(1+((AD40/100)*(S40/1000)/(0.75*AR40))*(1-((AD40/100)/(2*(AE40/100)))))) -> 70.86809 | AU40: =1/(AD40/100)*LN((4*AD40/100*(S40/1000+AS40)+3*AR40)/(4*AD40/100*AS40+3*AR40)) -> #NUM! | AV40: =1/(AD40/100)*LN((4*AD40/100*(S40/2000+AS40)+3*AR40)/(4*AD40/100*AS40+3*AR40)) -> #NUM! | AW40: =AU40-AV40 -> #NUM! | AX40: =1000*(S40/2000)/(AD40/100)-(0.75*AR40/(AD40/100)^2)*LN(ABS(1+((AD40/100)*(S40/2000)/(0.75*AR40))*(1-((AD40/100)/(2*(AE40/100)))))) -> 35.434498 | AY40: =AT40-AX40 -> 35.433592 | AZ40: =AX40/AY40 -> 1.0000256 | BD40: 15.794835 | BE40: 0.7130022 | BF40: 0.7130022 | BG40: =BF40*2 -> 1.4260044 | BH40: 15.794835 | BI40: 8.5988806
A41: 058 | B41: 0.4012963 | C41: 0.40202546 | D41: 0.40146991 | E41: 73 | F41: P16-4 | G41: Propylene | H41: 1.6002 | I41: 101325 | J41: 42.08 | K41: 42.08 | L41: 1 | M41: 37 | N41: 16 | O41: 55 | P41: 1 | Q41: 250 | R41: 466 | S41: =R41*Reference!$N$42+Reference!$N$43 -> 13.988145 | T41: 27 | U41: =T41*-Reference!$N$42 -> 6.0975776 | V41: =Reference!$L$22 -> 1743.4481 | W41: 2331.98 | X41: =Reference!$W$22 -> 0.04966 | Y41: =(20*10^-6)*(600/298)^(1.67) -> 6.4357835e-05 | Z41: =M41*Reference!$L$7 -> 15.17 | AA41: =Z41 -> 15.17 | AB41: =Z41*Reference!$L$22/(60*10^3) -> 0.4408018 | AC41: =AB41 -> 0.4408018 | AD41: =N41*Reference!$F$10+Reference!$F$11 -> 9.1250766 | AE41: =(Z41/(PI()/4*((H41/10)^2)*60)) -> 12.571755 | AF41: =AE41*2 -> 25.14351 | AG41: =AD41/(2*AE41) -> 0.36291975 | AH41: =(AE41/100)*Reference!$L$22*(H41/1000)/(Reference!$W$22) -> 7.0627282 | AI41: =(AE41/100)*Reference!$L$22*(H41/1000)/(Reference!$P$26) -> 18.656121 | AJ41: =(AE41/100)*Reference!$L$22*(H41/1000)/(Reference!$P$22) -> 40.840436 | AK41: =AH41/Reference!$R$22 -> 110.81918 | AL41: =AI41/(Reference!$R$22) -> 292.7277 | AM41: =AB41/(Reference!$R$22) -> 6.9164909 | AN41: =S41/H41 -> 8.7414979 | AO41: =0.00002*(AO$2/293)^1.67 -> 0.00030579718 | AQ41: =AE41/AD41 -> 1.377715 | AR41: =(1/0.0557)*(H41/1000)^2*V41*(AE41/100)/6*((AE41/100)-(AD41/100)*0.75) -> 9.6193579e-05 | AS41: =0.75*AR41/(2*(AE41/100)-(AD41/100)) -> 0.0004503885 | AT41: =1000*(S41/1000)/(AD41/100)-(0.75*AR41/(AD41/100)^2)*LN(ABS(1+((AD41/100)*(S41/1000)/(0.75*AR41))*(1-((AD41/100)/(2*(AE41/100)))))) -> 153.27173 | AU41: =1/(AD41/100)*LN((4*AD41/100*(S41/1000+AS41)+3*AR41)/(4*AD41/100*AS41+3*AR41)) -> 27.476845 | AV41: =1/(AD41/100)*LN((4*AD41/100*(S41/2000+AS41)+3*AR41)/(4*AD41/100*AS41+3*AR41)) -> 20.739279 | AW41: =AU41-AV41 -> 6.7375662 | AX41: =1000*(S41/2000)/(AD41/100)-(0.75*AR41/(AD41/100)^2)*LN(ABS(1+((AD41/100)*(S41/2000)/(0.75*AR41))*(1-((AD41/100)/(2*(AE41/100)))))) -> 76.63033 | AY41: =AT41-AX41 -> 76.6414 | AZ41: =AX41/AY41 -> 0.99985556 | BD41: 13.988145 | BE41: 0.36291975 | BF41: 0.36291975 | BG41: =BF41*2 -> 0.7258395 | BH41: 13.988145 | BI41: 6.9164909
A42: 174 | B42: 0.44820602 | C42: 0.44905093 | D42: 0.44883102 | F42: P16-5 | G42: Propylene | H42: 1.6002 | I42: 101325 | J42: 42.08 | K42: 42.08 | L42: 1 | M42: 48 | N42: 28 | O42: 72 | P42: 1.44 | Q42: 250 | R42: 452 | S42: =R42*Reference!$F$78+Reference!$F$79 -> 15.48678 | T42: 37 | U42: =T42*-Reference!$F$78 -> 8.509832 | V42: =Reference!$L$22 -> 1743.4481 | W42: 2331.98 | X42: =Reference!$W$22 -> 0.04966 | Y42: =(20*10^-6)*(600/298)^(1.67) -> 6.4357835e-05 | Z42: =M42*Reference!$L$7 -> 19.68 | AA42: =Z42 -> 19.68 | AB42: =Z42*Reference!$L$22/(60*10^3) -> 0.57185098 | AC42: =AB42 -> 0.57185098 | AD42: =N42*Reference!$F$10+Reference!$F$11 -> 20.407661 | AE42: =(Z42/(PI()/4*((H42/10)^2)*60)) -> 16.309304 | AF42: =AE42*2 -> 32.618608 | AG42: =AD42/(2*AE42) -> 0.62564476 | AH42: =(AE42/100)*Reference!$L$22*(H42/1000)/(Reference!$W$22) -> 9.1624582 | AI42: =(AE42/100)*Reference!$L$22*(H42/1000)/(Reference!$P$26) -> 24.202536 | AJ42: =(AE42/100)*Reference!$L$22*(H42/1000)/(Reference!$P$22) -> 52.982188 | AK42: =AH42/Reference!$R$22 -> 143.76543 | AL42: =AI42/(Reference!$R$22) -> 379.75485 | AM42: =AB42/(Reference!$R$22) -> 8.972745 | AN42: =S42/H42 -> 9.6780277 | AO42: =0.00002*(AO$2/293)^1.67 -> 0.00030579718 | AQ42: =AE42/AD42 -> 0.79917556 | AR42: =(1/0.0557)*(H42/1000)^2*V42*(AE42/100)/6*((AE42/100)-(AD42/100)*0.75) -> 2.1863974e-05 | AS42: =0.75*AR42/(2*(AE42/100)-(AD42/100)) -> 0.00013428918 | AT42: =1000*(S42/1000)/(AD42/100)-(0.75*AR42/(AD42/100)^2)*LN(ABS(1+((AD42/100)*(S42/1000)/(0.75*AR42))*(1-((AD42/100)/(2*(AE42/100)))))) -> 75.885398 | AU42: =1/(AD42/100)*LN((4*AD42/100*(S42/1000+AS42)+3*AR42)/(4*AD42/100*AS42+3*AR42)) -> 21.033956 | AV42: =1/(AD42/100)*LN((4*AD42/100*(S42/2000+AS42)+3*AR42)/(4*AD42/100*AS42+3*AR42)) -> 17.703983 | AW42: =AU42-AV42 -> 3.3299729 | AX42: =1000*(S42/2000)/(AD42/100)-(0.75*AR42/(AD42/100)^2)*LN(ABS(1+((AD42/100)*(S42/2000)/(0.75*AR42))*(1-((AD42/100)/(2*(AE42/100)))))) -> 37.942122 | AY42: =AT42-AX42 -> 37.943277 | AZ42: =AX42/AY42 -> 0.99996956 | BD42: 15.48678 | BE42: 0.62564476 | BF42: 0.62564476 | BG42: =BF42*2 -> 1.2512895 | BH42: 15.48678 | BI42: 8.972745
A43: 174 | B43: 0.4503588 | C43: 0.45084491 | D43: 0.45069444 | F43: P16-6 | G43: Propylene | H43: 1.6002 | I43: 101325 | J43: 42.08 | K43: 42.08 | L43: 1 | M43: 33 | N43: 17 | O43: 56 | P43: 1.16 | Q43: 250 | R43: 461 | S43: =R43*Reference!$F$78+Reference!$F$79 -> 13.416821 | T43: 35 | U43: =T43*-Reference!$F$78 -> 8.0498411 | V43: =Reference!$L$22 -> 1743.4481 | W43: 2331.98 | X43: =Reference!$W$22 -> 0.04966 | Y43: =(20*10^-6)*(600/298)^(1.67) -> 6.4357835e-05 | Z43: =M43*Reference!$L$7 -> 13.53 | AA43: =Z43 -> 13.53 | AB43: =Z43*Reference!$L$22/(60*10^3) -> 0.39314755 | AC43: =AB43 -> 0.39314755 | AD43: =N43*Reference!$F$10+Reference!$F$11 -> 10.065292 | AE43: =(Z43/(PI()/4*((H43/10)^2)*60)) -> 11.212647 | AF43: =AE43*2 -> 22.425293 | AG43: =AD43/(2*AE43) -> 0.44883658 | AH43: =(AE43/100)*Reference!$L$22*(H43/1000)/(Reference!$W$22) -> 6.29919 | AI43: =(AE43/100)*Reference!$L$22*(H43/1000)/(Reference!$P$26) -> 16.639243 | AJ43: =(AE43/100)*Reference!$L$22*(H43/1000)/(Reference!$P$22) -> 36.425254 | AK43: =AH43/Reference!$R$22 -> 98.838732 | AL43: =AI43/(Reference!$R$22) -> 261.08146 | AM43: =AB43/(Reference!$R$22) -> 6.1687622 | AN43: =S43/H43 -> 8.3844649 | AO43: =0.00002*(AO$2/293)^1.67 -> 0.00030579718 | AQ43: =AE43/AD43 -> 1.1139912 | AR43: =(1/0.0557)*(H43/1000)^2*V43*(AE43/100)/6*((AE43/100)-(AD43/100)*0.75) -> 5.4875248e-05 | AS43: =0.75*AR43/(2*(AE43/100)-(AD43/100)) -> 0.00033298084 | AT43: =1000*(S43/1000)/(AD43/100)-(0.75*AR43/(AD43/100)^2)*LN(ABS(1+((AD43/100)*(S43/1000)/(0.75*AR43))*(1-((AD43/100)/(2*(AE43/100)))))) -> 133.2859 | AU43: =1/(AD43/100)*LN((4*AD43/100*(S43/1000+AS43)+3*AR43)/(4*AD43/100*AS43+3*AR43)) -> 29.297739 | AV43: =1/(AD43/100)*LN((4*AD43/100*(S43/2000+AS43)+3*AR43)/(4*AD43/100*AS43+3*AR43)) -> 22.918623 | AW43: =AU43-AV43 -> 6.3791156 | AX43: =1000*(S43/2000)/(AD43/100)-(0.75*AR43/(AD43/100)^2)*LN(ABS(1+((AD43/100)*(S43/2000)/(0.75*AR43))*(1-((AD43/100)/(2*(AE43/100)))))) -> 66.639569 | AY43: =AT43-AX43 -> 66.646332 | AZ43: =AX43/AY43 -> 0.99989853 | BD43: 13.416821 | BE43: 0.44883658 | BF43: 0.44883658 | BG43: =BF43*2 -> 0.89767317 | BH43: 13.416821 | BI43: 6.1687622
A44: 174 | B44: 0.4616088 | C44: 0.42037037 | D44: 0.46225694 | F44: P16-7 | G44: Propylene | H44: 1.6002 | I44: 101325 | J44: 42.08 | K44: 42.08 | L44: 1 | M44: 60 | N44: 38 | O44: 88 | P44: 1.5 | Q44: 250 | R44: 443 | S44: =R44*Reference!$F$78+Reference!$F$79 -> 17.556739 | T44: 35 | U44: =T44*-Reference!$F$78 -> 8.0498411 | V44: =Reference!$L$22 -> 1743.4481 | W44: 2331.98 | X44: =Reference!$W$22 -> 0.04966 | Y44: =(20*10^-6)*(600/298)^(1.67) -> 6.4357835e-05 | Z44: =M44*Reference!$L$7 -> 24.6 | AA44: =Z44 -> 24.6 | AB44: =Z44*Reference!$L$22/(60*10^3) -> 0.71481373 | AC44: =AB44 -> 0.71481373 | AD44: =N44*Reference!$F$10+Reference!$F$11 -> 29.809815 | AE44: =(Z44/(PI()/4*((H44/10)^2)*60)) -> 20.38663 | AF44: =AE44*2 -> 40.77326 | AG44: =AD44/(2*AE44) -> 0.73111188 | AH44: =(AE44/100)*Reference!$L$22*(H44/1000)/(Reference!$W$22) -> 11.453073 | AI44: =(AE44/100)*Reference!$L$22*(H44/1000)/(Reference!$P$26) -> 30.25317 | AJ44: =(AE44/100)*Reference!$L$22*(H44/1000)/(Reference!$P$22) -> 66.227735 | AK44: =AH44/Reference!$R$22 -> 179.70678 | AL44: =AI44/(Reference!$R$22) -> 474.69356 | AM44: =AB44/(Reference!$R$22) -> 11.215931 | AN44: =S44/H44 -> 10.97159 | AO44: =0.00002*(AO$2/293)^1.67 -> 0.00030579718 | AQ44: =AE44/AD44 -> 0.68388986 | AR44: =(1/0.0557)*(H44/1000)^2*V44*(AE44/100)/6*((AE44/100)-(AD44/100)*0.75) -> -5.3669054e-05 | AS44: =0.75*AR44/(2*(AE44/100)-(AD44/100)) -> -0.00036714545 | AT44: =1000*(S44/1000)/(AD44/100)-(0.75*AR44/(AD44/100)^2)*LN(ABS(1+((AD44/100)*(S44/1000)/(0.75*AR44))*(1-((AD44/100)/(2*(AE44/100)))))) -> 58.89743 | AU44: =1/(AD44/100)*LN((4*AD44/100*(S44/1000+AS44)+3*AR44)/(4*AD44/100*AS44+3*AR44)) -> #NUM! | AV44: =1/(AD44/100)*LN((4*AD44/100*(S44/2000+AS44)+3*AR44)/(4*AD44/100*AS44+3*AR44)) -> #NUM! | AW44: =AU44-AV44 -> #NUM! | AX44: =1000*(S44/2000)/(AD44/100)-(0.75*AR44/(AD44/100)^2)*LN(ABS(1+((AD44/100)*(S44/2000)/(0.75*AR44))*(1-((AD44/100)/(2*(AE44/100)))))) -> 29.449186 | AY44: =AT44-AX44 -> 29.448244 | AZ44: =AX44/AY44 -> 1.000032 | BD44: 17.556739 | BE44: 0.73111188 | BF44: 0.73111188 | BG44: =BF44*2 -> 1.4622238 | BH44: 17.556739 | BI44: 11.215931
A45: 174 | B45: 0.46755787 | C45: 0.46883102 | D45: 0.46813657 | F45: P16-8 | G45: Propylene | H45: 1.6002 | I45: 101325 | J45: 42.08 | K45: 42.08 | L45: 1 | M45: 98 | N45: 67 | O45: 139 | P45: 2.4 | Q45: 250 | R45: 404 | S45: =R45*Reference!$F$78+Reference!$F$79 -> 26.526562 | T45: 30 | U45: =T45*-Reference!$F$78 -> 6.8998638 | V45: =Reference!$L$22 -> 1743.4481 | W45: 2331.98 | X45: =Reference!$W$22 -> 0.04966 | Y45: =(20*10^-6)*(600/298)^(1.67) -> 6.4357835e-05 | Z45: =M45*Reference!$L$7 -> 40.18 | AA45: =Z45 -> 40.18 | AB45: =Z45*Reference!$L$22/(60*10^3) -> 1.1675291 | AC45: =AB45 -> 1.1675291 | AD45: =N45*Reference!$F$10+Reference!$F$11 -> 57.076061 | AE45: =(Z45/(PI()/4*((H45/10)^2)*60)) -> 33.298163 | AF45: =AE45*2 -> 66.596325 | AG45: =AD45/(2*AE45) -> 0.85704521 | AH45: =(AE45/100)*Reference!$L$22*(H45/1000)/(Reference!$W$22) -> 18.706686 | AI45: =(AE45/100)*Reference!$L$22*(H45/1000)/(Reference!$P$26) -> 49.413511 | AJ45: =(AE45/100)*Reference!$L$22*(H45/1000)/(Reference!$P$22) -> 108.17197 | AK45: =AH45/Reference!$R$22 -> 293.52108 | AL45: =AI45/(Reference!$R$22) -> 775.33281 | AM45: =AB45/(Reference!$R$22) -> 18.319354 | AN45: =S45/H45 -> 16.577029 | AO45: =0.00002*(AO$2/293)^1.67 -> 0.00030579718 | AQ45: =AE45/AD45 -> 0.5833998 | AR45: =(1/0.0557)*(H45/1000)^2*V45*(AE45/100)/6*((AE45/100)-(AD45/100)*0.75) -> -0.00042296156 | AS45: =0.75*AR45/(2*(AE45/100)-(AD45/100)) -> -0.0033320628 | AT45: =1000*(S45/1000)/(AD45/100)-(0.75*AR45/(AD45/100)^2)*LN(ABS(1+((AD45/100)*(S45/1000)/(0.75*AR45))*(1-((AD45/100)/(2*(AE45/100)))))) -> 46.477526 | AU45: =1/(AD45/100)*LN((4*AD45/100*(S45/1000+AS45)+3*AR45)/(4*AD45/100*AS45+3*AR45)) -> #NUM! | AV45: =1/(AD45/100)*LN((4*AD45/100*(S45/2000+AS45)+3*AR45)/(4*AD45/100*AS45+3*AR45)) -> #NUM! | AW45: =AU45-AV45 -> #NUM! | AX45: =1000*(S45/2000)/(AD45/100)-(0.75*AR45/(AD45/100)^2)*LN(ABS(1+((AD45/100)*(S45/2000)/(0.75*AR45))*(1-((AD45/100)/(2*(AE45/100)))))) -> 23.238762 | AY45: =AT45-AX45 -> 23.238764 | AZ45: =AX45/AY45 -> 0.99999994 | BD45: 26.526562 | BE45: 0.85704521 | BF45: 0.85704521 | BG45: =BF45*2 -> 1.7140904 | BH45: 26.526562 | BI45: 18.319354
A46: 174 | B46: 0.4727662 | C46: 0.47421296 | D46: 0.4740162 | F46: P16-9 | G46: Propylene | H46: 1.6002 | I46: 101325 | J46: 42.08 | K46: 42.08 | L46: 1 | M46: 81 | N46: 56 | O46: 118 | P46: 2.02 | Q46: 250 | R46: 419 | S46: =R46*Reference!$F$78+Reference!$F$79 -> 23.07663 | T46: 32 | U46: =T46*-Reference!$F$78 -> 7.3598547 | V46: =Reference!$L$22 -> 1743.4481 | W46: 2331.98 | X46: =Reference!$W$22 -> 0.04966 | Y46: =(20*10^-6)*(600/298)^(1.67) -> 6.4357835e-05 | Z46: =M46*Reference!$L$7 -> 33.21 | AA46: =Z46 -> 33.21 | AB46: =Z46*Reference!$L$22/(60*10^3) -> 0.96499853 | AC46: =AB46 -> 0.96499853 | AD46: =N46*Reference!$F$10+Reference!$F$11 -> 46.733692 | AE46: =(Z46/(PI()/4*((H46/10)^2)*60)) -> 27.521951 | AF46: =AE46*2 -> 55.043901 | AG46: =AD46/(2*AE46) -> 0.84902579 | AH46: =(AE46/100)*Reference!$L$22*(H46/1000)/(Reference!$W$22) -> 15.461648 | AI46: =(AE46/100)*Reference!$L$22*(H46/1000)/(Reference!$P$26) -> 40.841779 | AJ46: =(AE46/100)*Reference!$L$22*(H46/1000)/(Reference!$P$22) -> 89.407442 | AK46: =AH46/Reference!$R$22 -> 242.60416 | AL46: =AI46/(Reference!$R$22) -> 640.83631 | AM46: =AB46/(Reference!$R$22) -> 15.141507 | AN46: =S46/H46 -> 14.421091 | AO46: =0.00002*(AO$2/293)^1.67 -> 0.00030579718 | AQ46: =AE46/AD46 -> 0.58891026 | AR46: =(1/0.0557)*(H46/1000)^2*V46*(AE46/100)/6*((AE46/100)-(AD46/100)*0.75) -> -0.00027677592 | AS46: =0.75*AR46/(2*(AE46/100)-(AD46/100)) -> -0.0024979147 | AT46: =1000*(S46/1000)/(AD46/100)-(0.75*AR46/(AD46/100)^2)*LN(ABS(1+((AD46/100)*(S46/1000)/(0.75*AR46))*(1-((AD46/100)/(2*(AE46/100)))))) -> 49.380829 | AU46: =1/(AD46/100)*LN((4*AD46/100*(S46/1000+AS46)+3*AR46)/(4*AD46/100*AS46+3*AR46)) -> #NUM! | AV46: =1/(AD46/100)*LN((4*AD46/100*(S46/2000+AS46)+3*AR46)/(4*AD46/100*AS46+3*AR46)) -> #NUM! | AW46: =AU46-AV46 -> #NUM! | AX46: =1000*(S46/2000)/(AD46/100)-(0.75*AR46/(AD46/100)^2)*LN(ABS(1+((AD46/100)*(S46/2000)/(0.75*AR46))*(1-((AD46/100)/(2*(AE46/100)))))) -> 24.690519 | AY46: =AT46-AX46 -> 24.690309 | AZ46: =AX46/AY46 -> 1.0000085 | BD46: 23.07663 | BE46: 0.84902579 | BF46: 0.84902579 | BG46: =BF46*2 -> 1.6980516 | BH46: 23.07663 | BI46: 15.141507
A47: 174 | B47: 0.47534722 | C47: 0.47630787 | D47: 0.47605324 | F47: P16-10 | G47: Propylene | H47: 1.6002 | I47: 101325 | J47: 42.08 | K47: 42.08 | L47: 1 | M47: 64 | N47: 49 | O47: 90 | P47: 1.66 | Q47: 250 | R47: 435 | S47: =R47*Reference!$F$78+Reference!$F$79 -> 19.396703 | T47: 32 | U47: =T47*-Reference!$F$78 -> 7.3598547 | V47: =Reference!$L$22 -> 1743.4481 | W47: 2331.98 | X47: =Reference!$W$22 -> 0.04966 | Y47: =(20*10^-6)*(600/298)^(1.67) -> 6.4357835e-05 | Z47: =M47*Reference!$L$7 -> 26.24 | AA47: =Z47 -> 26.24 | AB47: =Z47*Reference!$L$22/(60*10^3) -> 0.76246798 | AC47: =AB47 -> 0.76246798 | AD47: =N47*Reference!$F$10+Reference!$F$11 -> 40.152184 | AE47: =(Z47/(PI()/4*((H47/10)^2)*60)) -> 21.745739 | AF47: =AE47*2 -> 43.491478 | AG47: =AD47/(2*AE47) -> 0.92321959 | AH47: =(AE47/100)*Reference!$L$22*(H47/1000)/(Reference!$W$22) -> 12.216611 | AI47: =(AE47/100)*Reference!$L$22*(H47/1000)/(Reference!$P$26) -> 32.270048 | AJ47: =(AE47/100)*Reference!$L$22*(H47/1000)/(Reference!$P$22) -> 70.642917 | AK47: =AH47/Reference!$R$22 -> 191.68724 | AL47: =AI47/(Reference!$R$22) -> 506.3398 | AM47: =AB47/(Reference!$R$22) -> 11.96366 | AN47: =S47/H47 -> 12.121424 | AO47: =0.00002*(AO$2/293)^1.67 -> 0.00030579718 | AQ47: =AE47/AD47 -> 0.54158296 | AR47: =(1/0.0557)*(H47/1000)^2*V47*(AE47/100)/6*((AE47/100)-(AD47/100)*0.75) -> -0.00024309033 | AS47: =0.75*AR47/(2*(AE47/100)-(AD47/100)) -> -0.0054597703 | AT47: =1000*(S47/1000)/(AD47/100)-(0.75*AR47/(AD47/100)^2)*LN(ABS(1+((AD47/100)*(S47/1000)/(0.75*AR47))*(1-((AD47/100)/(2*(AE47/100)))))) -> 48.308896 | AU47: =1/(AD47/100)*LN((4*AD47/100*(S47/1000+AS47)+3*AR47)/(4*AD47/100*AS47+3*AR47)) -> #NUM! | AV47: =1/(AD47/100)*LN((4*AD47/100*(S47/2000+AS47)+3*AR47)/(4*AD47/100*AS47+3*AR47)) -> #NUM! | AW47: =AU47-AV47 -> #NUM! | AX47: =1000*(S47/2000)/(AD47/100)-(0.75*AR47/(AD47/100)^2)*LN(ABS(1+((AD47/100)*(S47/2000)/(0.75*AR47))*(1-((AD47/100)/(2*(AE47/100)))))) -> 24.153477 | AY47: =AT47-AX47 -> 24.155419 | AZ47: =AX47/AY47 -> 0.99991962 | BD47: 19.396703 | BE47: 0.92321959 | BF47: 0.92321959 | BG47: =BF47*2 -> 1.8464392 | BH47: 19.396703 | BI47: 11.96366
A48: 058 | B48: 0.44530093 | C48: 0.44604167 | D48: 0.44543981 | E48: 84C | F48: P7-1 | G48: Propylene | H48: 0.762 | I48: 101325 | J48: 42.08 | K48: 42.08 | L48: 1 | M48: 84 | N48: 50 | O48: 139 | P48: 2.13 | Q48: 250 | R48: 410 | S48: =R48*Reference!$N$42+Reference!$N$43 -> 26.634973 | T48: 23 | U48: =T48*-Reference!$N$42 -> 5.1942327 | V48: =Reference!$L$22 -> 1743.4481 | W48: 2331.98 | X48: =Reference!$W$22 -> 0.04966 | Y48: =(20*10^-6)*(600/298)^(1.67) -> 6.4357835e-05 | Z48: =M48*Reference!$L$7 -> 34.44 | AA48: =Z48 -> 34.44 | AB48: =Z48*Reference!$L$22/(60*10^3) -> 1.0007392 | AC48: =AB48 -> 1.0007392 | AD48: =N48*Reference!$F$10+Reference!$F$11 -> 41.0924 | AE48: =(Z48/(PI()/4*((H48/10)^2)*60)) -> 125.86705 | AF48: =AE48*2 -> 251.73411 | AG48: =AD48/(2*AE48) -> 0.16323731 | AH48: =(AE48/100)*Reference!$L$22*(H48/1000)/(Reference!$W$22) -> 33.672034 | AI48: =(AE48/100)*Reference!$L$22*(H48/1000)/(Reference!$P$26) -> 88.94432 | AJ48: =(AE48/100)*Reference!$L$22*(H48/1000)/(Reference!$P$22) -> 194.70954 | AK48: =AH48/Reference!$R$22 -> 528.33795 | AL48: =AI48/(Reference!$R$22) -> 1395.5991 | AM48: =AB48/(Reference!$R$22) -> 15.702304 | AN48: =S48/H48 -> 34.954032 | AO48: =0.00002*(AO$2/293)^1.67 -> 0.00030579718 | AQ48: =AE48/AD48 -> 3.0630252 | AR48: =(1/0.0557)*(H48/1000)^2*V48*(AE48/100)/6*((AE48/100)-(AD48/100)*0.75) -> 0.0036238186 | AS48: =0.75*AR48/(2*(AE48/100)-(AD48/100)) -> 0.0012902782 | AT48: =1000*(S48/1000)/(AD48/100)-(0.75*AR48/(AD48/100)^2)*LN(ABS(1+((AD48/100)*(S48/1000)/(0.75*AR48))*(1-((AD48/100)/(2*(AE48/100)))))) -> 64.793536 | AU48: =1/(AD48/100)*LN((4*AD48/100*(S48/1000+AS48)+3*AR48)/(4*AD48/100*AS48+3*AR48)) -> 3.5887153 | AV48: =1/(AD48/100)*LN((4*AD48/100*(S48/2000+AS48)+3*AR48)/(4*AD48/100*AS48+3*AR48)) -> 2.4034145 | AW48: =AU48-AV48 -> 1.1853008 | AX48: =1000*(S48/2000)/(AD48/100)-(0.75*AR48/(AD48/100)^2)*LN(ABS(1+((AD48/100)*(S48/2000)/(0.75*AR48))*(1-((AD48/100)/(2*(AE48/100)))))) -> 32.39274 | AY48: =AT48-AX48 -> 32.400796 | AZ48: =AX48/AY48 -> 0.99975134 | BD48: 26.634973 | BE48: 0.16323731 | BF48: 0.16323731 | BG48: =BF48*2 -> 0.32647463 | BH48: 26.634973 | BI48: 15.702304
A49: 058 | B49: 0.44188657 | C49: 0.4427662 | D49: 0.44202546 | E49: 83 | F49: P7-2 | G49: Propylene | H49: 0.762 | I49: 101325 | J49: 42.08 | K49: 42.08 | L49: 1 | M49: 69 | N49: 37 | O49: 106 | P49: 1.79 | Q49: 250 | R49: 427 | S49: =R49*Reference!$N$42+Reference!$N$43 -> 22.795757 | T49: 24 | U49: =T49*-Reference!$N$42 -> 5.4200689 | V49: =Reference!$L$22 -> 1743.4481 | W49: 2331.98 | X49: =Reference!$W$22 -> 0.04966 | Y49: =(20*10^-6)*(600/298)^(1.67) -> 6.4357835e-05 | Z49: =M49*Reference!$L$7 -> 28.29 | AA49: =Z49 -> 28.29 | AB49: =Z49*Reference!$L$22/(60*10^3) -> 0.82203579 | AC49: =AB49 -> 0.82203579 | AD49: =N49*Reference!$F$10+Reference!$F$11 -> 28.8696 | AE49: =(Z49/(PI()/4*((H49/10)^2)*60)) -> 103.39079 | AF49: =AE49*2 -> 206.78159 | AG49: =AD49/(2*AE49) -> 0.13961398 | AH49: =(AE49/100)*Reference!$L$22*(H49/1000)/(Reference!$W$22) -> 27.659171 | AI49: =(AE49/100)*Reference!$L$22*(H49/1000)/(Reference!$P$26) -> 73.061405 | AJ49: =(AE49/100)*Reference!$L$22*(H49/1000)/(Reference!$P$22) -> 159.93998 | AK49: =AH49/Reference!$R$22 -> 433.99188 | AL49: =AI49/(Reference!$R$22) -> 1146.3849 | AM49: =AB49/(Reference!$R$22) -> 12.898321 | AN49: =S49/H49 -> 29.915692 | AO49: =0.00002*(AO$2/293)^1.67 -> 0.00030579718 | AQ49: =AE49/AD49 -> 3.5813034 | AR49: =(1/0.0557)*(H49/1000)^2*V49*(AE49/100)/6*((AE49/100)-(AD49/100)*0.75) -> 0.0025598915 | AS49: =0.75*AR49/(2*(AE49/100)-(AD49/100)) -> 0.0010791396 | AT49: =1000*(S49/1000)/(AD49/100)-(0.75*AR49/(AD49/100)^2)*LN(ABS(1+((AD49/100)*(S49/1000)/(0.75*AR49))*(1-((AD49/100)/(2*(AE49/100)))))) -> 78.929473 | AU49: =1/(AD49/100)*LN((4*AD49/100*(S49/1000+AS49)+3*AR49)/(4*AD49/100*AS49+3*AR49)) -> 4.7576513 | AV49: =1/(AD49/100)*LN((4*AD49/100*(S49/2000+AS49)+3*AR49)/(4*AD49/100*AS49+3*AR49)) -> 3.1385272 | AW49: =AU49-AV49 -> 1.6191241 | AX49: =1000*(S49/2000)/(AD49/100)-(0.75*AR49/(AD49/100)^2)*LN(ABS(1+((AD49/100)*(S49/2000)/(0.75*AR49))*(1-((AD49/100)/(2*(AE49/100)))))) -> 39.459684 | AY49: =AT49-AX49 -> 39.469789 | AZ49: =AX49/AY49 -> 0.99974399 | BD49: 22.795757 | BE49: 0.13961398 | BF49: 0.13961398 | BG49: =BF49*2 -> 0.27922795 | BH49: 22.795757 | BI49: 12.898321
A50: 058 | B50: 0.53178241 | C50: 0.53216435 | D50: 0.53188657 | E50: 90L | F50: P7-3 | G50: Propylene | H50: 0.762 | I50: 101325 | J50: 42.08 | K50: 42.08 | L50: 1 | M50: 64 | N50: 35 | O50: 106 | P50: 1.66 | Q50: 250 | R50: 432 | S50: =R50*Reference!$N$42+Reference!$N$43 -> 21.666576 | T50: 23 | U50: =T50*-Reference!$N$42 -> 5.1942327 | V50: =Reference!$L$22 -> 1743.4481 | W50: 2331.98 | X50: =Reference!$W$22 -> 0.04966 | Y50: =(20*10^-6)*(600/298)^(1.67) -> 6.4357835e-05 | Z50: =M50*Reference!$L$7 -> 26.24 | AA50: =Z50 -> 26.24 | AB50: =Z50*Reference!$L$22/(60*10^3) -> 0.76246798 | AC50: =AB50 -> 0.76246798 | AD50: =N50*Reference!$F$10+Reference!$F$11 -> 26.989169 | AE50: =(Z50/(PI()/4*((H50/10)^2)*60)) -> 95.898708 | AF50: =AE50*2 -> 191.79742 | AG50: =AD50/(2*AE50) -> 0.14071706 | AH50: =(AE50/100)*Reference!$L$22*(H50/1000)/(Reference!$W$22) -> 25.654883 | AI50: =(AE50/100)*Reference!$L$22*(H50/1000)/(Reference!$P$26) -> 67.767101 | AJ50: =(AE50/100)*Reference!$L$22*(H50/1000)/(Reference!$P$22) -> 148.35013 | AK50: =AH50/Reference!$R$22 -> 402.5432 | AL50: =AI50/(Reference!$R$22) -> 1063.3136 | AM50: =AB50/(Reference!$R$22) -> 11.96366 | AN50: =S50/H50 -> 28.433827 | AO50: =0.00002*(AO$2/293)^1.67 -> 0.00030579718 | AQ50: =AE50/AD50 -> 3.5532294 | AR50: =(1/0.0557)*(H50/1000)^2*V50*(AE50/100)/6*((AE50/100)-(AD50/100)*0.75) -> 0.0021977254 | AS50: =0.75*AR50/(2*(AE50/100)-(AD50/100)) -> 0.0010001284 | AT50: =1000*(S50/1000)/(AD50/100)-(0.75*AR50/(AD50/100)^2)*LN(ABS(1+((AD50/100)*(S50/1000)/(0.75*AR50))*(1-((AD50/100)/(2*(AE50/100)))))) -> 80.24714 | AU50: =1/(AD50/100)*LN((4*AD50/100*(S50/1000+AS50)+3*AR50)/(4*AD50/100*AS50+3*AR50)) -> 5.1811078 | AV50: =1/(AD50/100)*LN((4*AD50/100*(S50/2000+AS50)+3*AR50)/(4*AD50/100*AS50+3*AR50)) -> 3.4307732 | AW50: =AU50-AV50 -> 1.7503346 | AX50: =1000*(S50/2000)/(AD50/100)-(0.75*AR50/(AD50/100)^2)*LN(ABS(1+((AD50/100)*(S50/2000)/(0.75*AR50))*(1-((AD50/100)/(2*(AE50/100)))))) -> 40.118438 | AY50: =AT50-AX50 -> 40.128701 | AZ50: =AX50/AY50 -> 0.99974425 | BD50: 21.666576 | BE50: 0.14071706 | BF50: 0.14071706 | BG50: =BF50*2 -> 0.28143412 | BH50: 21.666576 | BI50: 11.96366
A51: 174 | B51: 0.52361111 | C51: 0.52434028 | D51: 0.52407407 | F51: P7-4 | G51: Propylene | H51: 0.762 | I51: 101325 | J51: 42.08 | K51: 42.08 | L51: 1 | M51: 62 | N51: 32 | O51: 81 | P51: 1.64 | Q51: 250 | R51: 424 | S51: =R51*Reference!$F$78+Reference!$F$79 -> 21.926653 | T51: 31 | U51: =T51*-Reference!$F$78 -> 7.1298593 | V51: =Reference!$L$22 -> 1743.4481 | W51: 2331.98 | X51: =Reference!$W$22 -> 0.04966 | Y51: =(20*10^-6)*(600/298)^(1.67) -> 6.4357835e-05 | Z51: =M51*Reference!$L$7 -> 25.42 | AA51: =Z51 -> 25.42 | AB51: =Z51*Reference!$L$22/(60*10^3) -> 0.73864085 | AC51: =AB51 -> 0.73864085 | AD51: =N51*Reference!$F$10+Reference!$F$11 -> 24.168523 | AE51: =(Z51/(PI()/4*((H51/10)^2)*60)) -> 92.901873 | AF51: =AE51*2 -> 185.80375 | AG51: =AD51/(2*AE51) -> 0.13007554 | AH51: =(AE51/100)*Reference!$L$22*(H51/1000)/(Reference!$W$22) -> 24.853168 | AI51: =(AE51/100)*Reference!$L$22*(H51/1000)/(Reference!$P$26) -> 65.649379 | AJ51: =(AE51/100)*Reference!$L$22*(H51/1000)/(Reference!$P$22) -> 143.71418 | AK51: =AH51/Reference!$R$22 -> 389.96372 | AL51: =AI51/(Reference!$R$22) -> 1030.085 | AM51: =AB51/(Reference!$R$22) -> 11.589796 | AN51: =S51/H51 -> 28.775135 | AO51: =0.00002*(AO$2/293)^1.67 -> 0.00030579718 | AQ51: =AE51/AD51 -> 3.8439202 | AR51: =(1/0.0557)*(H51/1000)^2*V51*(AE51/100)/6*((AE51/100)-(AD51/100)*0.75) -> 0.0021042446 | AS51: =0.75*AR51/(2*(AE51/100)-(AD51/100)) -> 0.00097638583 | AT51: =1000*(S51/1000)/(AD51/100)-(0.75*AR51/(AD51/100)^2)*LN(ABS(1+((AD51/100)*(S51/1000)/(0.75*AR51))*(1-((AD51/100)/(2*(AE51/100)))))) -> 90.687092 | AU51: =1/(AD51/100)*LN((4*AD51/100*(S51/1000+AS51)+3*AR51)/(4*AD51/100*AS51+3*AR51)) -> 5.6535204 | AV51: =1/(AD51/100)*LN((4*AD51/100*(S51/2000+AS51)+3*AR51)/(4*AD51/100*AS51+3*AR51)) -> 3.725445 | AW51: =AU51-AV51 -> 1.9280755 | AX51: =1000*(S51/2000)/(AD51/100)-(0.75*AR51/(AD51/100)^2)*LN(ABS(1+((AD51/100)*(S51/2000)/(0.75*AR51))*(1-((AD51/100)/(2*(AE51/100)))))) -> 45.337678 | AY51: =AT51-AX51 -> 45.349415 | AZ51: =AX51/AY51 -> 0.99974119 | BD51: 21.926653 | BE51: 0.13007554 | BF51: 0.13007554 | BG51: =BF51*2 -> 0.26015108 | BH51: 21.926653 | BI51: 11.589796
A52: 174 | B52: 0.52513889 | C52: 0.52506944 | D52: 0.52556713 | F52: P7-5 | G52: Propylene | H52: 0.762 | I52: 101325 | J52: 42.08 | K52: 42.08 | L52: 1 | M52: 44 | N52: 20 | O52: 64 | P52: 1.29 | Q52: 250 | R52: 450 | S52: =R52*Reference!$F$78+Reference!$F$79 -> 15.946771 | T52: 32 | U52: =T52*-Reference!$F$78 -> 7.3598547 | V52: =Reference!$L$22 -> 1743.4481 | W52: 2331.98 | X52: =Reference!$W$22 -> 0.04966 | Y52: =(20*10^-6)*(600/298)^(1.67) -> 6.4357835e-05 | Z52: =M52*Reference!$L$7 -> 18.04 | AA52: =Z52 -> 18.04 | AB52: =Z52*Reference!$L$22/(60*10^3) -> 0.52419673 | AC52: =AB52 -> 0.52419673 | AD52: =N52*Reference!$F$10+Reference!$F$11 -> 12.885938 | AE52: =(Z52/(PI()/4*((H52/10)^2)*60)) -> 65.930362 | AF52: =AE52*2 -> 131.86072 | AG52: =AD52/(2*AE52) -> 0.097723854 | AH52: =(AE52/100)*Reference!$L$22*(H52/1000)/(Reference!$W$22) -> 17.637732 | AI52: =(AE52/100)*Reference!$L$22*(H52/1000)/(Reference!$P$26) -> 46.589882 | AJ52: =(AE52/100)*Reference!$L$22*(H52/1000)/(Reference!$P$22) -> 101.99071 | AK52: =AH52/Reference!$R$22 -> 276.74845 | AL52: =AI52/(Reference!$R$22) -> 731.02808 | AM52: =AB52/(Reference!$R$22) -> 8.2250162 | AN52: =S52/H52 -> 20.927521 | AO52: =0.00002*(AO$2/293)^1.67 -> 0.00030579718 | AQ52: =AE52/AD52 -> 5.1164581 | AR52: =(1/0.0557)*(H52/1000)^2*V52*(AE52/100)/6*((AE52/100)-(AD52/100)*0.75) -> 0.0011236817 | AS52: =0.75*AR52/(2*(AE52/100)-(AD52/100)) -> 0.00070835286 | AT52: =1000*(S52/1000)/(AD52/100)-(0.75*AR52/(AD52/100)^2)*LN(ABS(1+((AD52/100)*(S52/1000)/(0.75*AR52))*(1-((AD52/100)/(2*(AE52/100)))))) -> 123.69424 | AU52: =1/(AD52/100)*LN((4*AD52/100*(S52/1000+AS52)+3*AR52)/(4*AD52/100*AS52+3*AR52)) -> 9.0265249 | AV52: =1/(AD52/100)*LN((4*AD52/100*(S52/2000+AS52)+3*AR52)/(4*AD52/100*AS52+3*AR52)) -> 5.7577381 | AW52: =AU52-AV52 -> 3.2687868 | AX52: =1000*(S52/2000)/(AD52/100)-(0.75*AR52/(AD52/100)^2)*LN(ABS(1+((AD52/100)*(S52/2000)/(0.75*AR52))*(1-((AD52/100)/(2*(AE52/100)))))) -> 61.838983 | AY52: =AT52-AX52 -> 61.855261 | AZ52: =AX52/AY52 -> 0.99973683 | BD52: 15.946771 | BE52: 0.097723854 | BF52: 0.097723854 | BG52: =BF52*2 -> 0.19544771 | BH52: 15.946771 | BI52: 8.2250162
A53: 174 | B53: 0.52989583 | C53: 0.53086806 | D53: 0.53068287 | F53: P7-6 | G53: Propylene | H53: 0.762 | I53: 101325 | J53: 42.08 | K53: 42.08 | L53: 1 | M53: 111 | N53: 60 | O53: 140 | P53: 2.9 | Q53: 250 | R53: 381 | S53: =R53*Reference!$F$78+Reference!$F$79 -> 31.816458 | T53: 25 | U53: =T53*-Reference!$F$78 -> 5.7498865 | V53: =Reference!$L$22 -> 1743.4481 | W53: 2331.98 | X53: =Reference!$W$22 -> 0.04966 | Y53: =(20*10^-6)*(600/298)^(1.67) -> 6.4357835e-05 | Z53: =M53*Reference!$L$7 -> 45.51 | AA53: =Z53 -> 45.51 | AB53: =Z53*Reference!$L$22/(60*10^3) -> 1.3224054 | AC53: =AB53 -> 1.3224054 | AD53: =N53*Reference!$F$10+Reference!$F$11 -> 50.494553 | AE53: =(Z53/(PI()/4*((H53/10)^2)*60)) -> 166.32432 | AF53: =AE53*2 -> 332.64864 | AG53: =AD53/(2*AE53) -> 0.15179546 | AH53: =(AE53/100)*Reference!$L$22*(H53/1000)/(Reference!$W$22) -> 44.495188 | AI53: =(AE53/100)*Reference!$L$22*(H53/1000)/(Reference!$P$26) -> 117.53357 | AJ53: =(AE53/100)*Reference!$L$22*(H53/1000)/(Reference!$P$22) -> 257.29475 | AK53: =AH53/Reference!$R$22 -> 698.16086 | AL53: =AI53/(Reference!$R$22) -> 1844.1845 | AM53: =AB53/(Reference!$R$22) -> 20.749473 | AN53: =S53/H53 -> 41.753881 | AO53: =0.00002*(AO$2/293)^1.67 -> 0.00030579718 | AQ53: =AE53/AD53 -> 3.2939062 | AR53: =(1/0.0557)*(H53/1000)^2*V53*(AE53/100)/6*((AE53/100)-(AD53/100)*0.75) -> 0.0064716335 | AS53: =0.75*AR53/(2*(AE53/100)-(AD53/100)) -> 0.0017202391 | AT53: =1000*(S53/1000)/(AD53/100)-(0.75*AR53/(AD53/100)^2)*LN(ABS(1+((AD53/100)*(S53/1000)/(0.75*AR53))*(1-((AD53/100)/(2*(AE53/100)))))) -> 62.984231 | AU53: =1/(AD53/100)*LN((4*AD53/100*(S53/1000+AS53)+3*AR53)/(4*AD53/100*AS53+3*AR53)) -> 2.6477632 | AV53: =1/(AD53/100)*LN((4*AD53/100*(S53/2000+AS53)+3*AR53)/(4*AD53/100*AS53+3*AR53)) -> 1.7368858 | AW53: =AU53-AV53 -> 0.91087745 | AX53: =1000*(S53/2000)/(AD53/100)-(0.75*AR53/(AD53/100)^2)*LN(ABS(1+((AD53/100)*(S53/2000)/(0.75*AR53))*(1-((AD53/100)/(2*(AE53/100)))))) -> 31.488145 | AY53: =AT53-AX53 -> 31.496085 | AZ53: =AX53/AY53 -> 0.99974791 | BD53: 31.816458 | BE53: 0.15179546 | BF53: 0.15179546 | BG53: =BF53*2 -> 0.30359092 | BH53: 31.816458 | BI53: 20.749473
A54: 174 | B54: 0.5321412 | C54: 0.53344907 | D54: 0.53306713 | F54: P7-7 | G54: Propylene | H54: 0.762 | I54: 101325 | J54: 42.08 | K54: 42.08 | L54: 1 | M54: 80 | N54: 40 | O54: 102 | P54: 2.23 | Q54: 250 | R54: 405 | S54: =R54*Reference!$F$78+Reference!$F$79 -> 26.296567 | T54: 27 | U54: =T54*-Reference!$F$78 -> 6.2098774 | V54: =Reference!$L$22 -> 1743.4481 | W54: 2331.98 | X54: =Reference!$W$22 -> 0.04966 | Y54: =(20*10^-6)*(600/298)^(1.67) -> 6.4357835e-05 | Z54: =M54*Reference!$L$7 -> 32.8 | AA54: =Z54 -> 32.8 | AB54: =Z54*Reference!$L$22/(60*10^3) -> 0.95308497 | AC54: =AB54 -> 0.95308497 | AD54: =N54*Reference!$F$10+Reference!$F$11 -> 31.690246 | AE54: =(Z54/(PI()/4*((H54/10)^2)*60)) -> 119.87339 | AF54: =AE54*2 -> 239.74677 | AG54: =AD54/(2*AE54) -> 0.13218216 | AH54: =(AE54/100)*Reference!$L$22*(H54/1000)/(Reference!$W$22) -> 32.068604 | AI54: =(AE54/100)*Reference!$L$22*(H54/1000)/(Reference!$P$26) -> 84.708876 | AJ54: =(AE54/100)*Reference!$L$22*(H54/1000)/(Reference!$P$22) -> 185.43766 | AK54: =AH54/Reference!$R$22 -> 503.179 | AL54: =AI54/(Reference!$R$22) -> 1329.142 | AM54: =AB54/(Reference!$R$22) -> 14.954575 | AN54: =S54/H54 -> 34.50993 | AO54: =0.00002*(AO$2/293)^1.67 -> 0.00030579718 | AQ54: =AE54/AD54 -> 3.7826587 | AR54: =(1/0.0557)*(H54/1000)^2*V54*(AE54/100)/6*((AE54/100)-(AD54/100)*0.75) -> 0.0034896707 | AS54: =0.75*AR54/(2*(AE54/100)-(AD54/100)) -> 0.0012579529 | AT54: =1000*(S54/1000)/(AD54/100)-(0.75*AR54/(AD54/100)^2)*LN(ABS(1+((AD54/100)*(S54/1000)/(0.75*AR54))*(1-((AD54/100)/(2*(AE54/100)))))) -> 82.945464 | AU54: =1/(AD54/100)*LN((4*AD54/100*(S54/1000+AS54)+3*AR54)/(4*AD54/100*AS54+3*AR54)) -> 4.1819226 | AV54: =1/(AD54/100)*LN((4*AD54/100*(S54/2000+AS54)+3*AR54)/(4*AD54/100*AS54+3*AR54)) -> 2.7382751 | AW54: =AU54-AV54 -> 1.4436475 | AX54: =1000*(S54/2000)/(AD54/100)-(0.75*AR54/(AD54/100)^2)*LN(ABS(1+((AD54/100)*(S54/2000)/(0.75*AR54))*(1-((AD54/100)/(2*(AE54/100)))))) -> 41.467386 | AY54: =AT54-AX54 -> 41.478078 | AZ54: =AX54/AY54 -> 0.99974222 | BD54: 26.296567 | BE54: 0.13218216 | BF54: 0.13218216 | BG54: =BF54*2 -> 0.26436432 | BH54: 26.296567 | BI54: 14.954575
A55: 058 | B55: 0.42594907 | C55: 0.42678241 | D55: 0.42612269 | E55: 79 | F55: P7-8 | G55: Propylene | H55: 0.762 | I55: 101325 | J55: 42.08 | K55: 42.08 | L55: 1 | M55: 41 | N55: 14 | O55: 56 | P55: 1.08 | Q55: 250 | R55: 465 | S55: =R55*Reference!$N$42+Reference!$N$43 -> 14.213981 | T55: 30 | U55: =T55*-Reference!$N$42 -> 6.7750862 | V55: =Reference!$L$22 -> 1743.4481 | W55: 2331.98 | X55: =Reference!$W$22 -> 0.04966 | Y55: =(20*10^-6)*(600/298)^(1.67) -> 6.4357835e-05 | Z55: =M55*Reference!$L$7 -> 16.81 | AA55: =Z55 -> 16.81 | AB55: =Z55*Reference!$L$22/(60*10^3) -> 0.48845605 | AC55: =AB55 -> 0.48845605 | AD55: =N55*Reference!$F$10+Reference!$F$11 -> 7.2446458 | AE55: =(Z55/(PI()/4*((H55/10)^2)*60)) -> 61.43511 | AF55: =AE55*2 -> 122.87022 | AG55: =AD55/(2*AE55) -> 0.058961771 | AH55: =(AE55/100)*Reference!$L$22*(H55/1000)/(Reference!$W$22) -> 16.435159 | AI55: =(AE55/100)*Reference!$L$22*(H55/1000)/(Reference!$P$26) -> 43.413299 | AJ55: =(AE55/100)*Reference!$L$22*(H55/1000)/(Reference!$P$22) -> 95.036799 | AK55: =AH55/Reference!$R$22 -> 257.87924 | AL55: =AI55/(Reference!$R$22) -> 681.18526 | AM55: =AB55/(Reference!$R$22) -> 7.6642196 | AN55: =S55/H55 -> 18.653519 | AO55: =0.00002*(AO$2/293)^1.67 -> 0.00030579718 | AQ55: =AE55/AD55 -> 8.4800709 | AR55: =(1/0.0557)*(H55/1000)^2*V55*(AE55/100)/6*((AE55/100)-(AD55/100)*0.75) -> 0.001042149 | AS55: =0.75*AR55/(2*(AE55/100)-(AD55/100)) -> 0.00067598515 | AT55: =1000*(S55/1000)/(AD55/100)-(0.75*AR55/(AD55/100)^2)*LN(ABS(1+((AD55/100)*(S55/1000)/(0.75*AR55))*(1-((AD55/100)/(2*(AE55/100)))))) -> 196.07972 | AU55: =1/(AD55/100)*LN((4*AD55/100*(S55/1000+AS55)+3*AR55)/(4*AD55/100*AS55+3*AR55)) -> 11.130749 | AV55: =1/(AD55/100)*LN((4*AD55/100*(S55/2000+AS55)+3*AR55)/(4*AD55/100*AS55+3*AR55)) -> 6.6581887 | AW55: =AU55-AV55 -> 4.4725604 | AX55: =1000*(S55/2000)/(AD55/100)-(0.75*AR55/(AD55/100)^2)*LN(ABS(1+((AD55/100)*(S55/2000)/(0.75*AR55))*(1-((AD55/100)/(2*(AE55/100)))))) -> 98.02807 | AY55: =AT55-AX55 -> 98.051651 | AZ55: =AX55/AY55 -> 0.99975951 | BD55: 14.213981 | BE55: 0.058961771 | BG55: =MIN(BG5:BG54) -> 0.19544771
A56: 058 | B56: 0.48055556 | C56: 0.48140046 | D56: 0.48071759 | E56: 89 | F56: P4-1 | G56: Propylene | H56: 0.4064 | I56: 101325 | J56: 42.08 | K56: 42.08 | L56: 1 | M56: 136 | N56: 35 | O56: 106 | P56: 4.1 | Q56: 250 | R56: 292 | S56: =R56*Reference!$N$42+Reference!$N$43 -> 53.283645 | T56: 22 | U56: =T56*-Reference!$N$42 -> 4.9683965 | V56: =Reference!$L$22 -> 1743.4481 | W56: 2331.98 | X56: =Reference!$W$22 -> 0.04966 | Y56: =(20*10^-6)*(600/298)^(1.67) -> 6.4357835e-05 | Z56: =M56*Reference!$L$7 -> 55.76 | AA56: =Z56 -> 55.76 | AB56: =Z56*Reference!$L$22/(60*10^3) -> 1.6202444 | AC56: =AB56 -> 1.6202444 | AD56: =N56*Reference!$F$10+Reference!$F$11 -> 26.989169 | AE56: =(Z56/(PI()/4*((H56/10)^2)*60)) -> 716.43078 | AF56: =AE56*2 -> 1432.8616 | AG56: =AD56/(2*AE56) -> 0.018835852 | AH56: =(AE56/100)*Reference!$L$22*(H56/1000)/(Reference!$W$22) -> 102.21867 | AI56: =(AE56/100)*Reference!$L$22*(H56/1000)/(Reference!$P$26) -> 270.00954 | AJ56: =(AE56/100)*Reference!$L$22*(H56/1000)/(Reference!$P$22) -> 591.08253 | AK56: =AH56/Reference!$R$22 -> 1603.8831 | AL56: =AI56/(Reference!$R$22) -> 4236.64 | AM56: =AB56/(Reference!$R$22) -> 25.422777 | AN56: =S56/H56 -> 131.11133 | AO56: =0.00002*(AO$2/293)^1.67 -> 0.00030579718 | AQ56: =AE56/AD56 -> 26.545122 | AR56: =(1/0.0557)*(H56/1000)^2*V56*(AE56/100)/6*((AE56/100)-(AD56/100)*0.75) -> 0.042974547 | AS56: =0.75*AR56/(2*(AE56/100)-(AD56/100)) -> 0.0022925915 | AT56: =1000*(S56/1000)/(AD56/100)-(0.75*AR56/(AD56/100)^2)*LN(ABS(1+((AD56/100)*(S56/1000)/(0.75*AR56))*(1-((AD56/100)/(2*(AE56/100)))))) -> 197.26537 | AU56: =1/(AD56/100)*LN((4*AD56/100*(S56/1000+AS56)+3*AR56)/(4*AD56/100*AS56+3*AR56)) -> 1.3453467 | AV56: =1/(AD56/100)*LN((4*AD56/100*(S56/2000+AS56)+3*AR56)/(4*AD56/100*AS56+3*AR56)) -> 0.73340239 | AW56: =AU56-AV56 -> 0.61194428 | AX56: =1000*(S56/2000)/(AD56/100)-(0.75*AR56/(AD56/100)^2)*LN(ABS(1+((AD56/100)*(S56/2000)/(0.75*AR56))*(1-((AD56/100)/(2*(AE56/100)))))) -> 98.625431 | AY56: =AT56-AX56 -> 98.639936 | AZ56: =AX56/AY56 -> 0.99985295 | BD56: 53.283645 | BE56: 0.018835852
A57: 058 | B57: 0.47626157 | C57: 0.47706019 | D57: 0.47670139 | E57: 87 | F57: P4-2 | G57: Propylene | H57: 0.4064 | I57: 101325 | J57: 42.08 | K57: 42.08 | L57: 1 | M57: 113 | N57: 22 | O57: 81 | P57: 3.56 | Q57: 250 | R57: 320 | S57: =R57*Reference!$N$42+Reference!$N$43 -> 46.960231 | T57: 22 | U57: =T57*-Reference!$N$42 -> 4.9683965 | V57: =Reference!$L$22 -> 1743.4481 | W57: 2331.98 | X57: =Reference!$W$22 -> 0.04966 | Y57: =(20*10^-6)*(600/298)^(1.67) -> 6.4357835e-05 | Z57: =M57*Reference!$L$7 -> 46.33 | AA57: =Z57 -> 46.33 | AB57: =Z57*Reference!$L$22/(60*10^3) -> 1.3462325 | AC57: =AB57 -> 1.3462325 | AD57: =N57*Reference!$F$10+Reference!$F$11 -> 14.766369 | AE57: =(Z57/(PI()/4*((H57/10)^2)*60)) -> 595.26969 | AF57: =AE57*2 -> 1190.5394 | AG57: =AD57/(2*AE57) -> 0.012403091 | AH57: =(AE57/100)*Reference!$L$22*(H57/1000)/(Reference!$W$22) -> 84.931693 | AI57: =(AE57/100)*Reference!$L$22*(H57/1000)/(Reference!$P$26) -> 224.34616 | AJ57: =(AE57/100)*Reference!$L$22*(H57/1000)/(Reference!$P$22) -> 491.12004 | AK57: =AH57/Reference!$R$22 -> 1332.6381 | AL57: =AI57/(Reference!$R$22) -> 3520.1494 | AM57: =AB57/(Reference!$R$22) -> 21.123337 | AN57: =S57/H57 -> 115.55175 | AO57: =0.00002*(AO$2/293)^1.67 -> 0.00030579718 | AQ57: =AE57/AD57 -> 40.31253 | AR57: =(1/0.0557)*(H57/1000)^2*V57*(AE57/100)/6*((AE57/100)-(AD57/100)*0.75) -> 0.02996274 | AS57: =0.75*AR57/(2*(AE57/100)-(AD57/100)) -> 0.0019112579 | AT57: =1000*(S57/1000)/(AD57/100)-(0.75*AR57/(AD57/100)^2)*LN(ABS(1+((AD57/100)*(S57/1000)/(0.75*AR57))*(1-((AD57/100)/(2*(AE57/100)))))) -> 317.74737 | AU57: =1/(AD57/100)*LN((4*AD57/100*(S57/1000+AS57)+3*AR57)/(4*AD57/100*AS57+3*AR57)) -> 1.8014579 | AV57: =1/(AD57/100)*LN((4*AD57/100*(S57/2000+AS57)+3*AR57)/(4*AD57/100*AS57+3*AR57)) -> 0.9604539 | AW57: =AU57-AV57 -> 0.84100404 | AX57: =1000*(S57/2000)/(AD57/100)-(0.75*AR57/(AD57/100)^2)*LN(ABS(1+((AD57/100)*(S57/2000)/(0.75*AR57))*(1-((AD57/100)/(2*(AE57/100)))))) -> 158.8646 | AY57: =AT57-AX57 -> 158.88277 | AZ57: =AX57/AY57 -> 0.99988559 | BD57: 46.960231 | BE57: 0.012403091
A58: 174 | B58: 0.49034722 | C58: 0.49184028 | D58: 0.49168981 | F58: P4-3 | G58: Propylene | H58: 0.4064 | I58: 101325 | J58: 42.08 | K58: 42.08 | L58: 1 | M58: 145 | N58: 17 | O58: 55 | P58: 4.1 | Q58: 250 | R58: 262 | S58: =R58*Reference!$F$78+Reference!$F$79 -> 59.185917 | T58: 25 | U58: =T58*-Reference!$F$78 -> 5.7498865 | V58: =Reference!$L$22 -> 1743.4481 | W58: 2331.98 | X58: =Reference!$W$22 -> 0.04966 | Y58: =(20*10^-6)*(600/298)^(1.67) -> 6.4357835e-05 | Z58: =M58*Reference!$L$7 -> 59.45 | AA58: =Z58 -> 59.45 | AB58: =Z58*Reference!$L$22/(60*10^3) -> 1.7274665 | AC58: =AB58 -> 1.7274665 | AD58: =N58*Reference!$F$10+Reference!$F$11 -> 10.065292 | AE58: =(Z58/(PI()/4*((H58/10)^2)*60)) -> 763.84164 | AF58: =AE58*2 -> 1527.6833 | AG58: =AD58/(2*AE58) -> 0.0065885986 | AH58: =(AE58/100)*Reference!$L$22*(H58/1000)/(Reference!$W$22) -> 108.98315 | AI58: =(AE58/100)*Reference!$L$22*(H58/1000)/(Reference!$P$26) -> 287.87782 | AJ58: =(AE58/100)*Reference!$L$22*(H58/1000)/(Reference!$P$22) -> 630.19829 | AK58: =AH58/Reference!$R$22 -> 1710.0224 | AL58: =AI58/(Reference!$R$22) -> 4517.0059 | AM58: =AB58/(Reference!$R$22) -> 27.105167 | AN58: =S58/H58 -> 145.63464 | AO58: =0.00002*(AO$2/293)^1.67 -> 0.00030579718 | AQ58: =AE58/AD58 -> 75.888672 | AR58: =(1/0.0557)*(H58/1000)^2*V58*(AE58/100)/6*((AE58/100)-(AD58/100)*0.75) -> 0.049774075 | AS58: =0.75*AR58/(2*(AE58/100)-(AD58/100)) -> 0.0024598125 | AT58: =1000*(S58/1000)/(AD58/100)-(0.75*AR58/(AD58/100)^2)*LN(ABS(1+((AD58/100)*(S58/1000)/(0.75*AR58))*(1-((AD58/100)/(2*(AE58/100)))))) -> 587.47766 | AU58: =1/(AD58/100)*LN((4*AD58/100*(S58/1000+AS58)+3*AR58)/(4*AD58/100*AS58+3*AR58)) -> 1.4619678 | AV58: =1/(AD58/100)*LN((4*AD58/100*(S58/2000+AS58)+3*AR58)/(4*AD58/100*AS58+3*AR58)) -> 0.75785096 | AW58: =AU58-AV58 -> 0.70411679 | AX58: =1000*(S58/2000)/(AD58/100)-(0.75*AR58/(AD58/100)^2)*LN(ABS(1+((AD58/100)*(S58/2000)/(0.75*AR58))*(1-((AD58/100)/(2*(AE58/100)))))) -> 293.72886 | AY58: =AT58-AX58 -> 293.74879 | AZ58: =AX58/AY58 -> 0.99993216 | BD58: 59.185917 | BE58: 0.0065885986
A59: 058 | B59: 0.47439815 | C59: 0.47515046 | D59: 0.47471065 | E59: 85 | F59: P4-4 | G59: Propylene | H59: 0.4064 | I59: 101325 | J59: 42.08 | K59: 42.08 | L59: 1 | M59: 92 | N59: 12 | O59: 55 | P59: 3.5 | Q59: 250 | R59: 361 | S59: =R59*Reference!$N$42+Reference!$N$43 -> 37.700947 | T59: 22 | U59: =T59*-Reference!$N$42 -> 4.9683965 | V59: =Reference!$L$22 -> 1743.4481 | W59: 2331.98 | X59: =Reference!$W$22 -> 0.04966 | Y59: =(20*10^-6)*(600/298)^(1.67) -> 6.4357835e-05 | Z59: =M59*Reference!$L$7 -> 37.72 | AA59: =Z59 -> 37.72 | AB59: =Z59*Reference!$L$22/(60*10^3) -> 1.0960477 | AC59: =AB59 -> 1.0960477 | AD59: =N59*Reference!$F$10+Reference!$F$11 -> 5.364215 | AE59: =(Z59/(PI()/4*((H59/10)^2)*60)) -> 484.64435 | AF59: =AE59*2 -> 969.2887 | AG59: =AD59/(2*AE59) -> 0.0055341768 | AH59: =(AE59/100)*Reference!$L$22*(H59/1000)/(Reference!$W$22) -> 69.147927 | AI59: =(AE59/100)*Reference!$L$22*(H59/1000)/(Reference!$P$26) -> 182.65351 | AJ59: =(AE59/100)*Reference!$L$22*(H59/1000)/(Reference!$P$22) -> 399.84995 | AK59: =AH59/Reference!$R$22 -> 1084.9797 | AL59: =AI59/(Reference!$R$22) -> 2865.9624 | AM59: =AB59/(Reference!$R$22) -> 17.197761 | AN59: =S59/H59 -> 92.768077 | AO59: =0.00002*(AO$2/293)^1.67 -> 0.00030579718 | AQ59: =AE59/AD59 -> 90.347674 | AR59: =(1/0.0557)*(H59/1000)^2*V59*(AE59/100)/6*((AE59/100)-(AD59/100)*0.75) -> 0.020069477 | AS59: =0.75*AR59/(2*(AE59/100)-(AD59/100)) -> 0.0015615443 | AT59: =1000*(S59/1000)/(AD59/100)-(0.75*AR59/(AD59/100)^2)*LN(ABS(1+((AD59/100)*(S59/1000)/(0.75*AR59))*(1-((AD59/100)/(2*(AE59/100)))))) -> 702.16716 | AU59: =1/(AD59/100)*LN((4*AD59/100*(S59/1000+AS59)+3*AR59)/(4*AD59/100*AS59+3*AR59)) -> 2.3379095 | AV59: =1/(AD59/100)*LN((4*AD59/100*(S59/2000+AS59)+3*AR59)/(4*AD59/100*AS59+3*AR59)) -> 1.2055806 | AW59: =AU59-AV59 -> 1.132329 | AX59: =1000*(S59/2000)/(AD59/100)-(0.75*AR59/(AD59/100)^2)*LN(ABS(1+((AD59/100)*(S59/2000)/(0.75*AR59))*(1-((AD59/100)/(2*(AE59/100)))))) -> 351.0733 | AY59: =AT59-AX59 -> 351.09386 | AZ59: =AX59/AY59 -> 0.99994146 | BD59: 37.700947 | BE59: 0.0055341768
AD60: 25 | AE60: 50 | AF60: 100 | AO60: =0.00002*(AO$2/293)^1.67 -> 0.00030579718
A62: KC-135
G63: Ethylene | H63: 1.6 | I63: 101325 | S63: 36 | AD63: 0
G64: Ethylene | H64: 2.7 | I64: 101325 | S64: 25 | AD64: 0
G65: Ethylene | H65: 5.9 | I65: 101325 | S65: 28 | AD65: 0 | BK65: 0.51 | BL65: 15.3
G66: Propane | H66: 1.6 | I66: 101325 | S66: 42 | AD66: 0 | BK66: 3.84 | BL66: 5.9
G67: Propane | H67: 2.7 | I67: 101325 | S67: 38 | AD67: 0 | BK67: 1.12 | BL67: 10
G68: Propane | H68: 5.9 | I68: 101325 | S68: 42 | AD68: 0 | BK68: 7.87 | BL68: 3.7
BK69: 7 | BL69: 4.2
A70: STS 83 & 94 | BK70: 2.23 | BL70: 7.8
A71: STS 83 & 94 | G71: Ethylene | H71: 2.7 | S71: 26.8 | AD71: 0 | BK71: 5.13 | BL71: 4.6
A72: STS 83 & 94 | G72: Ethylene | H72: 1.6 | S72: 18.224 | AD72: 0 | BK72: 2.07 | BL72: 10.1
A73: STS 83 & 94 | G73: Ethylene | H73: 1.6 | S73: 18.492 | AD73: 0 | BK73: 1.57 | BL73: 9.9
A74: STS 83 & 94 | G74: Ethylene | H74: 1.6 | S74: 19.564 | AD74: 0 | BK74: 0.77 | BL74: 15.4
A75: STS 83 & 94 | G75: Ethylene Avg | H75: 1.6 | S75: =AVERAGE(S72,S73,S74,S71) -> 20.77 | AD75: 0 | BK75: 1 | BL75: 13.3
A76: STS 83 & 94 | G76: Propane | H76: 1.6 | S76: 28.14 | AD76: 0 | BK76: 1.73 | BL76: 9.2
A77: STS 83 & 94 | G77: Propane | H77: 1.6 | S77: 28.408 | AD77: 0 | BK77: 1.77 | BL77: 9.9
A78: STS 83 & 94 | G78: Propane | H78: 1.6 | S78: 25.46 | AD78: 0 | BK78: 1.93 | BL78: 9.2
A79: STS 83 & 94 | G79: Propane | H79: 1.6 | S79: 27.872 | AD79: 0 | BK79: 0.65 | BL79: 14.7
A80: STS 83 & 94 | G80: Propane | H80: 1.6 | S80: 27.068 | AD80: 0 | BK80: 0.8 | BL80: 14.7
A81: STS 83 & 94 | G81: Propane | H81: 1.6 | S81: 26.264 | AD81: 0 | BK81: 0.27 | BL81: 19.1
A82: STS 83 & 94 | G82: Propane | H82: 1.6 | S82: 35.108 | AD82: 0 | BK82: 0.22 | BL82: 17.9
A83: STS 83 & 94 | G83: Propane | H83: 1.6 | S83: 31.624 | AD83: 0 | BK83: 0.28 | BL83: 20
A84: STS 83 & 94 | G84: Propane Avg. | H84: 1.6 | S84: =AVERAGE(S76:S83) -> 28.743 | AD84: 0 | BK84: 0.15 | BL84: 24.8
A85: STS 83 & 94 | C85: Mass Flow | G85: Ethylene | S85: 14.0716 | V85: 1162.2987 | AB85: 9.615777 | AD85: 0 | BK85: 0.18 | BL85: 20.5
A86: STS 83 & 94 | C86: Mass Flow | G86: Ethylene | S86: 17.3752 | V86: 1162.2987 | AB86: 10.592812 | AD86: 0 | BK86: 0.27 | BL86: 14.5
A87: STS 83 & 94 | C87: Mass Flow | G87: Ethylene | S87: 16.9148 | V87: 1162.2987 | AB87: 11.961418 | AD87: 0 | BK87: 0.17 | BL87: 22.1
A88: STS 83 & 94 | C88: Mass Flow | G88: Ethylene | S88: 26.0024 | V88: 1162.2987 | AB88: 14.569185 | AD88: 0
A89: STS 83 & 94 | C89: Mass Flow | G89: Ethylene | S89: 24.8664 | V89: 1162.2987 | AB89: 17.515704 | AD89: 0
A90: STS 83 & 94 | C90: Mass Flow | G90: Ethylene | S90: 28.5902 | V90: 1162.2987 | AB90: 18.390638 | AD90: 0
A91: STS 83 & 94 | C91: Mass Flow | G91: Ethylene | S91: 29.8269 | V91: 1162.2987 | AB91: 18.823 | AD91: 0
A92: STS 83 & 94 | C92: Mass Flow | G92: Ethylene | S92: 35.8057 | V92: 1162.2987 | AB92: 20.877552 | AD92: 0
A93: STS 83 & 94 | C93: Mass Flow | G93: Ethylene | S93: 36.5888 | V93: 1162.2987 | AB93: 22.467443 | AD93: 0
A94: STS 83 & 94 | C94: Mass Flow | G94: Ethylene | S94: 33.3188 | V94: 1162.2987 | AB94: 26.979998 | AD94: 0
A95: STS 83 & 94 | C95: Mass Flow | G95: Propane | S95: 18.9783 | V95: 1826.8482 | AB95: 12.611629 | AD95: 0
A96: STS 83 & 94 | C96: Mass Flow | G96: Propane | S96: 23.0986 | V96: 1826.8482 | AB96: 14.123226 | AD96: 0
A97: STS 83 & 94 | C97: Mass Flow | G97: Propane | S97: 23.4952 | V97: 1826.8482 | AB97: 14.75984 | AD97: 0
A98: STS 83 & 94 | C98: Mass Flow | G98: Propane | S98: 27.0005 | V98: 1826.8482 | AB98: 15.94967 | AD98: 0
A99: STS 83 & 94 | C99: Mass Flow | G99: Propane | S99: 32.3374 | V99: 1826.8482 | AB99: 18.526806 | AD99: 0
... A101: STS 83 & 94 | C101: Mass Flow | G101: Propane | S101: 60.8469 | V101: 1826.8482 | AB101: 33.010874 | AD101: 0
E103: Test | G103: Fuel | H103: Nozzle ID (mm) | M103: S.P. Total Fuel Flow (SCCM N2) | N103: Video Air | O103: Video Fan | R103: Smoke Height Nikon (pixel #) | S103: Smoke Height Nikon (mm) | Z103: S.P. Total Fuel Flow (SCCM) | AA103: S.P. HC Flow (SCCM) | AB103: S.P. Total Mass Flow (mg/s) | AC103: S.P. HC Mass Flow (mg/s) | AD103: Coflow Velocity (cm/s) | AE103: Fuel Jet Exit Velocity (cm/s)
...

Sheet Reference
A1: Reference info
A2: I have had the engineering unit burner tubes measured. | K2: K factors for SPICE fuels
S3: 0.009882
A4: We used an English gauge | K4: Fuel | L4: K factor | M4: Formula | N4: Molecular weight | S4: 0.008134
A5: The 1.6 mm tube inner diameter is 0.063 inches or 1.6002 mm. The length is 1.170 inches | K5: Ethylene | L5: 0.6 | M5: C2H4 | N5: 28.054 | S5: 0.008488
A6: The 0.8 mm tube inner diameter is 0.30 inches or 0.762 mm. The length is | H6: 1.160 inches | K6: Propane | L6: 0.36 | M6: C3H8 | N6: 44.094 | S6: 0.01013
A7: The 0.4 mm tube inner diameter is 0.016 inches or 0.4064 mm. The length is | H7: 1.150 inches. | K7: Propylene | L7: 0.41 | M7: C3H6 | N7: 42.081 | S7: 0.01207
K8: 75% Propylene | L8: =1/(0.25/1+0.75/$L$7) -> 0.48093842 | M8: 3C3H6-N2 | N8: =0.75*$N$7+0.25*28 -> 38.56075 | S8: 0.01073
A9: Image calibration in Spotlight | E9: Air to actual flow correlation | K9: 50% Propylene | L9: =1/(0.5/1+0.5/$L$7) -> 0.58156028 | M9: C3H6-N2 | N9: =0.5*$N$7+0.5*28 -> 35.0405 | S9: 0.0188
A10: Day 045 | E10: slope | F10: 0.94021538 | K10: Methane | L10: 0.72 | M10: CH4 | N10: 16.043
A11: Pixel | B11: Location | E11: intercept | F11: -5.9183696
A12: 477 | B12: 10 | J12: K factor for a mixture is computed from Prof. Peter Sunderland's equation
A13: 434 | B13: 20 | K13: Kmixture = 1/sum(xi/Ki)
A14: 391 | B14: 30 | K14: where xi is the mole fraction of the ith gases.
A15: 347 | B15: 40
A16: 304 | B16: 50
A17: 259 | B17: 60 | K17: Density for SPICE fuels | V17: Air Properties
A18: 216 | B18: 70 | K18: Temperature | L18: 294.16 | M18: Pressure | N18: 101325 | V18: (Tad+Tamb)/2 | W18: Viscosity | X18: Density
A19: 173 | B19: 80 | K19: Fuel | L19: Density (g/m^3) | M19: Formula | N19: Molecular weight | P19: Viscosity | Q19: (g/m-s) | R19: Zst | S19: Tad | U19: Tad Fuel | V19: K | W19: g/m-s | X19: g/m^3
A20: 129 | B20: 90 | K20: Ethylene | L20: =$N$18*N20/(8.314*$L$18) -> 1162.2987 | M20: C2H4 | N20: 28.054 | P20: 0.010233583 | R20: 0.063727 | S20: 2367.4 | U20: Ethylene | V20: 1332.77 | W20: 0.050086 | X20: 264.4
A21: 86 | B21: 100 | K21: Propane | L21: =$N$18*N21/(8.314*$L$18) -> 1826.8482 | M21: C3H8 | N21: 44.094 | P21: 0.0081302788 | R21: 0.0603205 | S21: 2264.12 | U21: Propane | V21: 1281.06 | W21: 0.048845 | X21: 275.2
K22: Propylene | L22: =$N$18*N22/(8.314*$L$18) -> 1743.4481 | M22: C3H6 | N22: 42.081 | P22: 0.0085879367 | R22: 0.063732 | S22: 2331.98 | U22: Propylene | V22: 1314.99 | W22: 0.04966 | X22: 176.4
A23: Slope | B23: =SLOPE(B12:B21,A12:A21) -> -0.22973813 | K23: 75% Propylene | L23: =$N$18*N23/(8.314*$L$18) -> 1597.6015 | M23: 3C3H6-N2 | N23: =0.75*$N$7+0.25*28 -> 38.56075 | P23: 0.010535336 | R23: 0.07678259 | S23: 2317.4 | U23: 75% Propylene | V23: 1307.7 | W23: 0.049485 | X23: 222.2
A24: Intercept | B24: =INTERCEPT(B11:B21,A11:A21) -> 119.69426 | K24: 50% Propylene | L24: =$N$18*N24/(8.314*$L$18) -> 1451.7548 | M24: C3H6-N2 | N24: =0.5*$N$7+0.5*28 -> 35.0405 | P24: 0.012680149 | R24: 0.10183123 | S24: 2288.3 | U24: 50% Propylene | V24: 1293.15 | W24: 0.049136 | X24: 272.3
K25: Methane | L25: =$N$18*N25/(8.314*$L$18) -> 664.6738 | M25: CH4 | N25: 16.043 | P25: 0.011017925
K26: Air | L26: =$N$18*N26/(8.314*$L$18) -> 1194.8633 | M26: .21O2-.79N2 | N26: 28.84 | P26: 0.0188
A28: Image calibration in Spotlight | E28: Image calibration in Spotlight | I28: Image calibration in Spotlight | M28: Image calibration in Spotlight | Q28: Image calibration in Spotlight
A29: Day 048 | E29: Day 052 | I29: Day 055 | M29: Day 058 | Q29: Day 119 | R29: DVD
A30: Pixel | B30: Location | E30: Pixel | F30: Location | I30: Pixel | J30: Location | M30: Pixel | N30: Location | Q30: Pixel | R30: Location
A31: 479 | B31: 10 | E31: 477 | F31: 10 | I31: 482 | J31: 10 | M31: 483 | N31: 10 | Q31: 483 | R31: 10
A32: 436 | B32: 20 | E32: 434 | F32: 20 | I32: 439 | J32: 20 | M32: 440 | N32: 20 | Q32: 439 | R32: 20
A33: 393 | B33: 30 | E33: 391 | F33: 30 | I33: 396 | J33: 30 | M33: 395 | N33: 30 | Q33: 394 | R33: 30
A34: 351 | B34: 40 | E34: 347 | F34: 40 | I34: 352 | J34: 40 | M34: 351 | N34: 40 | Q34: 350 | R34: 40
A35: 309 | B35: 50 | E35: 304 | F35: 50 | I35: 309 | J35: 50 | M35: 307 | N35: 50 | Q35: 304 | R35: 50
A36: 264 | B36: 60 | E36: 259 | F36: 60 | I36: 265 | J36: 60 | M36: 262 | N36: 60 | Q36: 260 | R36: 60
A37: 222 | B37: 70 | E37: 216 | F37: 70 | I37: 222 | J37: 70 | M37: 218 | N37: 70 | Q37: 215 | R37: 70
A38: 179 | B38: 80 | E38: 173 | F38: 80 | I38: 178 | J38: 80 | M38: 174 | N38: 80 | Q38: 170 | R38: 80
A39: 136 | B39: 90 | E39: 129 | F39: 90 | I39: 135 | J39: 90 | M39: 128 | N39: 90 | Q39: 126 | R39: 90
E40: 86 | F40: 100 | I40: 93 | J40: 100 | M40: 86 | N40: 100 | Q40: 82 | R40: 100
A42: Slope | B42: =SLOPE(B31:B39,A31:A39) -> -0.23327529 | E42: Slope | F42: =SLOPE(F31:F40,E31:E40) -> -0.22973813 | I42: Slope | J42: =SLOPE(J31:J40,I31:I40) -> -0.23066916 | M42: Slope | N42: =SLOPE(N31:N40,M31:M40) -> -0.22583621 | Q42: Slope | R42: =SLOPE(R31:R40,Q31:Q40) -> -0.22390813
A43: Intercept | B43: =INTERCEPT(B30:B40,A30:A40) -> 121.77103 | E43: Intercept | F43: =INTERCEPT(F30:F40,E30:E40) -> 119.69426 | I43: Intercept | J43: =INTERCEPT(J30:J40,I30:I40) -> 121.22512 | M43: Intercept | N43: =INTERCEPT(N30:N40,M30:M40) -> 119.22782 | Q43: Intercept | R43: =INTERCEPT(R30:R40,Q30:Q40) -> 118.20926
A46: Image calibration in Spotlight | E46: Image calibration in Spotlight | I46: Image calibration in Spotlight | M46: Image calibration in Spotlight | Q46: Image calibration in Spotlight
A47: Day 119 | B47: DVCAM | E47: Day 136 | F47: DVD | I47: Day 136 | J47: DVCAM | M47: Day 167 | Q47: Day 168
A48: Pixel | B48: Location | E48: Pixel | F48: Location | I48: Pixel | J48: Location | M48: Pixel | N48: Location | Q48: Pixel | R48: Location
B49: 10 | E49: 475 | F49: 10 | J49: 10 | M49: 478 | N49: 10 | Q49: 478 | R49: 10
B50: 20 | E50: 432 | F50: 20 | J50: 20 | M50: 434 | N50: 20 | Q50: 434 | R50: 20
B51: 30 | E51: 388 | F51: 30 | J51: 30 | M51: 391 | N51: 30 | Q51: 391 | R51: 30
B52: 40 | E52: 344 | F52: 40 | J52: 40 | M52: 348 | N52: 40 | Q52: 347 | R52: 40
B53: 50 | E53: 300 | F53: 50 | J53: 50 | M53: 304 | N53: 50 | Q53: 304 | R53: 50
B54: 60 | E54: 256 | F54: 60 | J54: 60 | M54: 260 | N54: 60 | Q54: 260 | R54: 60
B55: 70 | E55: 211 | F55: 70 | J55: 70 | M55: 216 | N55: 70 | Q55: 216 | R55: 70
B56: 80 | E56: 167 | F56: 80 | J56: 80 | M56: 173 | N56: 80 | Q56: 173 | R56: 80
B57: 90 | E57: 124 | F57: 90 | J57: 90 | M57: 130 | N57: 90 | Q57: 129 | R57: 90
B58: 100 | E58: 80 | F58: 100 | J58: 100 | M58: 87 | N58: 100 | Q58: 87 | R58: 100
A60: Slope | B60: =SLOPE(B49:B58,A49:A58) -> #DIV/0! | E60: Slope | F60: =SLOPE(F49:F58,E49:E58) -> -0.22730105 | I60: Slope | J60: =SLOPE(J49:J58,I49:I58) -> #DIV/0! | M60: Slope | N60: =SLOPE(N49:N58,M49:M58) -> -0.22989809 | Q60: Slope | R60: =SLOPE(R49:R58,Q49:Q58) -> -0.22977009
A61: Intercept | B61: =INTERCEPT(B48:B58,A48:A58) -> #DIV/0! | E61: Intercept | F61: =INTERCEPT(F48:F58,E48:E58) -> 118.1215 | I61: Intercept | J61: =INTERCEPT(J48:J58,I48:I58) -> #DIV/0! | M61: Intercept | N61: =INTERCEPT(N48:N58,M48:M58) -> 119.85425 | Q61: Intercept | R61: =INTERCEPT(R48:R58,Q48:Q58) -> 119.77219
A64: Image calibration in Spotlight | E64: Image calibration in Spotlight | J64: Image calibration in Spotlight | M64: Image calibration in Spotlight | Q64: Image calibration in Spotlight
A65: Day 173 | E65: Day 174 | J65: Day 174 | K65: DVCAM | M65: Day 048 | N65: ZYG Shot | Q65: Day 048 | R65: ZYG Shot
A66: Pixel | B66: Location | E66: Pixel | F66: Location | J66: Pixel | K66: Location | M66: Pixel | N66: Location | Q66: Pixel | R66: Location
A67: 479 | B67: 10 | E67: 476 | F67: 10 | J67: 476 | K67: 10 | M67: 501 | N67: 10 | Q67: 501 | R67: 10
A68: 434 | B68: 20 | E68: 432 | F68: 20 | J68: 432 | K68: 20 | M68: 451 | N68: 20 | Q68: 451 | R68: 20
A69: 390 | B69: 30 | E69: 389 | F69: 30 | J69: 390 | K69: 30 | M69: 402 | N69: 30 | Q69: 402 | R69: 30
A70: 345 | B70: 40 | E70: 346 | F70: 40 | J70: 346 | K70: 40 | M70: 353 | N70: 40 | Q70: 353 | R70: 40
A71: 302 | B71: 50 | E71: 302 | F71: 50 | J71: 302 | K71: 50 | M71: 303 | N71: 50 | Q71: 303 | R71: 50
A72: 256 | B72: 60 | E72: 258 | F72: 60 | J72: 258 | K72: 60 | M72: 253 | N72: 60 | Q72: 253 | R72: 60
A73: 213 | B73: 70 | E73: 215 | F73: 70 | J73: 215 | K73: 70 | M73: 203 | N73: 70 | Q73: 203 | R73: 70
A74: 168 | B74: 80 | E74: 171 | F74: 80 | J74: 171 | K74: 80 | M74: 154 | N74: 80 | Q74: 154 | R74: 80
A75: 124 | B75: 90 | E75: 128 | F75: 90 | J75: 128 | K75: 90 | M75: 104 | N75: 90 | Q75: 104 | R75: 90
A76: 81 | B76: 100 | E76: 85 | F76: 100 | J76: 85 | K76: 100 | M76: 57 | N76: 100 | Q76: 57 | R76: 100
A78: Slope | B78: =SLOPE(B67:B76,A67:A76) -> -0.2258984 | E78: Slope | F78: =SLOPE(F67:F76,E67:E76) -> -0.22999546 | J78: Slope | K78: =SLOPE(K67:K76,J67:J76) -> -0.22983376 | M78: Slope | N78: =SLOPE(N67:N76,M67:M76) -> -0.20207705 | Q78: Slope | R78: -0.20207705
A79: Intercept | B79: =INTERCEPT(B66:B76,A66:A76) -> 118.07083 | E79: Intercept | F79: =INTERCEPT(F66:F76,E66:E76) -> 119.44473 | J79: Intercept | K79: =INTERCEPT(K66:K76,J66:J76) -> 119.4224 | M79: Intercept | N79: =INTERCEPT(N67:N76,M67:M76) -> 111.19763 | Q79: Intercept | R79: 111.19763

Sheet Smoke Point Datasheet (2)
H1: Master Sheets of ISS Tests for SPICE
A3: GMT date | B3: GMT ignition | C3: GMT Flame Off | D3: GMT data | E3: SP? | F3: No. | G3: Fuel | H3: Nozzle | I3: Pressure | J3: Fuel | K3: Air | L3: Fan | M3: Rad | N3: Gain | O3: x264 Pixel | P3: Length | Q3: Fuel Density | R3: Viscosity | S3: Fuel Viscosity | T3: Total Fuel Rate | U3: HC Only Rate | V3: Total Fuel Rate | W3: HC Only Rate | X3: Air Rate | Y3: Initial Fuel | Z3: Air/Fuel | AA3: Re | AB3: Re | AC3: Re | AD3: Re/Zst | AE3: Re/Zst | AF3: mf/Zst | AG3: Zst | AH3: SH/d | AJ3: No. | AK3: Radius | AL3: Length | AM3: Fuel Density | AN3: Viscosity | AO3: Fuel Viscosity | AP3: Air Rate | AQ3: Fuel Rate
H4: (mm) | I4: (Pa) | J4: Display | K4: Display | P4: mm | Q4: g/m^3 | R4: m/g-s | S4: m/g-s | T4: sccm | U4: sccm | V4: (mg/s) | W4: (mg/s) | X4: (cm/s) | Y4: Velocity (cm/s) | Z4: Velocity Ratio | AA4: (Air Viscosity) | AB4: (Amb. Air Visc.) | AC4: (Fuel Viscosity) | AD4: (Air Viscosity) | AE4: (Amb. Air Visc.) | AK4: m | AL4: m | AM4: g/m^3 | AN4: m/g-s | AO4: m/g-s | AP4: m/s | AQ4: m/s
A5: 45 | B5: 0.6252662 | C5: 0.62822917 | D5: 0.62725694 | F5: 1 | G5: Ethylene | H5: 1.6002 | I5: 101325 | J5: 285 | K5: 68 | L5: 141 | M5: 4.1 | O5: 193 | P5: =O5*Reference!$B$23+Reference!$B$24 -> 75.354799 | Q5: =Reference!$L$20 -> 1162.2987 | R5: =Reference!$W$20 -> 0.050086 | S5: =Reference!$P$20 -> 0.010233583 | T5: =J5*Reference!$L$5 -> 171 | U5: =T5 -> 171 | V5: =T5*Reference!$L$20/(60*10^3) -> 3.3125514 | W5: =V5 -> 3.3125514 | X5: =K5*Reference!$F$10+Reference!$F$11 -> 58.016277 | Y5: =(T5/(PI()/4*((H5/10)^2)*60)) -> 141.71194 | Z5: =X5/(T5/(PI()/4*((H5/10)^2)*60)) -> 0.40939582 | AA5: =(Y5/100)*Reference!$L$20*(H5/1000)/(Reference!$W$20) -> 52.623791 | AB5: =(Y5/100)*Reference!$L$20*(H5/1000)/(Reference!$P$26) -> 140.19762 | AC5: =(Y5/100)*Reference!$L$20*(H5/1000)/(Reference!$P$20) -> 257.55545 | AD5: =AA5/(Reference!$R$20) -> 825.76916 | AE5: =AB5/(Reference!$R$20) -> 2199.972 | AF5: =V5/(Reference!$R$20) -> 51.980345 | AG5: =Reference!$R$20 -> 0.063727 | AH5: =P5/H5 -> 47.090863 | AJ5: 1 | AK5: 0.0008001 | AL5: 0.075354799 | AM5: 1162.2987 | AN5: 0.050086 | AO5: 0.010233583 | AP5: 0.58016277 | AQ5: 2.8342388
A6: 45 | B6: 0.60912037 | C6: 0.61670139 | D6: 0.60967593 | F6: 2 | G6: Ethylene | H6: 1.6002 | I6: 101325 | J6: 207 | K6: 42 | L6: 99 | M6: 0.28 | O6: 286 | P6: =O6*Reference!$B$23+Reference!$B$24 -> 53.989152 | Q6: =Reference!$L$20 -> 1162.2987 | R6: =Reference!$W$20 -> 0.050086 | S6: =Reference!$P$20 -> 0.010233583 | T6: =J6*Reference!$L$5 -> 124.2 | U6: =T6 -> 124.2 | V6: =T6*Reference!$L$20/(60*10^3) -> 2.4059584 | W6: =V6 -> 2.4059584 | X6: =K6*Reference!$F$10+Reference!$F$11 -> 33.570677 | Y6: =(T6/(PI()/4*((H6/10)^2)*60)) -> 102.92762 | Z6: =X6/(T6/(PI()/4*((H6/10)^2)*60)) -> 0.32615809 | AA6: =(Y6/100)*Reference!$L$20*(H6/1000)/(Reference!$W$20) -> 38.22149 | AB6: =(Y6/100)*Reference!$L$20*(H6/1000)/(Reference!$P$26) -> 101.82774 | AC6: =(Y6/100)*Reference!$L$20*(H6/1000)/(Reference!$P$20) -> 187.06659 | AD6: =AA6/(Reference!$R$20) -> 599.76918 | AE6: =AB6/(Reference!$R$20) -> 1597.8744 | AF6: =V6/(Reference!$R$20) -> 37.754145 | AG6: =Reference!$R$20 -> 0.063727 | AH6: =P6/H6 -> 33.739003 | AJ6: 2 | AK6: 0.0008001 | AL6: 0.053989152 | AM6: 1162.2987 | AN6: 0.050086 | AO6: 0.010233583 | AP6: 0.33570677 | AQ6: 2.0585524
A7: 45 | B7: 0.61813657 | C7: 0.61957176 | D7: 0.61842593 | F7: 3 | G7: Ethylene | H7: 1.6002 | I7: 101325 | J7: 211 | K7: 48 | L7: 48 | M7: 100 | O7: 278 | P7: =O7*Reference!$B$23+Reference!$B$24 -> 55.827057 | Q7: =Reference!$L$20 -> 1162.2987 | R7: =Reference!$W$20 -> 0.050086 | S7: =Reference!$P$20 -> 0.010233583 | T7: =J7*Reference!$L$5 -> 126.6 | U7: =T7 -> 126.6 | V7: =T7*Reference!$L$20/(60*10^3) -> 2.4524503 | W7: =V7 -> 2.4524503 | X7: =K7*Reference!$F$10+Reference!$F$11 -> 39.211969 | Y7: =(T7/(PI()/4*((H7/10)^2)*60)) -> 104.91656 | Z7: =X7/(T7/(PI()/4*((H7/10)^2)*60)) -> 0.37374433 | AA7: =(Y7/100)*Reference!$L$20*(H7/1000)/(Reference!$W$20) -> 38.96007 | AB7: =(Y7/100)*Reference!$L$20*(H7/1000)/(Reference!$P$26) -> 103.79543 | AC7: =(Y7/100)*Reference!$L$20*(H7/1000)/(Reference!$P$20) -> 190.68141 | AD7: =AA7/(Reference!$R$20) -> 611.35892 | AE7: =AB7/(Reference!$R$20) -> 1628.7512 | AF7: =V7/(Reference!$R$20) -> 38.483694 | AG7: =Reference!$R$20 -> 0.063727 | AH7: =P7/H7 -> 34.88755 | AJ7: 3 | AK7: 0.0008001 | AL7: 0.055827057 | AM7: 1162.2987 | AN7: 0.050086 | AO7: 0.010233583 | AP7: 0.39211969 | AQ7: 2.0983312
A8: 168 | B8: 0.40917824 | C8: 0.41018519 | D8: 0.4100463 | F8: 4 | G8: Ethylene | H8: 1.6002 | I8: 101325 | J8: 209 | K8: 45 | L8: 96 | M8: 0.17361111 | N8: 250 | O8: 271 | P8: =O8*Reference!$R$60+Reference!$R$61 -> 57.504494 | Q8: =Reference!$L$20 -> 1162.2987 | R8: =Reference!$W$20 -> 0.050086 | S8: =Reference!$P$20 -> 0.010233583 | T8: =J8*Reference!$L$5 -> 125.4 | U8: =T8 -> 125.4 | V8: =T8*Reference!$L$20/(60*10^3) -> 2.4292044 | W8: =V8 -> 2.4292044 | X8: =K8*Reference!$F$10+Reference!$F$11 -> 36.391323 | Y8: =(T8/(PI()/4*((H8/10)^2)*60)) -> 103.92209 | Z8: =X8/(T8/(PI()/4*((H8/10)^2)*60)) -> 0.3501789 | AA8: =(Y8/100)*Reference!$L$20*(H8/1000)/(Reference!$W$20) -> 38.59078 | AB8: =(Y8/100)*Reference!$L$20*(H8/1000)/(Reference!$P$26) -> 102.81159 | AC8: =(Y8/100)*Reference!$L$20*(H8/1000)/(Reference!$P$20) -> 188.874 | AD8: =AA8/(Reference!$R$20) -> 605.56405 | AE8: =AB8/(Reference!$R$20) -> 1613.3128 | AF8: =V8/(Reference!$R$20) -> 38.118919 | AG8: =Reference!$R$20 -> 0.063727 | AH8: =P8/H8 -> 35.935817 | AJ8: 4 | AK8: 0.0008001 | AL8: 0.057504494 | AM8: 1162.2987 | AN8: 0.050086 | AO8: 0.010233583 | AP8: 0.36391323 | AQ8: 2.0784418
A9: 45 | B9: 0.65878472 | C9: 0.65924769 | D9: 0.65887731 | F9: 5 | G9: Ethylene | H9: 1.6002 | I9: 101325 | J9: 140 | K9: 26 | L9: 65 | M9: 4.1 | O9: 360 | P9: =O9*Reference!$B$23+Reference!$B$24 -> 36.98853 | Q9: =Reference!$L$20 -> 1162.2987 | R9: =Reference!$W$20 -> 0.050086 | S9: =Reference!$P$20 -> 0.010233583 | T9: =J9*Reference!$L$5 -> 84 | U9: =T9 -> 84 | V9: =T9*Reference!$L$20/(60*10^3) -> 1.6272182 | W9: =V9 -> 1.6272182 | X9: =K9*Reference!$F$10+Reference!$F$11 -> 18.52723 | Y9: =(T9/(PI()/4*((H9/10)^2)*60)) -> 69.612883 | Z9: =X9/(T9/(PI()/4*((H9/10)^2)*60)) -> 0.26614657 | AA9: =(Y9/100)*Reference!$L$20*(H9/1000)/(Reference!$W$20) -> 25.850283 | AB9: =(Y9/100)*Reference!$L$20*(H9/1000)/(Reference!$P$26) -> 68.869005 | AC9: =(Y9/100)*Reference!$L$20*(H9/1000)/(Reference!$P$20) -> 126.51847 | AD9: =AA9/(Reference!$R$20) -> 405.64099 | AE9: =AB9/(Reference!$R$20) -> 1080.688 | AF9: =V9/(Reference!$R$20) -> 25.534204 | AG9: =Reference!$R$20 -> 0.063727 | AH9: =P9/H9 -> 23.114942 | AJ9: 5 | AK9: 0.0008001 | AL9: 0.03698853 | AM9: 1162.2987 | AN9: 0.050086 | AO9: 0.010233583 | AP9: 0.1852723 | AQ9: 1.3922577
A10: 45 | B10: 0.72763889 | C10: 0.72802083 | D10: 0.72811343 | F10: 6 | G10: Ethylene | H10: 0.762 | I10: 101325 | J10: 335 | K10: 25 | L10: 66 | M10: 4.1 | N10: 250 | O10: 63 | P10: =O10*Reference!$B$23+Reference!$B$24 -> 105.22076 | Q10: =Reference!$L$20 -> 1162.2987 | R10: =Reference!$W$20 -> 0.050086 | S10: =Reference!$P$20 -> 0.010233583 | T10: =J10*Reference!$L$5 -> 201 | U10: =T10 -> 201 | V10: =T10*Reference!$L$20/(60*10^3) -> 3.8937008 | W10: =V10 -> 3.8937008 | X10: =K10*Reference!$F$10+Reference!$F$11 -> 17.587015 | Y10: =(T10/(PI()/4*((H10/10)^2)*60)) -> 734.58995 | Z10: =X10/(T10/(PI()/4*((H10/10)^2)*60)) -> 0.023941268 | AA10: =(Y10/100)*Reference!$L$20*(H10/1000)/(Reference!$W$20) -> 129.89767 | AB10: =(Y10/100)*Reference!$L$20*(H10/1000)/(Reference!$P$26) -> 346.06675 | AC10: =(Y10/100)*Reference!$L$20*(H10/1000)/(Reference!$P$20) -> 635.7553 | AD10: =AA10/(Reference!$R$20) -> 2038.346 | AE10: =AB10/(Reference!$R$20) -> 5430.4572 | AF10: =V10/(Reference!$R$20) -> 61.099703 | AG10: =Reference!$R$20 -> 0.063727 | AH10: =P10/H10 -> 138.08498 | AJ10: 6 | AK10: 0.000381 | AL10: 0.10522076 | AM10: 1162.2987 | AN10: 0.050086 | AO10: 0.010233583 | AP10: 0.17587015 | AQ10: 14.691799
A11: 48 | B11: 0.70399306 | C11: 0.70496528 | D11: 0.70447917 | F11: 7 | G11: Propane | H11: 1.6002 | I11: 101325 | J11: 276 | K11: 54 | L11: 100 | M11: 1.73 | O11: 216 | P11: =O11*Reference!$B$42+Reference!$B$43 -> 71.383568 | Q11: =Reference!$L$21 -> 1826.8482 | R11: =Reference!$W$21 -> 0.048845 | S11: =Reference!$P$21 -> 0.0081302788 | T11: =J11*Reference!$L$6 -> 99.36 | U11: =T11 -> 99.36 | V11: =T11*Reference!$L$21/(60*10^3) -> 3.0252607 | W11: =V11 -> 3.0252607 | X11: =K11*Reference!$F$10+Reference!$F$11 -> 44.853261 | Y11: =(T11/(PI()/4*((H11/10)^2)*60)) -> 82.342096 | Z11: =X11/(T11/(PI()/4*((H11/10)^2)*60)) -> 0.54471848 | AA11: =(Y11/100)*Reference!$L$21*(H11/1000)/(Reference!$W$21) -> 49.28089 | AB11: =(Y11/100)*Reference!$L$21*(H11/1000)/(Reference!$P$26) -> 128.03857 | AC11: =(Y11/100)*Reference!$L$21*(H11/1000)/(Reference!$P$21) -> 296.06919 | AD11: =AA11/Reference!$R$21 -> 816.98411 | AE11: =AB11/(Reference!$R$21) -> 2122.6377 | AF11: =V11/(Reference!$R$21) -> 50.15311 | AG11: =Reference!$R$21 -> 0.0603205 | AH11: =P11/H11 -> 44.609154 | AJ11: 7 | AK11: 0.0008001 | AL11: 0.071383568 | AM11: 1826.8482 | AN11: 0.048845 | AO11: 0.0081302788 | AP11: 0.44853261 | AQ11: 1.6468419
A12: 48 | B12: 0.71621528 | C12: 0.71774306 | D12: 0.71675926 | F12: 8 | G12: Propane | H12: 1.6002 | I12: 101325 | J12: 230 | K12: 45 | L12: 85 | M12: 1.43 | O12: 260 | P12: =O12*Reference!$B$42+Reference!$B$43 -> 61.119455 | Q12: =Reference!$L$21 -> 1826.8482 | R12: =Reference!$W$21 -> 0.048845 | S12: =Reference!$P$21 -> 0.0081302788 | T12: =J12*Reference!$L$6 -> 82.8 | U12: =T12 -> 82.8 | V12: =T12*Reference!$L$21/(60*10^3) -> 2.5210506 | W12: =V12 -> 2.5210506 | X12: =K12*Reference!$F$10+Reference!$F$11 -> 36.391323 | Y12: =(T12/(PI()/4*((H12/10)^2)*60)) -> 68.618414 | Z12: =X12/(T12/(PI()/4*((H12/10)^2)*60)) -> 0.5303434 | AA12: =(Y12/100)*Reference!$L$21*(H12/1000)/(Reference!$W$21) -> 41.067408 | AB12: =(Y12/100)*Reference!$L$21*(H12/1000)/(Reference!$P$26) -> 106.69881 | AC12: =(Y12/100)*Reference!$L$21*(H12/1000)/(Reference!$P$21) -> 246.72433 | AD12: =AA12/Reference!$R$21 -> 680.82009 | AE12: =AB12/(Reference!$R$21) -> 1768.8648 | AF12: =V12/(Reference!$R$21) -> 41.794259 | AG12: =Reference!$R$21 -> 0.0603205 | AH12: =P12/H12 -> 38.194885 | AJ12: 8 | AK12: 0.0008001 | AL12: 0.061119455 | AM12: 1826.8482 | AN12: 0.048845 | AO12: 0.0081302788 | AP12: 0.36391323 | AQ12: 1.3723683
A13: 48 | B13: 0.7393287 | C13: 0.74075231 | D13: 0.73978009 | F13: 9 | G13: Propane | H13: 1.6002 | I13: 101325 | J13: 164 | K13: 30 | L13: 65 | M13: 1 | O13: 325 | P13: =O13*Reference!$N$78+Reference!$N$79 -> 45.522586 | Q13: =Reference!$L$21 -> 1826.8482 | R13: =Reference!$W$21 -> 0.048845 | S13: =Reference!$P$21 -> 0.0081302788 | T13: =J13*Reference!$L$6 -> 59.04 | U13: =T13 -> 59.04 | V13: =T13*Reference!$L$21/(60*10^3) -> 1.7976187 | W13: =V13 -> 1.7976187 | X13: =K13*Reference!$F$10+Reference!$F$11 -> 22.288092 | Y13: =(T13/(PI()/4*((H13/10)^2)*60)) -> 48.927912 | Z13: =X13/(T13/(PI()/4*((H13/10)^2)*60)) -> 0.45552918 | AA13: =(Y13/100)*Reference!$L$21*(H13/1000)/(Reference!$W$21) -> 29.282848 | AB13: =(Y13/100)*Reference!$L$21*(H13/1000)/(Reference!$P$26) -> 76.080888 | AC13: =(Y13/100)*Reference!$L$21*(H13/1000)/(Reference!$P$21) -> 175.92517 | AD13: =AA13/Reference!$R$21 -> 485.45433 | AE13: =AB13/(Reference!$R$21) -> 1261.2775 | AF13: =V13/(Reference!$R$21) -> 29.801124 | AG13: =Reference!$R$21 -> 0.0603205 | AH13: =P13/H13 -> 28.44806 | AJ13: 9 | AK13: 0.0008001 | AL13: 0.045522586 | AM13: 1826.8482 | AN13: 0.048845 | AO13: 0.0081302788 | AP13: 0.22288092 | AQ13: 0.97855825
A14: 52 | B14: 0.4853125 | C14: 0.48664352 | D14: 0.48574074 | F14: 10 | G14: Propane | H14: 0.762 | I14: 101325 | J14: 350 | K14: 42 | L14: 85 | M14: 4.1 | N14: 250 | O14: 62 | P14: =O14*Reference!$F$42+Reference!$F$43 -> 105.45049 | Q14: =Reference!$L$21 -> 1826.8482 | R14: =Reference!$W$21 -> 0.048845 | S14: =Reference!$P$21 -> 0.0081302788 | T14: =J14*Reference!$L$6 -> 126 | U14: =T14 -> 126 | V14: =T14*Reference!$L$21/(60*10^3) -> 3.8363813 | W14: =V14 -> 3.8363813 | X14: =K14*Reference!$F$10+Reference!$F$11 -> 33.570677 | Y14: =(T14/(PI()/4*((H14/10)^2)*60)) -> 460.48922 | Z14: =X14/(T14/(PI()/4*((H14/10)^2)*60)) -> 0.072902198 | AA14: =(Y14/100)*Reference!$L$21*(H14/1000)/(Reference!$W$21) -> 131.23715 | AB14: =(Y14/100)*Reference!$L$21*(H14/1000)/(Reference!$P$26) -> 340.97227 | AC14: =(Y14/100)*Reference!$L$21*(H14/1000)/(Reference!$P$21) -> 788.44513 | AD14: =AA14/Reference!$R$21 -> 2175.6642 | AE14: =AB14/(Reference!$R$21) -> 5652.6765 | AF14: =V14/(Reference!$R$21) -> 63.599959 | AG14: =Reference!$R$21 -> 0.0603205 | AH14: =P14/H14 -> 138.38648 | AJ14: 10 | AK14: 0.000381 | AL14: 0.10545049 | AM14: 1826.8482 | AN14: 0.048845 | AO14: 0.0081302788 | AP14: 0.33570677 | AQ14: 9.2097845
A15: 52 | B15: 0.4880787 | C15: 0.48913194 | D15: 0.48825231 | F15: 11 | G15: Propane | H15: 0.762 | I15: 101325 | J15: 240 | K15: 29 | L15: 66 | M15: 4.1 | N15: 250 | O15: 192 | P15: =O15*Reference!$F$42+Reference!$F$43 -> 75.584537 | Q15: =Reference!$L$21 -> 1826.8482 | R15: =Reference!$W$21 -> 0.048845 | S15: =Reference!$P$21 -> 0.0081302788 | T15: =J15*Reference!$L$6 -> 86.4 | U15: =T15 -> 86.4 | V15: =T15*Reference!$L$21/(60*10^3) -> 2.6306615 | W15: =V15 -> 2.6306615 | X15: =K15*Reference!$F$10+Reference!$F$11 -> 21.347877 | Y15: =(T15/(PI()/4*((H15/10)^2)*60)) -> 315.76404 | Z15: =X15/(T15/(PI()/4*((H15/10)^2)*60)) -> 0.067607054 | AA15: =(Y15/100)*Reference!$L$21*(H15/1000)/(Reference!$W$21) -> 89.991191 | AB15: =(Y15/100)*Reference!$L$21*(H15/1000)/(Reference!$P$26) -> 233.80956 | AC15: =(Y15/100)*Reference!$L$21*(H15/1000)/(Reference!$P$21) -> 540.64809 | AD15: =AA15/Reference!$R$21 -> 1491.884 | AE15: =AB15/(Reference!$R$21) -> 3876.121 | AF15: =V15/(Reference!$R$21) -> 43.6114 | AG15: =Reference!$R$21 -> 0.0603205 | AH15: =P15/H15 -> 99.192305 | AJ15: 11 | AK15: 0.000381 | AL15: 0.075584537 | AM15: 1826.8482 | AN15: 0.048845 | AO15: 0.0081302788 | AP15: 0.21347877 | AQ15: 6.3152808
A16: 52 | B16: 0.4927662 | C16: 0.49356481 | D16: 0.4928588 | F16: 12 | G16: Propane | H16: 0.762 | I16: 101325 | J16: 206 | K16: 24 | L16: 57 | M16: 4.1 | N16: 50 | O16: 241 | P16: =O16*Reference!$F$42+Reference!$F$43 -> 64.327368 | Q16: =Reference!$L$21 -> 1826.8482 | R16: =Reference!$W$21 -> 0.048845 | S16: =Reference!$P$21 -> 0.0081302788 | T16: =J16*Reference!$L$6 -> 74.16 | U16: =T16 -> 74.16 | V16: =T16*Reference!$L$21/(60*10^3) -> 2.2579844 | W16: =V16 -> 2.2579844 | X16: =K16*Reference!$F$10+Reference!$F$11 -> 16.6468 | Y16: =(T16/(PI()/4*((H16/10)^2)*60)) -> 271.0308 | Z16: =X16/(T16/(PI()/4*((H16/10)^2)*60)) -> 0.061420324 | AA16: =(Y16/100)*Reference!$L$21*(H16/1000)/(Reference!$W$21) -> 77.242439 | AB16: =(Y16/100)*Reference!$L$21*(H16/1000)/(Reference!$P$26) -> 200.68654 | AC16: =(Y16/100)*Reference!$L$21*(H16/1000)/(Reference!$P$21) -> 464.05628 | AD16: =AA16/Reference!$R$21 -> 1280.5338 | AE16: =AB16/(Reference!$R$21) -> 3327.0039 | AF16: =V16/(Reference!$R$21) -> 37.433119 | AG16: =Reference!$R$21 -> 0.0603205 | AH16: =P16/H16 -> 84.419118 | AJ16: 12 | AK16: 0.000381 | AL16: 0.064327368 | AM16: 1826.8482 | AN16: 0.048845 | AO16: 0.0081302788 | AP16: 0.166468 | AQ16: 5.420616
A17: 52 | B17: 0.67644676 | C17: 0.67743056 | D17: 0.67650463 | F17: 13 | G17: 75 % Propylene | H17: 1.6002 | I17: 101325 | J17: 149 | K17: 75 | L17: 139 | M17: 3.05 | N17: 250 | O17: 357 | P17: =O17*Reference!$F$42+Reference!$F$43 -> 37.677745 | Q17: =Reference!$L$23 -> 1597.6015 | R17: =Reference!$W$23 -> 0.049485 | S17: =Reference!$P$23 -> 0.010535336 | T17: =J17*Reference!$L$8 -> 71.659824 | U17: =T17*0.75 -> 53.744868 | V17: =T17*Reference!$L$23/(60*10^3) -> 1.908064 | W17: =U17*Reference!$L$22/(60*1000) -> 1.5616898 | X17: =K17*Reference!$F$10+Reference!$F$11 -> 64.597784 | Y17: =(T17/(PI()/4*((H17/10)^2)*60)) -> 59.386273 | Z17: =X17/(T17/(PI()/4*((H17/10)^2)*60)) -> 1.0877562 | AA17: =(Y17/100)*Reference!$L$23*(H17/1000)/(Reference!$W$20) -> 30.31185 | AB17: =(Y17/100)*Reference!$L$23*(H17/1000)/(Reference!$P$26) -> 80.755282 | AC17: =(Y17/100)*Reference!$L$23*(H17/1000)/(Reference!$P$23) -> 144.10545 | AD17: =AA17/Reference!$R$23 -> 394.77503 | AE17: =AB17/(Reference!$R$23) -> 1051.7395 | AF17: =V17/(Reference!$R$23) -> 24.850217 | AG17: =Reference!$R$23 -> 0.07678259 | AH17: =P17/H17 -> 23.545647 | AJ17: 13 | AK17: 0.0008001 | AL17: 0.037677745 | AM17: 1597.6015 | AN17: 0.049485 | AO17: 0.010535336 | AP17: 0.64597784 | AQ17: 1.1877255
A18: 173 | B18: 0.4428588 | C18: 0.44347222 | D18: 0.44332176 | F18: 14 | G18: 75 % Propylene | H18: 1.6002 | I18: 101325 | J18: 147 | K18: 69 | L18: 139 | M18: 3.24 | N18: 250 | O18: 365 | P18: =O18*Reference!$B$23+Reference!$B$24 -> 35.83984 | Q18: =Reference!$L$23 -> 1597.6015 | R18: =Reference!$W$23 -> 0.049485 | S18: =Reference!$P$23 -> 0.010535336 | T18: =J18*Reference!$L$8 -> 70.697947 | U18: =T18*0.75 -> 53.02346 | V18: =T18*Reference!$L$23/(60*10^3) -> 1.8824524 | W18: =U18*Reference!$L$22/(60*1000) -> 1.5407275 | X18: =K18*Reference!$F$10+Reference!$F$11 -> 58.956492 | Y18: =(T18/(PI()/4*((H18/10)^2)*60)) -> 58.589142 | Z18: =X18/(T18/(PI()/4*((H18/10)^2)*60)) -> 1.0062699 | AA18: =(Y18/100)*Reference!$L$23*(H18/1000)/(Reference!$W$20) -> 29.904979 | AB18: =(Y18/100)*Reference!$L$23*(H18/1000)/(Reference!$P$26) -> 79.671318 | AC18: =(Y18/100)*Reference!$L$23*(H18/1000)/(Reference!$P$23) -> 142.17114 | AD18: =AA18/Reference!$R$23 -> 389.47604 | AE18: =AB18/(Reference!$R$23) -> 1037.6222 | AF18: =V18/(Reference!$R$23) -> 24.516657 | AG18: =Reference!$R$23 -> 0.07678259 | AH18: =P18/H18 -> 22.3971 | AJ18: 14 | AK18: 0.0008001 | AL18: 0.03583984 | AM18: 1597.6015 | AN18: 0.049485 | AO18: 0.010535336 | AP18: 0.58956492 | AQ18: 1.1717828
A19: 52 | B19: Ku LOS | C19: 0.68560185 | D19: 0.68527778 | F19: 15 | G19: 75 % Propylene | H19: 1.6002 | I19: 101325 | J19: 117 | K19: 61 | L19: 119 | M19: 2.9 | N19: 250 | O19: 383 | P19: =O19*Reference!$F$42+Reference!$F$43 -> 31.704553 | Q19: =Reference!$L$23 -> 1597.6015 | R19: =Reference!$W$23 -> 0.049485 | S19: =Reference!$P$23 -> 0.010535336 | T19: =J19*Reference!$L$8 -> 56.269795 | U19: =T19*0.75 -> 42.202346 | V19: =T19*Reference!$L$23/(60*10^3) -> 1.4982784 | W19: =U19*Reference!$L$22/(60*1000) -> 1.2262933 | X19: =K19*Reference!$F$10+Reference!$F$11 -> 51.434769 | Y19: =(T19/(PI()/4*((H19/10)^2)*60)) -> 46.632174 | Z19: =X19/(T19/(PI()/4*((H19/10)^2)*60)) -> 1.1029889 | AA19: =(Y19/100)*Reference!$L$23*(H19/1000)/(Reference!$W$20) -> 23.801922 | AB19: =(Y19/100)*Reference!$L$23*(H19/1000)/(Reference!$P$26) -> 63.411866 | AC19: =(Y19/100)*Reference!$L$23*(H19/1000)/(Reference!$P$23) -> 113.15662 | AD19: =AA19/Reference!$R$23 -> 309.99113 | AE19: =AB19/(Reference!$R$23) -> 825.86255 | AF19: =V19/(Reference!$R$23) -> 19.513257 | AG19: =Reference!$R$23 -> 0.07678259 | AH19: =P19/H19 -> 19.812869 | AJ19: 15 | AK19: 0.0008001 | AL19: 0.031704553 | AM19: 1597.6015 | AN19: 0.049485 | AO19: 0.010535336 | AP19: 0.51434769 | AQ19: 0.93264349
A20: 173 | B20: 0.46402778 | C20: 0.46506944 | D20: 0.46489583 | F20: 16 | G20: 75 % Propylene | H20: 1.6002 | I20: 101325 | J20: 105 | K20: 51 | L20: 98 | M20: 2.29 | N20: 250 | O20: 405 | P20: =O20*Reference!$B$23+Reference!$B$24 -> 26.650314 | Q20: =Reference!$L$23 -> 1597.6015 | R20: =Reference!$W$23 -> 0.049485 | S20: =Reference!$P$23 -> 0.010535336 | T20: =J20*Reference!$L$8 -> 50.498534 | U20: =T20*0.75 -> 37.8739 | V20: =T20*Reference!$L$23/(60*10^3) -> 1.3446089 | W20: =U20*Reference!$L$22/(60*1000) -> 1.1005197 | X20: =K20*Reference!$F$10+Reference!$F$11 -> 42.032615 | Y20: =(T20/(PI()/4*((H20/10)^2)*60)) -> 41.849387 | Z20: =X20/(T20/(PI()/4*((H20/10)^2)*60)) -> 1.0043783 | AA20: =(Y20/100)*Reference!$L$23*(H20/1000)/(Reference!$W$20) -> 21.360699 | AB20: =(Y20/100)*Reference!$L$23*(H20/1000)/(Reference!$P$26) -> 56.908085 | AC20: =(Y20/100)*Reference!$L$23*(H20/1000)/(Reference!$P$23) -> 101.55082 | AD20: =AA20/Reference!$R$23 -> 278.19717 | AE20: =AB20/(Reference!$R$23) -> 741.1587 | AF20: =V20/(Reference!$R$23) -> 17.511898 | AG20: =Reference!$R$23 -> 0.07678259 | AH20: =P20/H20 -> 16.654365 | AJ20: 16 | AK20: 0.0008001 | AL20: 0.026650314 | AM20: 1597.6015 | AN20: 0.049485 | AO20: 0.010535336 | AP20: 0.42032615 | AQ20: 0.83698775
A21: 52 | B21: 0.6821412 | C21: 0.68333333 | D21: 0.68287037 | F21: 17 | G21: 75 % Propylene | H21: 1.6002 | I21: 101325 | J21: 79 | K21: 37 | L21: 81 | M21: 1.66 | N21: 250 | O21: 429 | P21: =O21*Reference!$F$42+Reference!$F$43 -> 21.136599 | Q21: =Reference!$L$23 -> 1597.6015 | R21: =Reference!$W$23 -> 0.049485 | S21: =Reference!$P$23 -> 0.010535336 | T21: =J21*Reference!$L$8 -> 37.994135 | U21: =T21*0.75 -> 28.495601 | V21: =T21*Reference!$L$23/(60*10^3) -> 1.0116581 | W21: =U21*Reference!$L$22/(60*1000) -> 0.82801004 | X21: =K21*Reference!$F$10+Reference!$F$11 -> 28.8696 | Y21: =(T21/(PI()/4*((H21/10)^2)*60)) -> 31.486682 | Z21: =X21/(T21/(PI()/4*((H21/10)^2)*60)) -> 0.91688288 | AA21: =(Y21/100)*Reference!$L$23*(H21/1000)/(Reference!$W$20) -> 16.071383 | AB21: =(Y21/100)*Reference!$L$23*(H21/1000)/(Reference!$P$26) -> 42.816559 | AC21: =(Y21/100)*Reference!$L$23*(H21/1000)/(Reference!$P$23) -> 76.4049 | AD21: =AA21/Reference!$R$23 -> 209.31025 | AE21: =AB21/(Reference!$R$23) -> 557.63369 | AF21: =V21/(Reference!$R$23) -> 13.175618 | AG21: =Reference!$R$23 -> 0.07678259 | AH21: =P21/H21 -> 13.208723 | AJ21: 17 | AK21: 0.0008001 | AL21: 0.021136599 | AM21: 1597.6015 | AN21: 0.049485 | AO21: 0.010535336 | AP21: 0.288696 | AQ21: 0.62973364
A22: 52 | B22: no ku | C22: 0.6741088 | D22: 0.67359954 | F22: 18 | G22: 75 % Propylene | H22: 1.6002 | I22: 101325 | J22: 50 | K22: 20 | L22: 55 | M22: 1.12 | N22: 250 | O22: 458 | P22: =O22*Reference!$F$42+Reference!$F$43 -> 14.474193 | Q22: =Reference!$L$23 -> 1597.6015 | R22: =Reference!$W$23 -> 0.049485 | S22: =Reference!$P$23 -> 0.010535336 | T22: =J22*Reference!$L$8 -> 24.046921 | U22: =T22*0.75 -> 18.035191 | V22: =T22*Reference!$L$23/(60*10^3) -> 0.64028993 | W22: =U22*Reference!$L$22/(60*1000) -> 0.52405698 | X22: =K22*Reference!$F$10+Reference!$F$11 -> 12.885938 | Y22: =(T22/(PI()/4*((H22/10)^2)*60)) -> 19.92828 | Z22: =X22/(T22/(PI()/4*((H22/10)^2)*60)) -> 0.64661568 | AA22: =(Y22/100)*Reference!$L$23*(H22/1000)/(Reference!$W$20) -> 10.171762 | AB22: =(Y22/100)*Reference!$L$23*(H22/1000)/(Reference!$P$26) -> 27.099088 | AC22: =(Y22/100)*Reference!$L$23*(H22/1000)/(Reference!$P$23) -> 48.357532 | AD22: =AA22/Reference!$R$23 -> 132.47484 | AE22: =AB22/(Reference!$R$23) -> 352.93271 | AF22: =V22/(Reference!$R$23) -> 8.3389988 | AG22: =Reference!$R$23 -> 0.07678259 | AH22: =P22/H22 -> 9.0452402 | AJ22: 18 | AK22: 0.0008001 | AL22: 0.014474193 | AM22: 1597.6015 | AN22: 0.049485 | AO22: 0.010535336 | AP22: 0.12885938 | AQ22: 0.39856559
A23: 119 | B23: 0.43630787 | C23: 0.43809028 | D23: 0.43715278 | F23: 19 | G23: 75 % Propylene | H23: 1.6002 | I23: 101325 | J23: 49 | K23: 20 | L23: 79 | M23: 1.18 | N23: ? | O23: 459 | P23: =O23*Reference!$R$42+Reference!$R$43 -> 15.435434 | Q23: =Reference!$L$23 -> 1597.6015 | R23: =Reference!$W$23 -> 0.049485 | S23: =Reference!$P$23 -> 0.010535336 | T23: =J23*Reference!$L$8 -> 23.565982 | U23: =0.75*T23 -> 17.674487 | V23: =T23*Reference!$L$23/(60*10^3) -> 0.62748413 | W23: =U23*Reference!$L$22/(60*1000) -> 0.51357584 | X23: =K23*Reference!$F$10+Reference!$F$11 -> 12.885938 | Y23: =(T23/(PI()/4*((H23/10)^2)*60)) -> 19.529714 | Z23: =X23/(T23/(PI()/4*((H23/10)^2)*60)) -> 0.65981192 | AA23: =(Y23/100)*Reference!$L$23*(H23/1000)/(Reference!$W$20) -> 9.9683264 | AB23: =(Y23/100)*Reference!$L$23*(H23/1000)/(Reference!$P$26) -> 26.557106 | AC23: =(Y23/100)*Reference!$L$23*(H23/1000)/(Reference!$P$23) -> 47.390381 | AD23: =AA23/Reference!$R$23 -> 129.82535 | AE23: =AB23/(Reference!$R$23) -> 345.87406 | AF23: =V23/(Reference!$R$23) -> 8.1722189 | AG23: =Reference!$R$23 -> 0.07678259 | AH23: =P23/H23 -> 9.6459407 | AJ23: 19 | AK23: 0.0008001 | AL23: 0.015435434 | AM23: 1597.6015 | AN23: 0.049485 | AO23: 0.010535336 | AP23: 0.12885938 | AQ23: 0.39059428
A24: 119 | B24: 0.44344907 | C24: 0.44457176 | D24: 0.44366898 | F24: 20 | G24: 75 % Propylene | H24: 1.6002 | I24: 101325 | J24: 72 | K24: 35 | L24: 117 | M24: 1.4 | O24: 431 | P24: =O24*Reference!$R$42+Reference!$R$43 -> 21.704862 | Q24: =Reference!$L$23 -> 1597.6015 | R24: =Reference!$W$23 -> 0.049485 | S24: =Reference!$P$23 -> 0.010535336 | T24: =J24*Reference!$L$8 -> 34.627566 | U24: =0.75*T24 -> 25.970674 | V24: =T24*Reference!$L$23/(60*10^3) -> 0.9220175 | W24: =U24*Reference!$L$22/(60*1000) -> 0.75464206 | X24: =K24*Reference!$F$10+Reference!$F$11 -> 26.989169 | Y24: =(T24/(PI()/4*((H24/10)^2)*60)) -> 28.696723 | Z24: =X24/(T24/(PI()/4*((H24/10)^2)*60)) -> 0.94049655 | AA24: =(Y24/100)*Reference!$L$23*(H24/1000)/(Reference!$W$20) -> 14.647337 | AB24: =(Y24/100)*Reference!$L$23*(H24/1000)/(Reference!$P$26) -> 39.022687 | AC24: =(Y24/100)*Reference!$L$23*(H24/1000)/(Reference!$P$23) -> 69.634846 | AD24: =AA24/Reference!$R$23 -> 190.76378 | AE24: =AB24/(Reference!$R$23) -> 508.22311 | AF24: =V24/(Reference!$R$23) -> 12.008158 | AG24: =Reference!$R$23 -> 0.07678259 | AH24: =P24/H24 -> 13.563843 | AJ24: 20 | AK24: 0.0008001 | AL24: 0.021704862 | AM24: 1597.6015 | AN24: 0.049485 | AO24: 0.010535336 | AP24: 0.26989169 | AQ24: 0.57393445
A25: 136 | B25: 0.66488426 | C25: 0.66622685 | D25: 0.66518519 | F25: 21 | G25: 75 % Propylene | H25: 1.6002 | I25: 101325 | J25: 52 | K25: 24 | L25: 131 | M25: 1.27 | N25: 250 | O25: 451 | P25: =O25*Reference!$F$60+Reference!$F$61 -> 15.608728 | Q25: =Reference!$L$23 -> 1597.6015 | R25: =Reference!$W$23 -> 0.049485 | S25: =Reference!$P$23 -> 0.010535336 | T25: =J25*Reference!$L$8 -> 25.008798 | U25: =0.75*T25 -> 18.756598 | V25: =T25*Reference!$L$23/(60*10^3) -> 0.66590153 | W25: =U25*Reference!$L$22/(60*1000) -> 0.54501926 | X25: =K25*Reference!$F$10+Reference!$F$11 -> 16.6468 | Y25: =(T25/(PI()/4*((H25/10)^2)*60)) -> 20.725411 | Z25: =X25/(T25/(PI()/4*((H25/10)^2)*60)) -> 0.80320722 | AA25: =(Y25/100)*Reference!$L$23*(H25/1000)/(Reference!$W$20) -> 10.578632 | AB25: =(Y25/100)*Reference!$L$23*(H25/1000)/(Reference!$P$26) -> 28.183051 | AC25: =(Y25/100)*Reference!$L$23*(H25/1000)/(Reference!$P$23) -> 50.291833 | AD25: =AA25/Reference!$R$23 -> 137.77384 | AE25: =AB25/(Reference!$R$23) -> 367.05002 | AF25: =V25/(Reference!$R$23) -> 8.6725588 | AG25: =Reference!$R$23 -> 0.07678259 | AH25: =P25/H25 -> 9.7542356 | AJ25: 21 | AK25: 0.0008001 | AL25: 0.015608728 | AM25: 1597.6015 | AN25: 0.049485 | AO25: 0.010535336 | AP25: 0.166468 | AQ25: 0.41450822
A26: 136 | B26: 0.66111111 | C26: 0.66283565 | D26: 0.66222222 | F26: 22 | G26: 75 % Propylene | H26: 1.6002 | I26: 101325 | J26: 61 | K26: 31 | L26: 131 | M26: 1.5 | N26: 250 | O26: 441 | P26: =O26*Reference!$F$60+Reference!$F$61 -> 17.881738 | Q26: =Reference!$L$23 -> 1597.6015 | R26: =Reference!$W$23 -> 0.049485 | S26: =Reference!$P$23 -> 0.010535336 | T26: =J26*Reference!$L$8 -> 29.337243 | U26: =0.75*T26 -> 22.002933 | V26: =T26*Reference!$L$23/(60*10^3) -> 0.78115371 | W26: =U26*Reference!$L$22/(60*1000) -> 0.63934952 | X26: =K26*Reference!$F$10+Reference!$F$11 -> 23.228307 | Y26: =(T26/(PI()/4*((H26/10)^2)*60)) -> 24.312501 | Z26: =X26/(T26/(PI()/4*((H26/10)^2)*60)) -> 0.95540591 | AA26: =(Y26/100)*Reference!$L$23*(H26/1000)/(Reference!$W$20) -> 12.409549 | AB26: =(Y26/100)*Reference!$L$23*(H26/1000)/(Reference!$P$26) -> 33.060887 | AC26: =(Y26/100)*Reference!$L$23*(H26/1000)/(Reference!$P$23) -> 58.996189 | AD26: =AA26/Reference!$R$23 -> 161.61931 | AE26: =AB26/(Reference!$R$23) -> 430.57791 | AF26: =V26/(Reference!$R$23) -> 10.173579 | AG26: =Reference!$R$23 -> 0.07678259 | AH26: =P26/H26 -> 11.17469 | AJ26: 22 | AK26: 0.0008001 | AL26: 0.017881738 | AM26: 1597.6015 | AN26: 0.049485 | AO26: 0.010535336 | AP26: 0.23228307 | AQ26: 0.48625002
A27: 52 | B27: 0.729375 | C27: 0.73003472 | D27: 0.72938657 | F27: 23 | G27: 75 % Propylene | H27: 0.762 | I27: 101325 | J27: 149 | K27: 46 | L27: 97 | M27: 3.4 | O27: 349 | P27: =O27*Reference!$F$42+Reference!$F$43 -> 39.51565 | Q27: =Reference!$L$23 -> 1597.6015 | R27: =Reference!$W$23 -> 0.049485 | S27: =Reference!$P$23 -> 0.010535336 | T27: =J27*Reference!$L$8 -> 71.659824 | U27: =T27*0.75 -> 53.744868 | V27: =T27*Reference!$L$23/(60*10^3) -> 1.908064 | W27: =U27*Reference!$L$22/(60*1000) -> 1.5616898 | X27: =K27*Reference!$F$10+Reference!$F$11 -> 37.331538 | Y27: =(T27/(PI()/4*((H27/10)^2)*60)) -> 261.89347 | Z27: =X27/(T27/(PI()/4*((H27/10)^2)*60)) -> 0.14254475 | AA27: =(Y27/100)*Reference!$L$23*(H27/1000)/(Reference!$W$20) -> 63.654884 | AB27: =(Y27/100)*Reference!$L$23*(H27/1000)/(Reference!$P$26) -> 169.58609 | AC27: =(Y27/100)*Reference!$L$23*(H27/1000)/(Reference!$P$23) -> 302.62143 | AD27: =AA27/Reference!$R$23 -> 829.02757 | AE27: =AB27/(Reference!$R$23) -> 2208.6529 | AF27: =V27/(Reference!$R$23) -> 24.850217 | AG27: =Reference!$R$23 -> 0.07678259 | AH27: =P27/H27 -> 51.857808 | AJ27: 23 | AK27: 0.000381 | AL27: 0.03951565 | AM27: 1597.6015 | AN27: 0.049485 | AO27: 0.010535336 | AP27: 0.37331538 | AQ27: 5.2378693
A28: 136 | B28: 0.72329861 | C28: 0.72488426 | D28: 0.72465278 | F28: 24 | G28: 75 % Propylene | H28: 0.762 | I28: 101325 | J28: 70 | K28: 22 | L28: 134 | M28: 1.54 | N28: 250 | O28: 423 | P28: =O28*Reference!$F$60+Reference!$F$61 -> 21.973157 | Q28: =Reference!$L$23 -> 1597.6015 | R28: =Reference!$W$23 -> 0.049485 | S28: =Reference!$P$23 -> 0.010535336 | T28: =J28*Reference!$L$8 -> 33.665689 | U28: =T28*0.75 -> 25.249267 | V28: =T28*Reference!$L$23/(60*10^3) -> 0.8964059 | W28: =U28*Reference!$L$22/(60*1000) -> 0.73367978 | X28: =K28*Reference!$F$10+Reference!$F$11 -> 14.766369 | Y28: =(T28/(PI()/4*((H28/10)^2)*60)) -> 123.0372 | Z28: =X28/(T28/(PI()/4*((H28/10)^2)*60)) -> 0.12001548 | AA28: =(Y28/100)*Reference!$L$23*(H28/1000)/(Reference!$W$20) -> 29.904979 | AB28: =(Y28/100)*Reference!$L$23*(H28/1000)/(Reference!$P$26) -> 79.671318 | AC28: =(Y28/100)*Reference!$L$23*(H28/1000)/(Reference!$P$23) -> 142.17114 | AD28: =AA28/Reference!$R$23 -> 389.47604 | AE28: =AB28/(Reference!$R$23) -> 1037.6222 | AF28: =V28/(Reference!$R$23) -> 11.674598 | AG28: =Reference!$R$23 -> 0.07678259 | AH28: =P28/H28 -> 28.836164 | AJ28: 24 | AK28: 0.000381 | AL28: 0.021973157 | AM28: 1597.6015 | AN28: 0.049485 | AO28: 0.010535336 | AP28: 0.14766369 | AQ28: 2.460744
A29: 136 | B29: 0.72329861 | C29: 0.72488426 | D29: 0.72351852 | F29: 25 | G29: 75 % Propylene | H29: 0.762 | I29: 101325 | J29: 68 | K29: 22 | L29: 134 | M29: 1.54 | N29: 250 | O29: 431 | P29: =O29*Reference!$F$60+Reference!$F$61 -> 20.154749 | Q29: =Reference!$L$23 -> 1597.6015 | R29: =Reference!$W$23 -> 0.049485 | S29: =Reference!$P$23 -> 0.010535336 | T29: =J29*Reference!$L$8 -> 32.703812 | U29: =T29*0.75 -> 24.527859 | V29: =T29*Reference!$L$23/(60*10^3) -> 0.8707943 | W29: =U29*Reference!$L$22/(60*1000) -> 0.7127175 | X29: =K29*Reference!$F$10+Reference!$F$11 -> 14.766369 | Y29: =(T29/(PI()/4*((H29/10)^2)*60)) -> 119.52185 | Z29: =X29/(T29/(PI()/4*((H29/10)^2)*60)) -> 0.12354535 | AA29: =(Y29/100)*Reference!$L$23*(H29/1000)/(Reference!$W$20) -> 29.050551 | AB29: =(Y29/100)*Reference!$L$23*(H29/1000)/(Reference!$P$26) -> 77.394995 | AC29: =(Y29/100)*Reference!$L$23*(H29/1000)/(Reference!$P$23) -> 138.10911 | AD29: =AA29/Reference!$R$23 -> 378.34815 | AE29: =AB29/(Reference!$R$23) -> 1007.9758 | AF29: =V29/(Reference!$R$23) -> 11.341038 | AG29: =Reference!$R$23 -> 0.07678259 | AH29: =P29/H29 -> 26.449802 | AJ29: 25 | AK29: 0.000381 | AL29: 0.020154749 | AM29: 1597.6015 | AN29: 0.049485 | AO29: 0.010535336 | AP29: 0.14766369 | AQ29: 2.390437
A30: 173 | B30: 0.52741898 | C30: 0.52868056 | D30: 0.52828704 | F30: 26 | G30: 75 % Propylene | H30: 0.762 | I30: 101325 | J30: 156 | K30: 47 | L30: 101 | M30: 3.72 | N30: 250 | O30: 328 | P30: =O30*Reference!$B$78+Reference!$B$79 -> 43.976158 | Q30: =Reference!$L$23 -> 1597.6015 | R30: =Reference!$W$23 -> 0.049485 | S30: =Reference!$P$23 -> 0.010535336 | T30: =J30*Reference!$L$8 -> 75.026393 | U30: =T30*0.75 -> 56.269795 | V30: =T30*Reference!$L$23/(60*10^3) -> 1.9977046 | W30: =U30*Reference!$L$22/(60*1000) -> 1.6350578 | X30: =K30*Reference!$F$10+Reference!$F$11 -> 38.271753 | Y30: =(T30/(PI()/4*((H30/10)^2)*60)) -> 274.19719 | Z30: =X30/(T30/(PI()/4*((H30/10)^2)*60)) -> 0.13957748 | AA30: =(Y30/100)*Reference!$L$23*(H30/1000)/(Reference!$W$20) -> 66.645382 | AB30: =(Y30/100)*Reference!$L$23*(H30/1000)/(Reference!$P$26) -> 177.55322 | AC30: =(Y30/100)*Reference!$L$23*(H30/1000)/(Reference!$P$23) -> 316.83855 | AD30: =AA30/Reference!$R$23 -> 867.97518 | AE30: =AB30/(Reference!$R$23) -> 2312.4151 | AF30: =V30/(Reference!$R$23) -> 26.017676 | AG30: =Reference!$R$23 -> 0.07678259 | AH30: =P30/H30 -> 57.711494 | AJ30: 26 | AK30: 0.000381 | AL30: 0.043976158 | AM30: 1597.6015 | AN30: 0.049485 | AO30: 0.010535336 | AP30: 0.38271753 | AQ30: 5.4839437
A31: 055 | B31: 0.40224537 | C31: 0.4033912 | D31: 0.40292824 | F31: 27 | G31: 50 % Propylene | H31: 1.6002 | I31: 101325 | J31: 205 | K31: 49 | L31: 106 | M31: 3.78 | N31: 250 | O31: 338 | P31: =O31*Reference!$J$42+Reference!$F$43 -> 41.728081 | Q31: =Reference!$L$24 -> 1451.7548 | R31: =Reference!$W$24 -> 0.049136 | S31: =Reference!$P$24 -> 0.012680149 | T31: =J31*Reference!$L$9 -> 119.21986 | U31: =T31*0.5 -> 59.609929 | V31: =T31*Reference!$L$24/(60*10^3) -> 2.8846334 | W31: =U31*Reference!$L$22/(60*1000) -> 1.7321136 | X31: =K31*Reference!$F$10+Reference!$F$11 -> 40.152184 | Y31: =(T31/(PI()/4*((H31/10)^2)*60)) -> 98.800453 | Z31: =X31/(T31/(PI()/4*((H31/10)^2)*60)) -> 0.40639676 | AA31: =(Y31/100)*Reference!$L$24*(H31/1000)/(Reference!$W$24) -> 46.711808 | AB31: =(Y31/100)*Reference!$L$24*(H31/1000)/(Reference!$P$26) -> 122.08678 | AC31: =(Y31/100)*Reference!$L$24*(H31/1000)/(Reference!$P$24) -> 181.00981 | AD31: =AA31/Reference!$R$24 -> 458.7179 | AE31: =AB31/(Reference!$R$24) -> 1198.9129 | AF31: =V31/(Reference!$R$24) -> 28.32759 | AG31: =Reference!$R$24 -> 0.10183123 | AH31: =P31/H31 -> 26.076791 | AJ31: 27 | AK31: 0.0008001 | AL31: 0.041728081 | AM31: 1451.7548 | AN31: 0.049136 | AO31: 0.012680149 | AP31: 0.40152184 | AQ31: 1.9760091
A32: 055 | B32: 0.40016204 | C32: 0.40131944 | D32: 0.40103009 | F32: 28 | G32: 50 % Propylene | H32: 1.6002 | I32: 101325 | J32: 156 | K32: 34 | L32: 81 | M32: 2.78 | N32: 250 | O32: 378 | P32: =O32*Reference!$J$42+Reference!$F$43 -> 32.501315 | Q32: =Reference!$L$24 -> 1451.7548 | R32: =Reference!$W$24 -> 0.049136 | S32: =Reference!$P$24 -> 0.012680149 | T32: =J32*Reference!$L$9 -> 90.723404 | U32: =T32*0.5 -> 45.361702 | V32: =T32*Reference!$L$24/(60*10^3) -> 2.1951356 | W32: =U32*Reference!$L$22/(60*1000) -> 1.3180962 | X32: =K32*Reference!$F$10+Reference!$F$11 -> 26.048953 | Y32: =(T32/(PI()/4*((H32/10)^2)*60)) -> 75.184735 | Z32: =X32/(T32/(PI()/4*((H32/10)^2)*60)) -> 0.34646599 | AA32: =(Y32/100)*Reference!$L$24*(H32/1000)/(Reference!$W$24) -> 35.546546 | AB32: =(Y32/100)*Reference!$L$24*(H32/1000)/(Reference!$P$26) -> 92.905058 | AC32: =(Y32/100)*Reference!$L$24*(H32/1000)/(Reference!$P$24) -> 137.74405 | AD32: =AA32/Reference!$R$24 -> 349.07313 | AE32: =AB32/(Reference!$R$24) -> 912.34348 | AF32: =V32/(Reference!$R$24) -> 21.556605 | AG32: =Reference!$R$24 -> 0.10183123 | AH32: =P32/H32 -> 20.310783 | AJ32: 28 | AK32: 0.0008001 | AL32: 0.032501315 | AM32: 1451.7548 | AN32: 0.049136 | AO32: 0.012680149 | AP32: 0.26048953 | AQ32: 1.5036947
A33: 167 | B33: 0.38902778 | C33: 0.39153935 | D33: 0.39138889 | F33: 29 | G33: 50 % Propylene | H33: 1.6002 | I33: 101325 | J33: 115 | K33: 20 | L33: 55 | M33: 2.16 | N33: 250 | O33: 406 | P33: =O33*Reference!$N$60+Reference!$N$61 -> 26.515626 | Q33: =Reference!$L$24 -> 1451.7548 | R33: =Reference!$W$24 -> 0.049136 | S33: =Reference!$P$24 -> 0.012680149 | T33: =J33*Reference!$L$9 -> 66.879433 | U33: =T33*0.5 -> 33.439716 | V33: =T33*Reference!$L$24/(60*10^3) -> 1.618209 | W33: =U33*Reference!$L$22/(60*1000) -> 0.97167351 | X33: =K33*Reference!$F$10+Reference!$F$11 -> 12.885938 | Y33: =(T33/(PI()/4*((H33/10)^2)*60)) -> 55.424645 | Z33: =X33/(T33/(PI()/4*((H33/10)^2)*60)) -> 0.23249474 | AA33: =(Y33/100)*Reference!$L$24*(H33/1000)/(Reference!$W$24) -> 26.204185 | AB33: =(Y33/100)*Reference!$L$24*(H33/1000)/(Reference!$P$26) -> 68.487703 | AC33: =(Y33/100)*Reference!$L$24*(H33/1000)/(Reference!$P$24) -> 101.54209 | AD33: =AA33/Reference!$R$24 -> 257.32955 | AE33: =AB33/(Reference!$R$24) -> 672.5609 | AF33: =V33/(Reference!$R$24) -> 15.891087 | AG33: =Reference!$R$24 -> 0.10183123 | AH33: =P33/H33 -> 16.570195 | AJ33: 29 | AK33: 0.0008001 | AL33: 0.026515626 | AM33: 1451.7548 | AN33: 0.049136 | AO33: 0.012680149 | AP33: 0.12885938 | AQ33: 1.1084929
A34: 167 | B34: 0.39672454 | C34: 0.39787037 | D34: 0.39777778 | F34: 30 | G34: 50 % Propylene | H34: 1.6002 | I34: 101325 | J34: 155 | K34: 34 | L34: 73 | M34: 2.69 | N34: 250 | O34: 376 | P34: =O34*Reference!$N$60+Reference!$N$61 -> 33.412569 | Q34: =Reference!$L$24 -> 1451.7548 | R34: =Reference!$W$24 -> 0.049136 | S34: =Reference!$P$24 -> 0.012680149 | T34: =J34*Reference!$L$9 -> 90.141844 | U34: =T34*0.5 -> 45.070922 | V34: =T34*Reference!$L$24/(60*10^3) -> 2.1810642 | W34: =U34*Reference!$L$22/(60*1000) -> 1.3096469 | X34: =K34*Reference!$F$10+Reference!$F$11 -> 26.048953 | Y34: =(T34/(PI()/4*((H34/10)^2)*60)) -> 74.702782 | Z34: =X34/(T34/(PI()/4*((H34/10)^2)*60)) -> 0.34870125 | AA34: =(Y34/100)*Reference!$L$24*(H34/1000)/(Reference!$W$24) -> 35.318684 | AB34: =(Y34/100)*Reference!$L$24*(H34/1000)/(Reference!$P$26) -> 92.309513 | AC34: =(Y34/100)*Reference!$L$24*(H34/1000)/(Reference!$P$24) -> 136.86108 | AD34: =AA34/Reference!$R$24 -> 346.83548 | AE34: =AB34/(Reference!$R$24) -> 906.49512 | AF34: =V34/(Reference!$R$24) -> 21.418422 | AG34: =Reference!$R$24 -> 0.10183123 | AH34: =P34/H34 -> 20.880246 | AJ34: 30 | AK34: 0.0008001 | AL34: 0.033412569 | AM34: 1451.7548 | AN34: 0.049136 | AO34: 0.012680149 | AP34: 0.26048953 | AQ34: 1.4940556
A35: 167 | B35: 0.40240741 | C35: 0.40393519 | D35: 0.40346065 | F35: 31 | G35: 50 % Propylene | H35: 1.6002 | I35: 101325 | J35: 207 | K35: 49 | L35: 97 | M35: 3.57 | N35: 250 | O35: 337 | P35: =O35*Reference!$N$60+Reference!$N$61 -> 42.378595 | Q35: =Reference!$L$24 -> 1451.7548 | R35: =Reference!$W$24 -> 0.049136 | S35: =Reference!$P$24 -> 0.012680149 | T35: =J35*Reference!$L$9 -> 120.38298 | U35: =T35*0.5 -> 60.191489 | V35: =T35*Reference!$L$24/(60*10^3) -> 2.9127761 | W35: =U35*Reference!$L$22/(60*1000) -> 1.7490123 | X35: =K35*Reference!$F$10+Reference!$F$11 -> 40.152184 | Y35: =(T35/(PI()/4*((H35/10)^2)*60)) -> 99.76436 | Z35: =X35/(T35/(PI()/4*((H35/10)^2)*60)) -> 0.40247022 | AA35: =(Y35/100)*Reference!$L$24*(H35/1000)/(Reference!$W$24) -> 47.167533 | AB35: =(Y35/100)*Reference!$L$24*(H35/1000)/(Reference!$P$26) -> 123.27787 | AC35: =(Y35/100)*Reference!$L$24*(H35/1000)/(Reference!$P$24) -> 182.77576 | AD35: =AA35/Reference!$R$24 -> 463.19319 | AE35: =AB35/(Reference!$R$24) -> 1210.6096 | AF35: =V35/(Reference!$R$24) -> 28.603957 | AG35: =Reference!$R$24 -> 0.10183123 | AH35: =P35/H35 -> 26.483311 | AJ35: 31 | AK35: 0.0008001 | AL35: 0.042378595 | AM35: 1451.7548 | AN35: 0.049136 | AO35: 0.012680149 | AP35: 0.40152184 | AQ35: 1.9952872
A36: 167 | B36: 0.40615741 | C36: 0.40743056 | D36: 0.40666667 | F36: 32 | G36: 50 % Propylene | H36: 1.6002 | I36: 101325 | J36: 234 | K36: 58 | L36: 110 | M36: 3.77 | N36: 250 | O36: 306 | P36: =O36*Reference!$N$60+Reference!$N$61 -> 49.505436 | Q36: =Reference!$L$24 -> 1451.7548 | R36: =Reference!$W$24 -> 0.049136 | S36: =Reference!$P$24 -> 0.012680149 | T36: =J36*Reference!$L$9 -> 136.08511 | U36: =T36*0.5 -> 68.042553 | V36: =T36*Reference!$L$24/(60*10^3) -> 3.2927034 | W36: =U36*Reference!$L$22/(60*1000) -> 1.9771444 | X36: =K36*Reference!$F$10+Reference!$F$11 -> 48.614123 | Y36: =(T36/(PI()/4*((H36/10)^2)*60)) -> 112.7771 | Z36: =X36/(T36/(PI()/4*((H36/10)^2)*60)) -> 0.43106377 | AA36: =(Y36/100)*Reference!$L$24*(H36/1000)/(Reference!$W$24) -> 53.319819 | AB36: =(Y36/100)*Reference!$L$24*(H36/1000)/(Reference!$P$26) -> 139.35759 | AC36: =(Y36/100)*Reference!$L$24*(H36/1000)/(Reference!$P$24) -> 206.61607 | AD36: =AA36/Reference!$R$24 -> 523.6097 | AE36: =AB36/(Reference!$R$24) -> 1368.5152 | AF36: =V36/(Reference!$R$24) -> 32.334908 | AG36: =Reference!$R$24 -> 0.10183123 | AH36: =P36/H36 -> 30.93703 | AJ36: 32 | AK36: 0.0008001 | AL36: 0.049505436 | AM36: 1451.7548 | AN36: 0.049136 | AO36: 0.012680149 | AP36: 0.48614123 | AQ36: 2.2555421
A37: 055 | B37: 0.37240741 | C37: 0.37398148 | D37: 0.3725463 | F37: 33 | G37: 50 % Propylene | H37: 1.6002 | I37: 101325 | J37: 103 | K37: 18 | L37: 56 | M37: 0.49 | N37: 250 | O37: 423 | P37: =O37*Reference!$J$42+Reference!$F$43 -> 22.121202 | Q37: =Reference!$L$24 -> 1451.7548 | R37: =Reference!$W$24 -> 0.049136 | S37: =Reference!$P$24 -> 0.012680149 | T37: =J37*Reference!$L$9 -> 59.900709 | U37: =T37*0.5 -> 29.950355 | V37: =T37*Reference!$L$24/(60*10^3) -> 1.4493524 | W37: =U37*Reference!$L$22/(60*1000) -> 0.87028149 | X37: =K37*Reference!$F$10+Reference!$F$11 -> 11.005507 | Y37: =(T37/(PI()/4*((H37/10)^2)*60)) -> 49.641203 | Z37: =X37/(T37/(PI()/4*((H37/10)^2)*60)) -> 0.22170106 | AA37: =(Y37/100)*Reference!$L$24*(H37/1000)/(Reference!$W$24) -> 23.469835 | AB37: =(Y37/100)*Reference!$L$24*(H37/1000)/(Reference!$P$26) -> 61.34116 | AC37: =(Y37/100)*Reference!$L$24*(H37/1000)/(Reference!$P$24) -> 90.946392 | AD37: =AA37/Reference!$R$24 -> 230.47777 | AE37: =AB37/(Reference!$R$24) -> 602.38063 | AF37: =V37/(Reference!$R$24) -> 14.232887 | AG37: =Reference!$R$24 -> 0.10183123 | AH37: =P37/H37 -> 13.824023 | AJ37: 33 | AK37: 0.0008001 | AL37: 0.022121202 | AM37: 1451.7548 | AN37: 0.049136 | AO37: 0.012680149 | AP37: 0.11005507 | AQ37: 0.99282407
A38: 058 | B38: 0.41340278 | C38: 0.41423611 | D38: 0.41356481 | F38: 34 | G38: Propylene | H38: 1.6002 | I38: 101325 | J38: 84 | K38: 61 | L38: 139 | M38: 2.08 | N38: 250 | O38: 414 | P38: =O38*Reference!$N$42+Reference!$N$43 -> 25.731628 | Q38: =Reference!$L$22 -> 1743.4481 | R38: =Reference!$W$22 -> 0.04966 | S38: =Reference!$P$22 -> 0.0085879367 | T38: =J38*Reference!$L$7 -> 34.44 | U38: =T38 -> 34.44 | V38: =T38*Reference!$L$22/(60*10^3) -> 1.0007392 | W38: =V38 -> 1.0007392 | X38: =K38*Reference!$F$10+Reference!$F$11 -> 51.434769 | Y38: =(T38/(PI()/4*((H38/10)^2)*60)) -> 28.541282 | Z38: =X38/(T38/(PI()/4*((H38/10)^2)*60)) -> 1.8021184 | AA38: =(Y38/100)*Reference!$L$22*(H38/1000)/(Reference!$W$22) -> 16.034302 | AB38: =(Y38/100)*Reference!$L$22*(H38/1000)/(Reference!$P$26) -> 42.354438 | AC38: =(Y38/100)*Reference!$L$22*(H38/1000)/(Reference!$P$22) -> 92.718828 | AD38: =AA38/Reference!$R$22 -> 251.5895 | AE38: =AB38/(Reference!$R$22) -> 664.57098 | AF38: =V38/(Reference!$R$22) -> 15.702304 | AG38: =Reference!$R$24 -> 0.10183123 | AH38: =P38/H38 -> 16.080257 | AJ38: 34 | AK38: 0.0008001 | AL38: 0.025731628 | AM38: 1743.4481 | AN38: 0.04966 | AO38: 0.0085879367 | AP38: 0.51434769 | AQ38: 0.57082564
A39: 058 | B39: 0.40769676 | C39: 0.40846065 | D39: 0.40797454 | F39: 35 | G39: Propylene | H39: 1.6002 | I39: 101325 | J39: 61 | K39: 42 | L39: 105 | M39: 1.3 | N39: 250 | O39: 441 | P39: =O39*Reference!$N$42+Reference!$N$43 -> 19.63405 | Q39: =Reference!$L$22 -> 1743.4481 | R39: =Reference!$W$22 -> 0.04966 | S39: =Reference!$P$22 -> 0.0085879367 | T39: =J39*Reference!$L$7 -> 25.01 | U39: =T39 -> 25.01 | V39: =T39*Reference!$L$22/(60*10^3) -> 0.72672729 | W39: =V39 -> 0.72672729 | X39: =K39*Reference!$F$10+Reference!$F$11 -> 33.570677 | Y39: =(T39/(PI()/4*((H39/10)^2)*60)) -> 20.726407 | Z39: =X39/(T39/(PI()/4*((H39/10)^2)*60)) -> 1.6197055 | AA39: =(Y39/100)*Reference!$L$22*(H39/1000)/(Reference!$W$22) -> 11.643957 | AB39: =(Y39/100)*Reference!$L$22*(H39/1000)/(Reference!$P$26) -> 30.757389 | AC39: =(Y39/100)*Reference!$L$22*(H39/1000)/(Reference!$P$22) -> 67.33153 | AD39: =AA39/Reference!$R$22 -> 182.7019 | AE39: =AB39/(Reference!$R$22) -> 482.60512 | AF39: =V39/(Reference!$R$22) -> 11.402863 | AG39: =Reference!$R$22 -> 0.063732 | AH39: =P39/H39 -> 12.269748 | AJ39: 35 | AK39: 0.0008001 | AL39: 0.01963405 | AM39: 1743.4481 | AN39: 0.04966 | AO39: 0.0085879367 | AP39: 0.33570677 | AQ39: 0.41452815
A40: 058 | B40: 0.40575231 | C40: 0.4066088 | D40: 0.40603009 | F40: 36 | G40: Propylene | H40: 1.6002 | I40: 101325 | J40: 46 | K40: 30 | L40: 81 | M40: 1.24 | N40: 250 | O40: 458 | P40: =O40*Reference!$N$42+Reference!$N$43 -> 15.794835 | Q40: =Reference!$L$22 -> 1743.4481 | R40: =Reference!$W$22 -> 0.04966 | S40: =Reference!$P$22 -> 0.0085879367 | T40: =J40*Reference!$L$7 -> 18.86 | U40: =T40 -> 18.86 | V40: =T40*Reference!$L$22/(60*10^3) -> 0.54802386 | W40: =V40 -> 0.54802386 | X40: =K40*Reference!$F$10+Reference!$F$11 -> 22.288092 | Y40: =(T40/(PI()/4*((H40/10)^2)*60)) -> 15.62975 | Z40: =X40/(T40/(PI()/4*((H40/10)^2)*60)) -> 1.4260044 | AA40: =(Y40/100)*Reference!$L$22*(H40/1000)/(Reference!$W$22) -> 8.7806891 | AB40: =(Y40/100)*Reference!$L$22*(H40/1000)/(Reference!$P$26) -> 23.194097 | AC40: =(Y40/100)*Reference!$L$22*(H40/1000)/(Reference!$P$22) -> 50.774596 | AD40: =AA40/Reference!$R$22 -> 137.7752 | AE40: =AB40/(Reference!$R$22) -> 363.93173 | AF40: =V40/(Reference!$R$22) -> 8.5988806 | AG40: =Reference!$R$22 -> 0.063732 | AH40: =P40/H40 -> 9.8705378 | AJ40: 36 | AK40: 0.0008001 | AL40: 0.015794835 | AM40: 1743.4481 | AN40: 0.04966 | AO40: 0.0085879367 | AP40: 0.22288092 | AQ40: 0.31259499
A41: 058 | B41: 0.4012963 | C41: 0.40202546 | D41: 0.40146991 | F41: 37 | G41: Propylene | H41: 1.6002 | I41: 101325 | J41: 37 | K41: 16 | L41: 55 | M41: 1 | N41: 250 | O41: 466 | P41: =O41*Reference!$N$42+Reference!$N$43 -> 13.988145 | Q41: =Reference!$L$22 -> 1743.4481 | R41: =Reference!$W$22 -> 0.04966 | S41: =Reference!$P$22 -> 0.0085879367 | T41: =J41*Reference!$L$7 -> 15.17 | U41: =T41 -> 15.17 | V41: =T41*Reference!$L$22/(60*10^3) -> 0.4408018 | W41: =V41 -> 0.4408018 | X41: =K41*Reference!$F$10+Reference!$F$11 -> 9.1250766 | Y41: =(T41/(PI()/4*((H41/10)^2)*60)) -> 12.571755 | Z41: =X41/(T41/(PI()/4*((H41/10)^2)*60)) -> 0.7258395 | AA41: =(Y41/100)*Reference!$L$22*(H41/1000)/(Reference!$W$22) -> 7.0627282 | AB41: =(Y41/100)*Reference!$L$22*(H41/1000)/(Reference!$P$26) -> 18.656121 | AC41: =(Y41/100)*Reference!$L$22*(H41/1000)/(Reference!$P$22) -> 40.840436 | AD41: =AA41/Reference!$R$22 -> 110.81918 | AE41: =AB41/(Reference!$R$22) -> 292.7277 | AF41: =V41/(Reference!$R$22) -> 6.9164909 | AG41: =Reference!$R$22 -> 0.063732 | AH41: =P41/H41 -> 8.7414979 | AJ41: 37 | AK41: 0.0008001 | AL41: 0.013988145 | AM41: 1743.4481 | AN41: 0.04966 | AO41: 0.0085879367 | AP41: 0.091250766 | AQ41: 0.2514351
A42: 174 | B42: 0.44820602 | C42: 0.44905093 | D42: 0.44883102 | F42: 38 | G42: Propylene | H42: 1.6002 | I42: 101325 | J42: 48 | K42: 28 | L42: 72 | M42: 1.44 | N42: 250 | O42: 452 | P42: =O42*Reference!$F$78+Reference!$F$79 -> 15.48678 | Q42: =Reference!$L$22 -> 1743.4481 | R42: =Reference!$W$22 -> 0.04966 | S42: =Reference!$P$22 -> 0.0085879367 | T42: =J42*Reference!$L$7 -> 19.68 | U42: =T42 -> 19.68 | V42: =T42*Reference!$L$22/(60*10^3) -> 0.57185098 | W42: =V42 -> 0.57185098 | X42: =K42*Reference!$F$10+Reference!$F$11 -> 20.407661 | Y42: =(T42/(PI()/4*((H42/10)^2)*60)) -> 16.309304 | Z42: =X42/(T42/(PI()/4*((H42/10)^2)*60)) -> 1.2512895 | AA42: =(Y42/100)*Reference!$L$22*(H42/1000)/(Reference!$W$22) -> 9.1624582 | AB42: =(Y42/100)*Reference!$L$22*(H42/1000)/(Reference!$P$26) -> 24.202536 | AC42: =(Y42/100)*Reference!$L$22*(H42/1000)/(Reference!$P$22) -> 52.982188 | AD42: =AA42/Reference!$R$22 -> 143.76543 | AE42: =AB42/(Reference!$R$22) -> 379.75485 | AF42: =V42/(Reference!$R$22) -> 8.972745 | AG42: =Reference!$R$22 -> 0.063732 | AH42: =P42/H42 -> 9.6780277 | AJ42: 38 | AK42: 0.0008001 | AL42: 0.01548678 | AM42: 1743.4481 | AN42: 0.04966 | AO42: 0.0085879367 | AP42: 0.20407661 | AQ42: 0.32618608
A43: 174 | B43: 0.4503588 | C43: 0.45084491 | D43: 0.45069444 | F43: 39 | G43: Propylene | H43: 1.6002 | I43: 101325 | J43: 33 | K43: 17 | L43: 56 | M43: 1.16 | N43: 250 | O43: 461 | P43: =O43*Reference!$F$78+Reference!$F$79 -> 13.416821 | Q43: =Reference!$L$22 -> 1743.4481 | R43: =Reference!$W$22 -> 0.04966 | S43: =Reference!$P$22 -> 0.0085879367 | T43: =J43*Reference!$L$7 -> 13.53 | U43: =T43 -> 13.53 | V43: =T43*Reference!$L$22/(60*10^3) -> 0.39314755 | W43: =V43 -> 0.39314755 | X43: =K43*Reference!$F$10+Reference!$F$11 -> 10.065292 | Y43: =(T43/(PI()/4*((H43/10)^2)*60)) -> 11.212647 | Z43: =X43/(T43/(PI()/4*((H43/10)^2)*60)) -> 0.89767317 | AA43: =(Y43/100)*Reference!$L$22*(H43/1000)/(Reference!$W$22) -> 6.29919 | AB43: =(Y43/100)*Reference!$L$22*(H43/1000)/(Reference!$P$26) -> 16.639243 | AC43: =(Y43/100)*Reference!$L$22*(H43/1000)/(Reference!$P$22) -> 36.425254 | AD43: =AA43/Reference!$R$22 -> 98.838732 | AE43: =AB43/(Reference!$R$22) -> 261.08146 | AF43: =V43/(Reference!$R$22) -> 6.1687622 | AG43: =Reference!$R$22 -> 0.063732 | AH43: =P43/H43 -> 8.3844649 | AJ43: 39 | AK43: 0.0008001 | AL43: 0.013416821 | AM43: 1743.4481 | AN43: 0.04966 | AO43: 0.0085879367 | AP43: 0.10065292 | AQ43: 0.22425293
A44: 174 | B44: 0.4616088 | C44: 0.42037037 | D44: 0.46225694 | F44: 40 | G44: Propylene | H44: 1.6002 | I44: 101325 | J44: 60 | K44: 38 | L44: 88 | M44: 1.5 | N44: 250 | O44: 443 | P44: =O44*Reference!$F$78+Reference!$F$79 -> 17.556739 | Q44: =Reference!$L$22 -> 1743.4481 | R44: =Reference!$W$22 -> 0.04966 | S44: =Reference!$P$22 -> 0.0085879367 | T44: =J44*Reference!$L$7 -> 24.6 | U44: =T44 -> 24.6 | V44: =T44*Reference!$L$22/(60*10^3) -> 0.71481373 | W44: =V44 -> 0.71481373 | X44: =K44*Reference!$F$10+Reference!$F$11 -> 29.809815 | Y44: =(T44/(PI()/4*((H44/10)^2)*60)) -> 20.38663 | Z44: =X44/(T44/(PI()/4*((H44/10)^2)*60)) -> 1.4622238 | AA44: =(Y44/100)*Reference!$L$22*(H44/1000)/(Reference!$W$22) -> 11.453073 | AB44: =(Y44/100)*Reference!$L$22*(H44/1000)/(Reference!$P$26) -> 30.25317 | AC44: =(Y44/100)*Reference!$L$22*(H44/1000)/(Reference!$P$22) -> 66.227735 | AD44: =AA44/Reference!$R$22 -> 179.70678 | AE44: =AB44/(Reference!$R$22) -> 474.69356 | AF44: =V44/(Reference!$R$22) -> 11.215931 | AG44: =Reference!$R$22 -> 0.063732 | AH44: =P44/H44 -> 10.97159 | AJ44: 40 | AK44: 0.0008001 | AL44: 0.017556739 | AM44: 1743.4481 | AN44: 0.04966 | AO44: 0.0085879367 | AP44: 0.29809815 | AQ44: 0.4077326
A45: 174 | B45: 0.46755787 | C45: 0.46883102 | D45: 0.46813657 | F45: 41 | G45: Propylene | H45: 1.6002 | I45: 101325 | J45: 98 | K45: 67 | L45: 139 | M45: 2.4 | N45: 250 | O45: 404 | P45: =O45*Reference!$F$78+Reference!$F$79 -> 26.526562 | Q45: =Reference!$L$22 -> 1743.4481 | R45: =Reference!$W$22 -> 0.04966 | S45: =Reference!$P$22 -> 0.0085879367 | T45: =J45*Reference!$L$7 -> 40.18 | U45: =T45 -> 40.18 | V45: =T45*Reference!$L$22/(60*10^3) -> 1.1675291 | W45: =V45 -> 1.1675291 | X45: =K45*Reference!$F$10+Reference!$F$11 -> 57.076061 | Y45: =(T45/(PI()/4*((H45/10)^2)*60)) -> 33.298163 | Z45: =X45/(T45/(PI()/4*((H45/10)^2)*60)) -> 1.7140904 | AA45: =(Y45/100)*Reference!$L$22*(H45/1000)/(Reference!$W$22) -> 18.706686 | AB45: =(Y45/100)*Reference!$L$22*(H45/1000)/(Reference!$P$26) -> 49.413511 | AC45: =(Y45/100)*Reference!$L$22*(H45/1000)/(Reference!$P$22) -> 108.17197 | AD45: =AA45/Reference!$R$22 -> 293.52108 | AE45: =AB45/(Reference!$R$22) -> 775.33281 | AF45: =V45/(Reference!$R$22) -> 18.319354 | AG45: =Reference!$R$22 -> 0.063732 | AH45: =P45/H45 -> 16.577029 | AJ45: 41 | AK45: 0.0008001 | AL45: 0.026526562 | AM45: 1743.4481 | AN45: 0.04966 | AO45: 0.0085879367 | AP45: 0.57076061 | AQ45: 0.66596325
A46: 174 | B46: 0.4727662 | C46: 0.47421296 | D46: 0.4740162 | F46: 42 | G46: Propylene | H46: 1.6002 | I46: 101325 | J46: 81 | K46: 56 | L46: 118 | M46: 2.02 | N46: 250 | O46: 419 | P46: =O46*Reference!$F$78+Reference!$F$79 -> 23.07663 | Q46: =Reference!$L$22 -> 1743.4481 | R46: =Reference!$W$22 -> 0.04966 | S46: =Reference!$P$22 -> 0.0085879367 | T46: =J46*Reference!$L$7 -> 33.21 | U46: =T46 -> 33.21 | V46: =T46*Reference!$L$22/(60*10^3) -> 0.96499853 | W46: =V46 -> 0.96499853 | X46: =K46*Reference!$F$10+Reference!$F$11 -> 46.733692 | Y46: =(T46/(PI()/4*((H46/10)^2)*60)) -> 27.521951 | Z46: =X46/(T46/(PI()/4*((H46/10)^2)*60)) -> 1.6980516 | AA46: =(Y46/100)*Reference!$L$22*(H46/1000)/(Reference!$W$22) -> 15.461648 | AB46: =(Y46/100)*Reference!$L$22*(H46/1000)/(Reference!$P$26) -> 40.841779 | AC46: =(Y46/100)*Reference!$L$22*(H46/1000)/(Reference!$P$22) -> 89.407442 | AD46: =AA46/Reference!$R$22 -> 242.60416 | AE46: =AB46/(Reference!$R$22) -> 640.83631 | AF46: =V46/(Reference!$R$22) -> 15.141507 | AG46: =Reference!$R$22 -> 0.063732 | AH46: =P46/H46 -> 14.421091 | AJ46: 42 | AK46: 0.0008001 | AL46: 0.02307663 | AM46: 1743.4481 | AN46: 0.04966 | AO46: 0.0085879367 | AP46: 0.46733692 | AQ46: 0.55043901
A47: 174 | B47: 0.47534722 | C47: 0.47630787 | D47: 0.47605324 | F47: 43 | G47: Propylene | H47: 1.6002 | I47: 101325 | J47: 64 | K47: 49 | L47: 90 | M47: 1.66 | N47: 250 | O47: 435 | P47: =O47*Reference!$F$78+Reference!$F$79 -> 19.396703 | Q47: =Reference!$L$22 -> 1743.4481 | R47: =Reference!$W$22 -> 0.04966 | S47: =Reference!$P$22 -> 0.0085879367 | T47: =J47*Reference!$L$7 -> 26.24 | U47: =T47 -> 26.24 | V47: =T47*Reference!$L$22/(60*10^3) -> 0.76246798 | W47: =V47 -> 0.76246798 | X47: =K47*Reference!$F$10+Reference!$F$11 -> 40.152184 | Y47: =(T47/(PI()/4*((H47/10)^2)*60)) -> 21.745739 | Z47: =X47/(T47/(PI()/4*((H47/10)^2)*60)) -> 1.8464392 | AA47: =(Y47/100)*Reference!$L$22*(H47/1000)/(Reference!$W$22) -> 12.216611 | AB47: =(Y47/100)*Reference!$L$22*(H47/1000)/(Reference!$P$26) -> 32.270048 | AC47: =(Y47/100)*Reference!$L$22*(H47/1000)/(Reference!$P$22) -> 70.642917 | AD47: =AA47/Reference!$R$22 -> 191.68724 | AE47: =AB47/(Reference!$R$22) -> 506.3398 | AF47: =V47/(Reference!$R$22) -> 11.96366 | AG47: =Reference!$R$22 -> 0.063732 | AH47: =P47/H47 -> 12.121424 | AJ47: 43 | AK47: 0.0008001 | AL47: 0.019396703 | AM47: 1743.4481 | AN47: 0.04966 | AO47: 0.0085879367 | AP47: 0.40152184 | AQ47: 0.43491478
A48: 058 | B48: 0.44530093 | C48: 0.44604167 | D48: 0.44543981 | F48: 44 | G48: Propylene | H48: 0.762 | I48: 101325 | J48: 84 | K48: 50 | L48: 139 | M48: 2.13 | N48: 250 | O48: 410 | P48: =O48*Reference!$N$42+Reference!$N$43 -> 26.634973 | Q48: =Reference!$L$22 -> 1743.4481 | R48: =Reference!$W$22 -> 0.04966 | S48: =Reference!$P$22 -> 0.0085879367 | T48: =J48*Reference!$L$7 -> 34.44 | U48: =T48 -> 34.44 | V48: =T48*Reference!$L$22/(60*10^3) -> 1.0007392 | W48: =V48 -> 1.0007392 | X48: =K48*Reference!$F$10+Reference!$F$11 -> 41.0924 | Y48: =(T48/(PI()/4*((H48/10)^2)*60)) -> 125.86705 | Z48: =X48/(T48/(PI()/4*((H48/10)^2)*60)) -> 0.32647463 | AA48: =(Y48/100)*Reference!$L$22*(H48/1000)/(Reference!$W$22) -> 33.672034 | AB48: =(Y48/100)*Reference!$L$22*(H48/1000)/(Reference!$P$26) -> 88.94432 | AC48: =(Y48/100)*Reference!$L$22*(H48/1000)/(Reference!$P$22) -> 194.70954 | AD48: =AA48/Reference!$R$22 -> 528.33795 | AE48: =AB48/(Reference!$R$22) -> 1395.5991 | AF48: =V48/(Reference!$R$22) -> 15.702304 | AG48: =Reference!$R$22 -> 0.063732 | AH48: =P48/H48 -> 34.954032 | AJ48: 44 | AK48: 0.000381 | AL48: 0.026634973 | AM48: 1743.4481 | AN48: 0.04966 | AO48: 0.0085879367 | AP48: 0.410924 | AQ48: 2.5173411
A49: 058 | B49: 0.44188657 | C49: 0.4427662 | D49: 0.44202546 | F49: 45 | G49: Propylene | H49: 0.762 | I49: 101325 | J49: 69 | K49: 37 | L49: 106 | M49: 1.79 | N49: 250 | O49: 427 | P49: =O49*Reference!$N$42+Reference!$N$43 -> 22.795757 | Q49: =Reference!$L$22 -> 1743.4481 | R49: =Reference!$W$22 -> 0.04966 | S49: =Reference!$P$22 -> 0.0085879367 | T49: =J49*Reference!$L$7 -> 28.29 | U49: =T49 -> 28.29 | V49: =T49*Reference!$L$22/(60*10^3) -> 0.82203579 | W49: =V49 -> 0.82203579 | X49: =K49*Reference!$F$10+Reference!$F$11 -> 28.8696 | Y49: =(T49/(PI()/4*((H49/10)^2)*60)) -> 103.39079 | Z49: =X49/(T49/(PI()/4*((H49/10)^2)*60)) -> 0.27922795 | AA49: =(Y49/100)*Reference!$L$22*(H49/1000)/(Reference!$W$22) -> 27.659171 | AB49: =(Y49/100)*Reference!$L$22*(H49/1000)/(Reference!$P$26) -> 73.061405 | AC49: =(Y49/100)*Reference!$L$22*(H49/1000)/(Reference!$P$22) -> 159.93998 | AD49: =AA49/Reference!$R$22 -> 433.99188 | AE49: =AB49/(Reference!$R$22) -> 1146.3849 | AF49: =V49/(Reference!$R$22) -> 12.898321 | AG49: =Reference!$R$22 -> 0.063732 | AH49: =P49/H49 -> 29.915692 | AJ49: 45 | AK49: 0.000381 | AL49: 0.022795757 | AM49: 1743.4481 | AN49: 0.04966 | AO49: 0.0085879367 | AP49: 0.288696 | AQ49: 2.0678159
A50: 058 | B50: 0.53178241 | C50: 0.53216435 | D50: 0.53188657 | F50: 46 | G50: Propylene | H50: 0.762 | I50: 101325 | J50: 64 | K50: 35 | L50: 106 | M50: 1.66 | N50: 250 | O50: 432 | P50: =O50*Reference!$N$42+Reference!$N$43 -> 21.666576 | Q50: =Reference!$L$22 -> 1743.4481 | R50: =Reference!$W$22 -> 0.04966 | S50: =Reference!$P$22 -> 0.0085879367 | T50: =J50*Reference!$L$7 -> 26.24 | U50: =T50 -> 26.24 | V50: =T50*Reference!$L$22/(60*10^3) -> 0.76246798 | W50: =V50 -> 0.76246798 | X50: =K50*Reference!$F$10+Reference!$F$11 -> 26.989169 | Y50: =(T50/(PI()/4*((H50/10)^2)*60)) -> 95.898708 | Z50: =X50/(T50/(PI()/4*((H50/10)^2)*60)) -> 0.28143412 | AA50: =(Y50/100)*Reference!$L$22*(H50/1000)/(Reference!$W$22) -> 25.654883 | AB50: =(Y50/100)*Reference!$L$22*(H50/1000)/(Reference!$P$26) -> 67.767101 | AC50: =(Y50/100)*Reference!$L$22*(H50/1000)/(Reference!$P$22) -> 148.35013 | AD50: =AA50/Reference!$R$22 -> 402.5432 | AE50: =AB50/(Reference!$R$22) -> 1063.3136 | AF50: =V50/(Reference!$R$22) -> 11.96366 | AG50: =Reference!$R$22 -> 0.063732 | AH50: =P50/H50 -> 28.433827 | AJ50: 46 | AK50: 0.000381 | AL50: 0.021666576 | AM50: 1743.4481 | AN50: 0.04966 | AO50: 0.0085879367 | AP50: 0.26989169 | AQ50: 1.9179742
A51: 174 | B51: 0.52361111 | C51: 0.52434028 | D51: 0.52407407 | F51: 47 | G51: Propylene | H51: 0.762 | I51: 101325 | J51: 62 | K51: 32 | L51: 81 | M51: 1.64 | N51: 250 | O51: 424 | P51: =O51*Reference!$F$78+Reference!$F$79 -> 21.926653 | Q51: =Reference!$L$22 -> 1743.4481 | R51: =Reference!$W$22 -> 0.04966 | S51: =Reference!$P$22 -> 0.0085879367 | T51: =J51*Reference!$L$7 -> 25.42 | U51: =T51 -> 25.42 | V51: =T51*Reference!$L$22/(60*10^3) -> 0.73864085 | W51: =V51 -> 0.73864085 | X51: =K51*Reference!$F$10+Reference!$F$11 -> 24.168523 | Y51: =(T51/(PI()/4*((H51/10)^2)*60)) -> 92.901873 | Z51: =X51/(T51/(PI()/4*((H51/10)^2)*60)) -> 0.26015108 | AA51: =(Y51/100)*Reference!$L$22*(H51/1000)/(Reference!$W$22) -> 24.853168 | AB51: =(Y51/100)*Reference!$L$22*(H51/1000)/(Reference!$P$26) -> 65.649379 | AC51: =(Y51/100)*Reference!$L$22*(H51/1000)/(Reference!$P$22) -> 143.71418 | AD51: =AA51/Reference!$R$22 -> 389.96372 | AE51: =AB51/(Reference!$R$22) -> 1030.085 | AF51: =V51/(Reference!$R$22) -> 11.589796 | AG51: =Reference!$R$22 -> 0.063732 | AH51: =P51/H51 -> 28.775135 | AJ51: 47 | AK51: 0.000381 | AL51: 0.021926653 | AM51: 1743.4481 | AN51: 0.04966 | AO51: 0.0085879367 | AP51: 0.24168523 | AQ51: 1.8580375
A52: 174 | B52: 0.52513889 | C52: 0.52506944 | D52: 0.52556713 | F52: 48 | G52: Propylene | H52: 0.762 | I52: 101325 | J52: 44 | K52: 20 | L52: 64 | M52: 1.29 | N52: 250 | O52: 450 | P52: =O52*Reference!$F$78+Reference!$F$79 -> 15.946771 | Q52: =Reference!$L$22 -> 1743.4481 | R52: =Reference!$W$22 -> 0.04966 | S52: =Reference!$P$22 -> 0.0085879367 | T52: =J52*Reference!$L$7 -> 18.04 | U52: =T52 -> 18.04 | V52: =T52*Reference!$L$22/(60*10^3) -> 0.52419673 | W52: =V52 -> 0.52419673 | X52: =K52*Reference!$F$10+Reference!$F$11 -> 12.885938 | Y52: =(T52/(PI()/4*((H52/10)^2)*60)) -> 65.930362 | Z52: =X52/(T52/(PI()/4*((H52/10)^2)*60)) -> 0.19544771 | AA52: =(Y52/100)*Reference!$L$22*(H52/1000)/(Reference!$W$22) -> 17.637732 | AB52: =(Y52/100)*Reference!$L$22*(H52/1000)/(Reference!$P$26) -> 46.589882 | AC52: =(Y52/100)*Reference!$L$22*(H52/1000)/(Reference!$P$22) -> 101.99071 | AD52: =AA52/Reference!$R$22 -> 276.74845 | AE52: =AB52/(Reference!$R$22) -> 731.02808 | AF52: =V52/(Reference!$R$22) -> 8.2250162 | AG52: =Reference!$R$22 -> 0.063732 | AH52: =P52/H52 -> 20.927521 | AJ52: 48 | AK52: 0.000381 | AL52: 0.015946771 | AM52: 1743.4481 | AN52: 0.04966 | AO52: 0.0085879367 | AP52: 0.12885938 | AQ52: 1.3186072
A53: 174 | B53: 0.52989583 | C53: 0.53086806 | D53: 0.53068287 | F53: 49 | G53: Propylene | H53: 0.762 | I53: 101325 | J53: 111 | K53: 60 | L53: 140 | M53: 2.9 | N53: 250 | O53: 381 | P53: =O53*Reference!$F$78+Reference!$F$79 -> 31.816458 | Q53: =Reference!$L$22 -> 1743.4481 | R53: =Reference!$W$22 -> 0.04966 | S53: =Reference!$P$22 -> 0.0085879367 | T53: =J53*Reference!$L$7 -> 45.51 | U53: =T53 -> 45.51 | V53: =T53*Reference!$L$22/(60*10^3) -> 1.3224054 | W53: =V53 -> 1.3224054 | X53: =K53*Reference!$F$10+Reference!$F$11 -> 50.494553 | Y53: =(T53/(PI()/4*((H53/10)^2)*60)) -> 166.32432 | Z53: =X53/(T53/(PI()/4*((H53/10)^2)*60)) -> 0.30359092 | AA53: =(Y53/100)*Reference!$L$22*(H53/1000)/(Reference!$W$22) -> 44.495188 | AB53: =(Y53/100)*Reference!$L$22*(H53/1000)/(Reference!$P$26) -> 117.53357 | AC53: =(Y53/100)*Reference!$L$22*(H53/1000)/(Reference!$P$22) -> 257.29475 | AD53: =AA53/Reference!$R$22 -> 698.16086 | AE53: =AB53/(Reference!$R$22) -> 1844.1845 | AF53: =V53/(Reference!$R$22) -> 20.749473 | AG53: =Reference!$R$22 -> 0.063732 | AH53: =P53/H53 -> 41.753881 | AJ53: 49 | AK53: 0.000381 | AL53: 0.031816458 | AM53: 1743.4481 | AN53: 0.04966 | AO53: 0.0085879367 | AP53: 0.50494553 | AQ53: 3.3264864
A54: 174 | B54: 0.5321412 | C54: 0.53344907 | D54: 0.53306713 | F54: 50 | G54: Propylene | H54: 0.762 | I54: 101325 | J54: 80 | K54: 40 | L54: 102 | M54: 2.23 | N54: 250 | O54: 405 | P54: =O54*Reference!$F$78+Reference!$F$79 -> 26.296567 | Q54: =Reference!$L$22 -> 1743.4481 | R54: =Reference!$W$22 -> 0.04966 | S54: =Reference!$P$22 -> 0.0085879367 | T54: =J54*Reference!$L$7 -> 32.8 | U54: =T54 -> 32.8 | V54: =T54*Reference!$L$22/(60*10^3) -> 0.95308497 | W54: =V54 -> 0.95308497 | X54: =K54*Reference!$F$10+Reference!$F$11 -> 31.690246 | Y54: =(T54/(PI()/4*((H54/10)^2)*60)) -> 119.87339 | Z54: =X54/(T54/(PI()/4*((H54/10)^2)*60)) -> 0.26436432 | AA54: =(Y54/100)*Reference!$L$22*(H54/1000)/(Reference!$W$22) -> 32.068604 | AB54: =(Y54/100)*Reference!$L$22*(H54/1000)/(Reference!$P$26) -> 84.708876 | AC54: =(Y54/100)*Reference!$L$22*(H54/1000)/(Reference!$P$22) -> 185.43766 | AD54: =AA54/Reference!$R$22 -> 503.179 | AE54: =AB54/(Reference!$R$22) -> 1329.142 | AF54: =V54/(Reference!$R$22) -> 14.954575 | AG54: =Reference!$R$22 -> 0.063732 | AH54: =P54/H54 -> 34.50993 | AJ54: 50 | AK54: 0.000381 | AL54: 0.026296567 | AM54: 1743.4481 | AN54: 0.04966 | AO54: 0.0085879367 | AP54: 0.31690246 | AQ54: 2.3974677
A55: 058 | B55: 0.42594907 | C55: 0.42678241 | D55: 0.42612269 | F55: 51 | G55: Propylene | H55: 0.762 | I55: 101325 | J55: 41 | K55: 14 | L55: 56 | M55: 1.08 | N55: 250 | O55: 465 | P55: =O55*Reference!$N$42+Reference!$N$43 -> 14.213981 | Q55: =Reference!$L$22 -> 1743.4481 | R55: =Reference!$W$22 -> 0.04966 | S55: =Reference!$P$22 -> 0.0085879367 | T55: =J55*Reference!$L$7 -> 16.81 | U55: =T55 -> 16.81 | V55: =T55*Reference!$L$22/(60*10^3) -> 0.48845605 | W55: =V55 -> 0.48845605 | X55: =K55*Reference!$F$10+Reference!$F$11 -> 7.2446458 | Y55: =(T55/(PI()/4*((H55/10)^2)*60)) -> 61.43511 | Z55: =X55/(T55/(PI()/4*((H55/10)^2)*60)) -> 0.11792354 | AA55: =(Y55/100)*Reference!$L$22*(H55/1000)/(Reference!$W$22) -> 16.435159 | AB55: =(Y55/100)*Reference!$L$22*(H55/1000)/(Reference!$P$26) -> 43.413299 | AC55: =(Y55/100)*Reference!$L$22*(H55/1000)/(Reference!$P$22) -> 95.036799 | AD55: =AA55/Reference!$R$22 -> 257.87924 | AE55: =AB55/(Reference!$R$22) -> 681.18526 | AF55: =V55/(Reference!$R$22) -> 7.6642196 | AG55: =Reference!$R$22 -> 0.063732 | AH55: =P55/H55 -> 18.653519 | AJ55: 51 | AK55: 0.000381 | AL55: 0.014213981 | AM55: 1743.4481 | AN55: 0.04966 | AO55: 0.0085879367 | AP55: 0.072446458 | AQ55: 1.2287022
A56: 058 | B56: 0.48055556 | C56: 0.48140046 | D56: 0.48071759 | F56: 52 | G56: Propylene | H56: 0.4064 | I56: 101325 | J56: 136 | K56: 35 | L56: 106 | M56: 4.1 | N56: 250 | O56: 292 | P56: =O56*Reference!$N$42+Reference!$N$43 -> 53.283645 | Q56: =Reference!$L$22 -> 1743.4481 | R56: =Reference!$W$22 -> 0.04966 | S56: =Reference!$P$22 -> 0.0085879367 | T56: =J56*Reference!$L$7 -> 55.76 | U56: =T56 -> 55.76 | V56: =T56*Reference!$L$22/(60*10^3) -> 1.6202444 | W56: =V56 -> 1.6202444 | X56: =K56*Reference!$F$10+Reference!$F$11 -> 26.989169 | Y56: =(T56/(PI()/4*((H56/10)^2)*60)) -> 716.43078 | Z56: =X56/(T56/(PI()/4*((H56/10)^2)*60)) -> 0.037671705 | AA56: =(Y56/100)*Reference!$L$22*(H56/1000)/(Reference!$W$22) -> 102.21867 | AB56: =(Y56/100)*Reference!$L$22*(H56/1000)/(Reference!$P$26) -> 270.00954 | AC56: =(Y56/100)*Reference!$L$22*(H56/1000)/(Reference!$P$22) -> 591.08253 | AD56: =AA56/Reference!$R$22 -> 1603.8831 | AE56: =AB56/(Reference!$R$22) -> 4236.64 | AF56: =V56/(Reference!$R$22) -> 25.422777 | AG56: =Reference!$R$22 -> 0.063732 | AH56: =P56/H56 -> 131.11133 | AJ56: 52 | AK56: 0.0002032 | AL56: 0.053283645 | AM56: 1743.4481 | AN56: 0.04966 | AO56: 0.0085879367 | AP56: 0.26989169 | AQ56: 14.328616
A57: 058 | B57: 0.47626157 | C57: 0.47706019 | D57: 0.47670139 | F57: 53 | G57: Propylene | H57: 0.4064 | I57: 101325 | J57: 113 | K57: 22 | L57: 81 | M57: 3.56 | N57: 250 | O57: 320 | P57: =O57*Reference!$N$42+Reference!$N$43 -> 46.960231 | Q57: =Reference!$L$22 -> 1743.4481 | R57: =Reference!$W$22 -> 0.04966 | S57: =Reference!$P$22 -> 0.0085879367 | T57: =J57*Reference!$L$7 -> 46.33 | U57: =T57 -> 46.33 | V57: =T57*Reference!$L$22/(60*10^3) -> 1.3462325 | W57: =V57 -> 1.3462325 | X57: =K57*Reference!$F$10+Reference!$F$11 -> 14.766369 | Y57: =(T57/(PI()/4*((H57/10)^2)*60)) -> 595.26969 | Z57: =X57/(T57/(PI()/4*((H57/10)^2)*60)) -> 0.024806183 | AA57: =(Y57/100)*Reference!$L$22*(H57/1000)/(Reference!$W$22) -> 84.931693 | AB57: =(Y57/100)*Reference!$L$22*(H57/1000)/(Reference!$P$26) -> 224.34616 | AC57: =(Y57/100)*Reference!$L$22*(H57/1000)/(Reference!$P$22) -> 491.12004 | AD57: =AA57/Reference!$R$22 -> 1332.6381 | AE57: =AB57/(Reference!$R$22) -> 3520.1494 | AF57: =V57/(Reference!$R$22) -> 21.123337 | AG57: =Reference!$R$22 -> 0.063732 | AH57: =P57/H57 -> 115.55175 | AJ57: 53 | AK57: 0.0002032 | AL57: 0.046960231 | AM57: 1743.4481 | AN57: 0.04966 | AO57: 0.0085879367 | AP57: 0.14766369 | AQ57: 11.905394
